epoca,erro
0,0.4499705182451004
1,0.34196793054979324
2,0.29612775003835207
3,0.2729544340902401
4,0.26017018258276847
5,0.25956739365197046
6,0.2510853779475265
7,0.2524165551049867
8,0.24233531404407965
9,0.2443994014656798
10,0.23700402483837885
11,0.2377781621160055
12,0.23317014221120674
13,0.2311723185808997
14,0.22698392990376265
15,0.22332978828584432
16,0.22016580358768706
17,0.21601425871722119
18,0.21429398572369054
19,0.20867472523748992
20,0.20742847973011513
21,0.20076869472225256
22,0.1991113468691976
23,0.19353376144533718
24,0.1916542837785994
25,0.18774185294329743
26,0.18607089166744054
27,0.1831975116404453
28,0.18177519727721075
29,0.17939683924182592
30,0.1781201635591191
31,0.17599492421948176
32,0.17479584260921646
33,0.17287591597709628
34,0.1717325706828774
35,0.1700436614151734
36,0.16896237419976062
37,0.16753637538165045
38,0.16654408717300762
39,0.1653890807675453
40,0.16451796491926637
41,0.16360914839752444
42,0.16287509122460544
43,0.16216468849536322
44,0.16155931446173294
45,0.16099473364952765
46,0.16049412084396708
47,0.16003103790818113
48,0.1596086040296953
49,0.15921535600404757
50,0.15884965770097184
51,0.1585059957012928
52,0.1581825326157553
53,0.15787633931478778
54,0.1575861422923356
55,0.15731024129852095
56,0.15704777323512928
57,0.15679764214101385
58,0.15655918811867336
59,0.15633161488912745
60,0.15611435509478067
61,0.15590676912265114
62,0.1557083419640223
63,0.15551852839081687
64,0.155336856853702
65,0.15516285072616773
66,0.15499608215393892
67,0.15483613172288074
68,0.15468261590016852
69,0.15453516589629476
70,0.15439344133500227
71,0.1542571187576976
72,0.15412589815996694
73,0.15399949643182675
74,0.15387765022608324
75,0.1537601119973356
76,0.15364665101163236
77,0.15353705080284727
78,0.15343110926934006
79,0.15332863693648807
80,0.15322945663290036
81,0.15313340223447372
82,0.1530403181735145
83,0.1529500584867463
84,0.1528624862841602
85,0.152777473000407
86,0.1526948978835549
87,0.15261464739044472
88,0.15253661472089597
89,0.1524606993200916
90,0.1523868064662293
91,0.15231484685564883
92,0.1522447362434446
93,0.15217639509443465
94,0.15210974827250728
95,0.15204472474505662
96,0.15198125731550782
97,0.1519192823717761
98,0.1518587396562691
99,0.1517995720509383
100,0.15174172537944527
101,0.1516851482228314
102,0.15162979174912627
103,0.151575609554763
104,0.15152255751753885
105,0.15147059365976445
106,0.15141967802108416
107,0.1513697725400333
108,0.1513208409437603
109,0.15127284864522236
110,0.15122576264731288
111,0.15117955145338102
112,0.1511341849836615
113,0.15108963449717705
114,0.15104587251869875
115,0.15100287277040036
116,0.1509606101078548
117,0.15091906046006537
118,0.1508782007732357
119,0.15083800895801713
120,0.15079846383998277
121,0.15075954511310713
122,0.15072123329603812
123,0.15068350969097283
124,0.1506463563449566
125,0.15060975601344373
126,0.15057369212596586
127,0.15053814875377014
128,0.15050311057929558
129,0.15046856286736868
130,0.15043449143800586
131,0.15040088264072088
132,0.15036772333023987
133,0.15033500084353651
134,0.1503027029781036
135,0.15027081797138522
136,0.15023933448129723
137,0.1502082415677701
138,0.15017752867525264
139,0.1501471856161177
140,0.1501172025549175
141,0.15008756999343761
142,0.15005827875650296
143,0.1500293199784925
144,0.1500006850905212
145,0.14997236580825166
146,0.14994435412029927
147,0.14991664227719784
148,0.14988922278089414
149,0.14986208837474246
150,0.1498352320339709
151,0.14980864695659474
152,0.14978232655475177
153,0.14975626444643736
154,0.14973045444761807
155,0.14970489056470318
156,0.14967956698735616
157,0.1496544780816276
158,0.14962961838339348
159,0.1496049825920828
160,0.1495805655646799
161,0.14955636230998784
162,0.14953236798313896
163,0.14950857788034105
164,0.14948498743384742
165,0.14946159220713887
166,0.14943838789030872
167,0.14941537029563962
168,0.14939253535336397
169,0.14936987910759822
170,0.14934739771244376
171,0.14932508742824568
172,0.14930294461800248
173,0.14928096574391933
174,0.14925914736409895
175,0.1492374861293626
176,0.14921597878019652
177,0.14919462214381704
178,0.14917341313134982
179,0.14915234873511748
180,0.14913142602603133
181,0.14911064215108197
182,0.14908999433092524
183,0.14906947985755833
184,0.14904909609208333
185,0.149028840462553
186,0.14900871046189673
187,0.14898870364592215
188,0.1489688176313898
189,0.14894905009415735
190,0.14892939876739092
191,0.1489098614398403
192,0.14889043595417562
193,0.14887112020538296
194,0.14885191213921634
195,0.148832809750704
196,0.14881381108270658
197,0.14879491422452518
198,0.1487761173105573
199,0.14875741851899904
200,0.14873881607059103
201,0.14872030822740706
202,0.14870189329168365
203,0.14868356960468837
204,0.14866533554562605
205,0.14864718953058154
206,0.1486291300114967
207,0.1486111554751814
208,0.14859326444235638
209,0.14857545546672757
210,0.14855772713408988
211,0.14854007806145997
212,0.14852250689623664
213,0.1485050123153879
214,0.1484875930246637
215,0.1484702477578334
216,0.14845297527594747
217,0.14843577436662128
218,0.1484186438433422
219,0.14840158254479704
220,0.14838458933422102
221,0.14836766309876576
222,0.14835080274888715
223,0.1483340072177514
224,0.14831727546065895
225,0.14830060645448576
226,0.14828399919714114
227,0.1482674527070418
228,0.14825096602260124
229,0.1482345382017342
230,0.14821816832137588
231,0.1482018554770146
232,0.1481855987822386
233,0.14816939736829554
234,0.14815325038366467
235,0.14813715699364147
236,0.14812111637993383
237,0.14810512774026996
238,0.14808919028801704
239,0.14807330325181078
240,0.14805746587519542
241,0.14804167741627344
242,0.14802593714736542
243,0.14801024435467874
244,0.1479945983379861
245,0.14797899841031192
246,0.14796344389762828
247,0.14794793413855825
248,0.14793246848408786
249,0.14791704629728547
250,0.14790166695302864
251,0.1478863298377387
252,0.1478710343491218
253,0.1478557798959172
254,0.14784056589765207
255,0.14782539178440282
256,0.14781025699656236
257,0.14779516098461404
258,0.14778010320891066
259,0.14776508313945977
260,0.14775010025571436
261,0.14773515404636872
262,0.14772024400915987
263,0.14770536965067343
264,0.14769053048615535
265,0.14767572603932733
266,0.14766095584220762
267,0.14764621943493605
268,0.14763151636560337
269,0.147616846190085
270,0.14760220847187863
271,0.1475876027819461
272,0.14757302869855898
273,0.1475584858071481
274,0.1475439737001564
275,0.14752949197689574
276,0.1475150402434071
277,0.14750061811232373
278,0.14748622520273832
279,0.1474718611400727
280,0.14745752555595082
281,0.14744321808807503
282,0.1474289383801049
283,0.14741468608153901
284,0.14740046084759978
285,0.14738626233912053
286,0.14737209022243558
287,0.1473579441692726
288,0.14734382385664768
289,0.14732972896676272
290,0.147315659186905
291,0.1473016142093496
292,0.1472875937312632
293,0.14727359745461086
294,0.1472596250860645
295,0.14724567633691346
296,0.14723175092297724
297,0.1472178485645199
298,0.14720396898616678
299,0.14719011191682274
300,0.1471762770895923
301,0.14716246424170157
302,0.14714867311442198
303,0.14713490345299543
304,0.14712115500656137
305,0.14710742752808526
306,0.14709372077428864
307,0.14708003450558083
308,0.14706636848599192
309,0.1470527224831072
310,0.14703909626800316
311,0.14702548961518486
312,0.14701190230252417
313,0.14699833411120014
314,0.1469847848256399
315,0.14697125423346102
316,0.14695774212541532
317,0.1469442482953335
318,0.14693077254007111
319,0.14691731465945573
320,0.14690387445623496
321,0.14689045173602566
322,0.14687704630726447
323,0.14686365798115872
324,0.1468502865716389
325,0.14683693189531194
326,0.14682359377141532
327,0.14681027202177224
328,0.1467969664707476
329,0.14678367694520494
330,0.1467704032744642
331,0.14675714529026032
332,0.14674390282670263
333,0.14673067572023515
334,0.14671746380959763
335,0.14670426693578714
336,0.14669108494202093
337,0.14667791767369937
338,0.14666476497837014
339,0.14665162670569276
340,0.14663850270740425
341,0.1466253928372847
342,0.14661229695112438
343,0.14659921490669076
344,0.14658614656369667
345,0.14657309178376884
346,0.14656005043041695
347,0.14654702236900333
348,0.14653400746671347
349,0.14652100559252684
350,0.14650801661718815
351,0.1464950404131794
352,0.1464820768546925
353,0.14646912581760202
354,0.14645618717943878
355,0.14644326081936396
356,0.14643034661814325
357,0.14641744445812216
358,0.14640455422320103
359,0.1463916757988113
360,0.1463788090718912
361,0.14636595393086316
362,0.14635311026561035
363,0.14634027796745447
364,0.14632745692913385
365,0.14631464704478148
366,0.1463018482099039
367,0.14628906032136046
368,0.14627628327734243
369,0.1462635169773533
370,0.14625076132218862
371,0.14623801621391677
372,0.1462252815558598
373,0.1462125572525746
374,0.14619984320983448
375,0.1461871393346113
376,0.14617444553505732
377,0.14616176172048786
378,0.14614908780136418
379,0.14613642368927657
380,0.1461237692969276
381,0.1461111245381161
382,0.14609848932772085
383,0.14608586358168496
384,0.1460732472170004
385,0.14606064015169282
386,0.14604804230480636
387,0.14603545359638925
388,0.14602287394747915
389,0.14601030328008902
390,0.14599774151719302
391,0.14598518858271306
392,0.14597264440150495
393,0.14596010889934535
394,0.14594758200291863
395,0.14593506363980402
396,0.14592255373846297
397,0.1459100522282268
398,0.14589755903928447
399,0.1458850741026705
400,0.1458725973502532
401,0.1458601287147231
402,0.14584766812958144
403,0.14583521552912893
404,0.14582277084845482
405,0.14581033402342597
406,0.14579790499067596
407,0.1457854836875948
408,0.1457730700523186
409,0.14576066402371912
410,0.1457482655413941
411,0.14573587454565706
412,0.1457234909775278
413,0.14571111477872284
414,0.14569874589164603
415,0.14568638425937924
416,0.14567402982567323
417,0.14566168253493894
418,0.14564934233223842
419,0.1456370091632763
420,0.14562468297439118
421,0.14561236371254743
422,0.14560005132532658
423,0.14558774576091957
424,0.14557544696811847
425,0.1455631548963089
426,0.14555086949546178
427,0.14553859071612624
428,0.14552631850942188
429,0.14551405282703125
430,0.1455017936211928
431,0.14548954084469354
432,0.14547729445086213
433,0.14546505439356183
434,0.14545282062718368
435,0.1454405931066398
436,0.14542837178735676
437,0.14541615662526905
438,0.14540394757681266
439,0.14539174459891868
440,0.1453795476490072
441,0.14536735668498113
442,0.14535517166522005
443,0.1453429925485745
444,0.14533081929435981
445,0.1453186518623507
446,0.1453064902127752
447,0.14529433430630934
448,0.14528218410407162
449,0.14527003956761744
450,0.1452579006589339
451,0.14524576734043437
452,0.14523363957495355
453,0.14522151732574207
454,0.14520940055646175
455,0.14519728923118036
456,0.14518518331436708
457,0.14517308277088725
458,0.14516098756599807
459,0.14514889766534367
460,0.14513681303495052
461,0.14512473364122302
462,0.14511265945093904
463,0.14510059043124535
464,0.14508852654965337
465,0.1450764677740351
466,0.14506441407261855
467,0.14505236541398386
468,0.14504032176705922
469,0.14502828310111657
470,0.14501624938576796
471,0.1450042205909615
472,0.14499219668697746
473,0.14498017764442456
474,0.14496816343423619
475,0.14495615402766668
476,0.1449441493962877
477,0.1449321495119848
478,0.14492015434695357
479,0.14490816387369646
480,0.14489617806501917
481,0.14488419689402743
482,0.14487222033412342
483,0.14486024835900266
484,0.1448482809426508
485,0.14483631805934016
486,0.14482435968362697
487,0.1448124057903479
488,0.14480045635461722
489,0.1447885113518236
490,0.14477657075762734
491,0.14476463454795727
492,0.14475270269900783
493,0.14474077518723638
494,0.14472885198936014
495,0.14471693308235367
496,0.14470501844344585
497,0.14469310805011748
498,0.1446812018800982
499,0.14466929991136435
500,0.144657402122136
501,0.14464550849087435
502,0.1446336189962796
503,0.14462173361728803
504,0.14460985233306978
505,0.14459797512302622
506,0.14458610196678784
507,0.14457423284421153
508,0.1445623677353785
509,0.144550506620592
510,0.14453864948037468
511,0.1445267962954668
512,0.14451494704682372
513,0.14450310171561384
514,0.1444912602832163
515,0.144479422731219
516,0.1444675890414164
517,0.14445575919580747
518,0.1444439331765936
519,0.14443211096617664
520,0.14442029254715674
521,0.14440847790233063
522,0.14439666701468934
523,0.14438485986741656
524,0.14437305644388654
525,0.14436125672766226
526,0.14434946070249363
527,0.14433766835231554
528,0.1443258796612461
529,0.14431409461358488
530,0.14430231319381104
531,0.14429053538658168
532,0.14427876117673
533,0.14426699054926362
534,0.144255223489363
535,0.14424345998237953
536,0.14423170001383415
537,0.1442199435694154
538,0.14420819063497817
539,0.1441964411965418
540,0.1441846952402885
541,0.14417295275256214
542,0.14416121371986623
543,0.14414947812886264
544,0.1441377459663702
545,0.14412601721936286
546,0.14411429187496855
547,0.1441025699204675
548,0.1440908513432908
549,0.14407913613101925
550,0.14406742427138142
551,0.1440557157522528
552,0.14404401056165397
553,0.1440323086877495
554,0.1440206101188465
555,0.14400891484339323
556,0.14399722284997782
557,0.1439855341273269
558,0.1439738486643044
559,0.14396216644991014
560,0.1439504874732786
561,0.14393881172367762
562,0.1439271391905072
563,0.14391546986329823
564,0.1439038037317112
565,0.1438921407855351
566,0.14388048101468606
567,0.14386882440920634
568,0.14385717095926293
569,0.14384552065514655
570,0.14383387348727034
571,0.1438222294461689
572,0.14381058852249695
573,0.1437989507070283
574,0.14378731599065472
575,0.14377568436438476
576,0.14376405581934276
577,0.14375243034676766
578,0.14374080793801197
579,0.14372918858454062
580,0.14371757227793006
581,0.14370595900986696
582,0.14369434877214746
583,0.14368274155667582
584,0.1436711373554636
585,0.14365953616062865
586,0.1436479379643939
587,0.1436363427590866
588,0.14362475053713708
589,0.14361316129107798
590,0.14360157501354323
591,0.14358999169726686
592,0.14357841133508234
593,0.14356683391992148
594,0.14355525944481337
595,0.1435436879028837
596,0.1435321192873536
597,0.1435205535915388
598,0.14350899080884877
599,0.1434974309327856
600,0.14348587395694332
601,0.14347431987500694
602,0.1434627686807515
603,0.1434512203680412
604,0.1434396749308286
605,0.14342813236315355
606,0.14341659265914256
607,0.14340505581300786
608,0.14339352181904647
609,0.1433819906716394
610,0.1433704623652508
611,0.14335893689442727
612,0.1433474142537967
613,0.14333589443806782
614,0.1433243774420291
615,0.14331286326054807
616,0.14330135188857054
617,0.14328984332111971
618,0.14327833755329542
619,0.14326683458027334
620,0.14325533439730428
621,0.14324383699971324
622,0.1432323423828988
623,0.14322085054233225
624,0.14320936147355695
625,0.14319787517218738
626,0.1431863916339085
627,0.14317491085447515
628,0.14316343282971095
629,0.14315195755550794
630,0.14314048502782564
631,0.14312901524269034
632,0.14311754819619446
633,0.14310608388449575
634,0.1430946223038166
635,0.1430831634504434
636,0.14307170732072574
637,0.14306025391107582
638,0.14304880321796762
639,0.1430373552379364
640,0.14302590996757777
641,0.1430144674035473
642,0.1430030275425597
643,0.142991590381388
644,0.14298015591686325
645,0.14296872414587353
646,0.14295729506536342
647,0.14294586867233347
648,0.14293444496383934
649,0.1429230239369913
650,0.14291160558895355
651,0.14290018991694362
652,0.1428887769182317
653,0.14287736659014005
654,0.1428659589300424
655,0.14285455393536323
656,0.14284315160357738
657,0.14283175193220918
658,0.1428203549188321
659,0.14280896056106793
660,0.14279756885658637
661,0.14278617980310435
662,0.14277479339838547
663,0.14276340964023948
664,0.14275202852652158
665,0.14274065005513192
666,0.14272927422401513
667,0.1427179010311596
668,0.14270653047459703
669,0.14269516255240175
670,0.14268379726269045
671,0.14267243460362128
672,0.14266107457339366
673,0.14264971717024746
674,0.14263836239246255
675,0.14262701023835847
676,0.1426156607062936
677,0.14260431379466487
678,0.1425929695019072
679,0.14258162782649286
680,0.14257028876693123
681,0.14255895232176802
682,0.14254761848958486
683,0.142536287268999
684,0.14252495865866258
685,0.14251363265726222
686,0.14250230926351865
687,0.14249098847618602
688,0.1424796702940516
689,0.14246835471593536
690,0.1424570417406893
691,0.14244573136719715
692,0.14243442359437394
693,0.14242311842116542
694,0.14241181584654766
695,0.1424005158695267
696,0.142389218489138
697,0.14237792370444607
698,0.14236663151454404
699,0.14235534191855323
700,0.14234405491562263
701,0.1423327705049287
702,0.14232148868567476
703,0.14231020945709066
704,0.1422989328184324
705,0.14228765876898164
706,0.1422763873080454
707,0.14226511843495568
708,0.14225385214906894
709,0.1422425884497659
710,0.14223132733645094
711,0.1422200688085519
712,0.1422088128655197
713,0.14219755950682791
714,0.1421863087319723
715,0.1421750605404707
716,0.14216381493186248
717,0.14215257190570818
718,0.1421413314615894
719,0.1421300935991081
720,0.14211885831788654
721,0.14210762561756676
722,0.14209639549781042
723,0.14208516795829831
724,0.14207394299873013
725,0.14206272061882413
726,0.14205150081831683
727,0.14204028359696258
728,0.1420290689545334
729,0.1420178568908186
730,0.14200664740562455
731,0.14199544049877422
732,0.14198423617010703
733,0.14197303441947853
734,0.14196183524676018
735,0.14195063865183877
736,0.14193944463461652
737,0.14192825319501057
738,0.1419170643329528
739,0.14190587804838953
740,0.1418946943412812
741,0.14188351321160222
742,0.1418723346593406
743,0.14186115868449778
744,0.14184998528708834
745,0.14183881446713967
746,0.14182764622469193
747,0.14181648055979756
748,0.14180531747252126
749,0.1417941569629396
750,0.1417829990311408
751,0.14177184367722467
752,0.1417606909013021
753,0.1417495407034951
754,0.14173839308393643
755,0.14172724804276943
756,0.14171610558014783
757,0.14170496569623536
758,0.14169382839120595
759,0.14168269366524305
760,0.14167156151853974
761,0.14166043195129843
762,0.14164930496373063
763,0.14163818055605681
764,0.14162705872850626
765,0.14161593948131676
766,0.14160482281473452
767,0.141593708729014
768,0.1415825972244176
769,0.14157148830121558
770,0.14156038195968598
771,0.14154927820011423
772,0.1415381770227932
773,0.14152707842802287
774,0.14151598241611027
775,0.1415048889873693
776,0.1414937981421205
777,0.14148270988069106
778,0.1414716242034145
779,0.14146054111063056
780,0.14144946060268512
781,0.14143838267993003
782,0.14142730734272296
783,0.14141623459142724
784,0.14140516442641166
785,0.14139409684805057
786,0.14138303185672352
787,0.1413719694528151
788,0.14136090963671513
789,0.14134985240881817
790,0.14133879776952357
791,0.14132774571923537
792,0.14131669625836213
793,0.14130564938731677
794,0.1412946051065166
795,0.14128356341638298
796,0.14127252431734155
797,0.14126148780982173
798,0.1412504538942569
799,0.14123942257108416
800,0.1412283938407443
801,0.14121736770368165
802,0.14120634416034403
803,0.14119532321118256
804,0.14118430485665165
805,0.14117328909720894
806,0.14116227593331512
807,0.14115126536543385
808,0.14114025739403172
809,0.14112925201957813
810,0.1411182492425453
811,0.14110724906340796
812,0.14109625148264351
813,0.14108525650073192
814,0.14107426411815543
815,0.14106327433539873
816,0.14105228715294876
817,0.14104130257129457
818,0.14103032059092752
819,0.14101934121234086
820,0.1410083644360299
821,0.14099739026249195
822,0.140986418692226
823,0.140975449725733
824,0.14096448336351552
825,0.14095351960607794
826,0.14094255845392606
827,0.1409315999075674
828,0.14092064396751092
829,0.140909690634267
830,0.1408987399083474
831,0.1408877917902653
832,0.14087684628053507
833,0.14086590337967234
834,0.1408549630881939
835,0.14084402540661772
836,0.14083309033546285
837,0.14082215787524932
838,0.14081122802649818
839,0.1408003007897315
840,0.1407893761654721
841,0.14077845415424384
842,0.14076753475657133
843,0.1407566179729799
844,0.14074570380399568
845,0.1407347922501455
846,0.1407238833119569
847,0.14071297698995802
848,0.14070207328467751
849,0.14069117219664473
850,0.14068027372638947
851,0.14066937787444203
852,0.1406584846413332
853,0.1406475940275942
854,0.14063670603375664
855,0.14062582066035245
856,0.14061493790791404
857,0.14060405777697396
858,0.14059318026806522
859,0.14058230538172095
860,0.1405714331184746
861,0.1405605634788598
862,0.1405496964634104
863,0.14053883207266035
864,0.1405279703071438
865,0.14051711116739501
866,0.14050625465394828
867,0.14049540076733807
868,0.1404845495080988
869,0.14047370087676503
870,0.1404628548738712
871,0.1404520114999519
872,0.14044117075554158
873,0.1404303326411747
874,0.14041949715738564
875,0.14040866430470872
876,0.14039783408367817
877,0.14038700649482816
878,0.14037618153869263
879,0.14036535921580548
880,0.14035453952670043
881,0.140343722471911
882,0.14033290805197057
883,0.14032209626741238
884,0.14031128711876936
885,0.14030048060657432
886,0.1402896767313598
887,0.14027887549365806
888,0.14026807689400123
889,0.14025728093292106
890,0.14024648761094913
891,0.14023569692861668
892,0.14022490888645464
893,0.14021412348499368
894,0.14020334072476426
895,0.1401925606062963
896,0.14018178313011967
897,0.14017100829676366
898,0.1401602361067574
899,0.1401494665606296
900,0.14013869965890857
901,0.14012793540212234
902,0.14011717379079863
903,0.14010641482546468
904,0.14009565850664732
905,0.14008490483487313
906,0.1400741538106682
907,0.14006340543455834
908,0.14005265970706882
909,0.1400419166287246
910,0.1400311762000502
911,0.14002043842156978
912,0.14000970329380694
913,0.13999897081728505
914,0.13998824099252694
915,0.13997751382005505
916,0.1399667893003914
917,0.13995606743405747
918,0.1399453482215745
919,0.13993463166346312
920,0.1399239177602436
921,0.13991320651243574
922,0.1399024979205589
923,0.13989179198513196
924,0.1398810887066734
925,0.1398703880857012
926,0.13985969012273294
927,0.1398489948182856
928,0.13983830217287593
929,0.13982761218702
930,0.13981692486123354
931,0.13980624019603177
932,0.13979555819192946
933,0.13978487884944088
934,0.13977420216907985
935,0.13976352815135973
936,0.13975285679679342
937,0.13974218810589328
938,0.13973152207917128
939,0.13972085871713885
940,0.13971019802030696
941,0.13969953998918613
942,0.13968888462428633
943,0.13967823192611714
944,0.1396675818951876
945,0.1396569345320063
946,0.13964628983708136
947,0.1396356478109203
948,0.1396250084540303
949,0.13961437176691802
950,0.1396037377500896
951,0.13959310640405065
952,0.1395824777293064
953,0.13957185172636158
954,0.1395612283957203
955,0.13955060773788636
956,0.13953998975336293
957,0.13952937444265276
958,0.13951876180625808
959,0.13950815184468066
960,0.1394975445584217
961,0.13948693994798197
962,0.1394763380138618
963,0.13946573875656088
964,0.1394551421765785
965,0.13944454827441344
966,0.13943395705056394
967,0.13942336850552778
968,0.1394127826398022
969,0.13940219945388396
970,0.13939161894826943
971,0.13938104112345417
972,0.13937046597993355
973,0.13935989351820227
974,0.13934932373875455
975,0.13933875664208406
976,0.13932819222868406
977,0.13931763049904722
978,0.13930707145366564
979,0.13929651509303098
980,0.13928596141763444
981,0.1392754104279665
982,0.1392648621245173
983,0.1392543165077764
984,0.13924377357823275
985,0.13923323333637486
986,0.13922269578269073
987,0.13921216091766764
988,0.1392016287417926
989,0.13919109925555181
990,0.13918057245943113
991,0.1391700483539158
992,0.1391595269394904
993,0.1391490082166392
994,0.13913849218584565
995,0.1391279788475928
996,0.1391174682023631
997,0.13910696025063837
998,0.1390964549929
999,0.1390859524296286
1000,0.1390754525613044
1001,0.13906495538840696
1002,0.1390544609114152
1003,0.13904396913080755
1004,0.13903348004706179
1005,0.13902299366065513
1006,0.13901250997206405
1007,0.1390020289817646
1008,0.13899155069023214
1009,0.13898107509794136
1010,0.13897060220536644
1011,0.1389601320129808
1012,0.13894966452125734
1013,0.13893919973066823
1014,0.13892873764168504
1015,0.1389182782547787
1016,0.13890782157041942
1017,0.13889736758907678
1018,0.1388869163112198
1019,0.13887646773731663
1020,0.1388660218678349
1021,0.13885557870324142
1022,0.1388451382440024
1023,0.13883470049058336
1024,0.13882426544344903
1025,0.1388138331030635
1026,0.13880340346989006
1027,0.13879297654439132
1028,0.1387825523270292
1029,0.1387721308182648
1030,0.13876171201855853
1031,0.13875129592836993
1032,0.13874088254815792
1033,0.13873047187838056
1034,0.13872006391949512
1035,0.13870965867195814
1036,0.13869925613622525
1037,0.13868885631275144
1038,0.1386784592019907
1039,0.13866806480439633
1040,0.13865767312042074
1041,0.13864728415051553
1042,0.13863689789513134
1043,0.1386265143547181
1044,0.13861613352972477
1045,0.1386057554205995
1046,0.13859538002778943
1047,0.13858500735174092
1048,0.1385746373928994
1049,0.13856427015170933
1050,0.13855390562861425
1051,0.1385435438240568
1052,0.1385331847384786
1053,0.13852282837232038
1054,0.1385124747260219
1055,0.13850212380002186
1056,0.138491775594758
1057,0.13848143011066708
1058,0.13847108734818486
1059,0.138460747307746
1060,0.13845040998978417
1061,0.138440075394732
1062,0.13842974352302095
1063,0.13841941437508162
1064,0.1384090879513433
1065,0.1383987642522343
1066,0.13838844327818176
1067,0.13837812502961178
1068,0.13836780950694927
1069,0.13835749671061798
1070,0.13834718664104045
1071,0.13833687929863825
1072,0.13832657468383153
1073,0.13831627279703934
1074,0.1383059736386795
1075,0.13829567720916866
1076,0.13828538350892217
1077,0.1382750925383541
1078,0.13826480429787735
1079,0.13825451878790346
1080,0.1382442360088427
1081,0.13823395596110405
1082,0.13822367864509513
1083,0.1382134040612223
1084,0.13820313220989042
1085,0.13819286309150317
1086,0.13818259670646274
1087,0.13817233305516993
1088,0.13816207213802417
1089,0.13815181395542347
1090,0.13814155850776438
1091,0.13813130579544194
1092,0.1381210558188499
1093,0.13811080857838032
1094,0.1381005640744239
1095,0.1380903223073698
1096,0.13808008327760563
1097,0.13806984698551744
1098,0.1380596134314898
1099,0.13804938261590566
1100,0.1380391545391463
1101,0.1380289292015916
1102,0.13801870660361956
1103,0.13800848674560678
1104,0.1379982696279281
1105,0.1379880552509567
1106,0.13797784361506402
1107,0.13796763472061996
1108,0.13795742856799253
1109,0.13794722515754812
1110,0.13793702448965128
1111,0.13792682656466498
1112,0.13791663138295018
1113,0.1379064389448662
1114,0.13789624925077043
1115,0.1378860623010186
1116,0.1378758780959644
1117,0.1378656966359598
1118,0.13785551792135484
1119,0.13784534195249765
1120,0.13783516872973448
1121,0.13782499825340966
1122,0.13781483052386548
1123,0.1378046655414424
1124,0.13779450330647885
1125,0.13778434381931126
1126,0.13777418708027406
1127,0.1377640330896996
1128,0.13775388184791823
1129,0.13774373335525822
1130,0.13773358761204585
1131,0.13772344461860514
1132,0.13771330437525814
1133,0.1377031668823247
1134,0.13769303214012252
1135,0.1376829001489672
1136,0.13767277090917207
1137,0.13766264442104834
1138,0.13765252068490497
1139,0.1376423997010487
1140,0.13763228146978396
1141,0.13762216599141305
1142,0.13761205326623588
1143,0.13760194329455008
1144,0.137591836076651
1145,0.13758173161283158
1146,0.13757162990338256
1147,0.13756153094859216
1148,0.1375514347487463
1149,0.13754134130412843
1150,0.1375312506150197
1151,0.13752116268169873
1152,0.1375110775044417
1153,0.1375009950835224
1154,0.13749091541921205
1155,0.1374808385117794
1156,0.13747076436149072
1157,0.1374606929686097
1158,0.13745062433339747
1159,0.13744055845611267
1160,0.13743049533701132
1161,0.13742043497634682
1162,0.13741037737436995
1163,0.13740032253132892
1164,0.13739027044746924
1165,0.1373802211230338
1166,0.13737017455826278
1167,0.13736013075339368
1168,0.13735008970866128
1169,0.13734005142429764
1170,0.1373300159005321
1171,0.13731998313759122
1172,0.13730995313569877
1173,0.1372999258950758
1174,0.13728990141594052
1175,0.13727987969850827
1176,0.1372698607429916
1177,0.13725984454960025
1178,0.13724983111854105
1179,0.13723982045001795
1180,0.13722981254423205
1181,0.13721980740138146
1182,0.13720980502166147
1183,0.13719980540526436
1184,0.13718980855237947
1185,0.1371798144631932
1186,0.13716982313788895
1187,0.13715983457664707
1188,0.13714984877964503
1189,0.13713986574705722
1190,0.1371298854790549
1191,0.13711990797580642
1192,0.13710993323747694
1193,0.13709996126422871
1194,0.1370899920562207
1195,0.13708002561360885
1196,0.13707006193654603
1197,0.13706010102518196
1198,0.1370501428796632
1199,0.13704018750013305
1200,0.13703023488673188
1201,0.13702028503959662
1202,0.13701033795886125
1203,0.13700039364465633
1204,0.1369904520971093
1205,0.1369805133163444
1206,0.13697057730248255
1207,0.13696064405564148
1208,0.13695071357593563
1209,0.1369407858634762
1210,0.13693086091837092
1211,0.13692093874072453
1212,0.13691101933063818
1213,0.13690110268820987
1214,0.13689118881353418
1215,0.13688127770670241
1216,0.13687136936780248
1217,0.13686146379691885
1218,0.1368515609941328
1219,0.13684166095952205
1220,0.13683176369316102
1221,0.13682186919512074
1222,0.13681197746546872
1223,0.1368020885042692
1224,0.13679220231158282
1225,0.13678231888746692
1226,0.13677243823197535
1227,0.1367625603451585
1228,0.1367526852270632
1229,0.136742812877733
1230,0.13673294329720773
1231,0.13672307648552398
1232,0.13671321244271464
1233,0.1367033511688092
1234,0.13669349266383363
1235,0.13668363692781027
1236,0.1366737839607581
1237,0.13666393376269242
1238,0.1366540863336251
1239,0.13664424167356437
1240,0.136634399782515
1241,0.13662456066047807
1242,0.1366147243074512
1243,0.13660489072342832
1244,0.1365950599084
1245,0.136585231862353
1246,0.1365754065852706
1247,0.13656558407713243
1248,0.13655576433791458
1249,0.13654594736758946
1250,0.13653613316612592
1251,0.13652632173348922
1252,0.13651651306964097
1253,0.13650670717453908
1254,0.13649690404813797
1255,0.13648710369038836
1256,0.1364773061012373
1257,0.13646751128062828
1258,0.13645771922850108
1259,0.13644792994479188
1260,0.1364381434294332
1261,0.1364283596823539
1262,0.1364185787034792
1263,0.13640880049273066
1264,0.13639902505002618
1265,0.13638925237528
1266,0.1363794824684027
1267,0.13636971532930123
1268,0.13635995095787884
1269,0.1363501893540351
1270,0.13634043051766595
1271,0.13633067444866367
1272,0.13632092114691682
1273,0.13631117061231038
1274,0.13630142284472554
1275,0.13629167784403995
1276,0.13628193561012752
1277,0.13627219614285851
1278,0.13626245944209947
1279,0.1362527255077134
1280,0.13624299433955947
1281,0.13623326593749333
1282,0.13622354030136694
1283,0.13621381743102848
1284,0.13620409732632263
1285,0.13619437998709033
1286,0.13618466541316884
1287,0.13617495360439186
1288,0.13616524456058932
1289,0.13615553828158758
1290,0.13614583476720937
1291,0.13613613401727367
1292,0.13612643603159594
1293,0.13611674080998798
1294,0.13610704835225781
1295,0.13609735865821004
1296,0.1360876717276455
1297,0.13607798756036146
1298,0.13606830615615156
1299,0.1360586275148058
1300,0.13604895163611064
1301,0.13603927851984882
1302,0.13602960816579962
1303,0.1360199405737386
1304,0.13601027574343774
1305,0.13600061367466554
1306,0.13599095436718686
1307,0.1359812978207629
1308,0.13597164403515147
1309,0.13596199301010659
1310,0.13595234474537898
1311,0.13594269924071561
1312,0.13593305649586002
1313,0.13592341651055212
1314,0.13591377928452833
1315,0.13590414481752158
1316,0.1358945131092613
1317,0.13588488415947328
1318,0.13587525796787997
1319,0.13586563453420025
1320,0.13585601385814944
1321,0.13584639593943956
1322,0.135836780777779
1323,0.13582716837287273
1324,0.1358175587244223
1325,0.13580795183212582
1326,0.13579834769567795
1327,0.13578874631476984
1328,0.13577914768908933
1329,0.13576955181832082
1330,0.13575995870214527
1331,0.1357503683402403
1332,0.13574078073228008
1333,0.1357311958779355
1334,0.13572161377687406
1335,0.1357120344287598
1336,0.13570245783325358
1337,0.1356928839900128
1338,0.13568331289869165
1339,0.13567374455894085
1340,0.13566417897040797
1341,0.13565461613273727
1342,0.1356450560455696
1343,0.13563549870854266
1344,0.13562594412129092
1345,0.1356163922834455
1346,0.1356068431946343
1347,0.13559729685448207
1348,0.1355877532626103
1349,0.13557821241863727
1350,0.1355686743221781
1351,0.1355591389728447
1352,0.13554960637024577
1353,0.13554007651398703
1354,0.13553054940367087
1355,0.13552102503889663
1356,0.13551150341926052
1357,0.1355019845443557
1358,0.13549246841377213
1359,0.13548295502709679
1360,0.13547344438391354
1361,0.13546393648380323
1362,0.1354544313263436
1363,0.13544492891110946
1364,0.1354354292376725
1365,0.1354259323056015
1366,0.13541643811446216
1367,0.13540694666381733
1368,0.1353974579532268
1369,0.13538797198224745
1370,0.13537848875043323
1371,0.1353690082573351
1372,0.13535953050250127
1373,0.13535005548547693
1374,0.1353405832058044
1375,0.1353311136630232
1376,0.13532164685666995
1377,0.13531218278627846
1378,0.13530272145137975
1379,0.13529326285150195
1380,0.13528380698617046
1381,0.1352743538549079
1382,0.13526490345723413
1383,0.13525545579266623
1384,0.13524601086071858
1385,0.13523656866090283
1386,0.13522712919272795
1387,0.13521769245570014
1388,0.13520825844932308
1389,0.13519882717309759
1390,0.13518939862652207
1391,0.1351799728090921
1392,0.1351705497203008
1393,0.13516112935963853
1394,0.13515171172659324
1395,0.1351422968206502
1396,0.1351328846412922
1397,0.13512347518799936
1398,0.13511406846024948
1399,0.1351046644575177
1400,0.13509526317927673
1401,0.13508586462499678
1402,0.13507646879414567
1403,0.1350670756861887
1404,0.13505768530058876
1405,0.1350482976368064
1406,0.13503891269429963
1407,0.13502953047252422
1408,0.1350201509709335
1409,0.1350107741889785
1410,0.1350014001261079
1411,0.134992028781768
1412,0.1349826601554029
1413,0.13497329424645438
1414,0.1349639310543619
1415,0.1349545705785628
1416,0.13494521281849198
1417,0.1349358577735823
1418,0.13492650544326437
1419,0.13491715582696653
1420,0.13490780892411508
1421,0.13489846473413403
1422,0.13488912325644534
1423,0.1348797844904688
1424,0.1348704484356221
1425,0.1348611150913209
1426,0.13485178445697868
1427,0.13484245653200694
1428,0.13483313131581506
1429,0.13482380880781047
1430,0.13481448900739854
1431,0.13480517191398267
1432,0.13479585752696424
1433,0.13478654584574268
1434,0.13477723686971554
1435,0.13476793059827835
1436,0.1347586270308247
1437,0.1347493261667464
1438,0.13474002800543328
1439,0.13473073254627332
1440,0.13472143978865267
1441,0.13471214973195558
1442,0.13470286237556459
1443,0.13469357771886034
1444,0.1346842957612217
1445,0.1346750165020258
1446,0.1346657399406479
1447,0.1346564660764617
1448,0.13464719490883906
1449,0.1346379264371501
1450,0.13462866066076337
1451,0.13461939757904556
1452,0.13461013719136183
1453,0.13460087949707567
1454,0.13459162449554893
1455,0.1345823721861418
1456,0.13457312256821297
1457,0.13456387564111932
1458,0.13455463140421647
1459,0.13454538985685824
1460,0.13453615099839697
1461,0.13452691482818357
1462,0.13451768134556735
1463,0.1345084505498961
1464,0.13449922244051618
1465,0.13448999701677244
1466,0.13448077427800842
1467,0.134471554223566
1468,0.13446233685278577
1469,0.13445312216500693
1470,0.13444391015956728
1471,0.13443470083580317
1472,0.1344254941930496
1473,0.13441629023064042
1474,0.13440708894790782
1475,0.1343978903441829
1476,0.1343886944187954
1477,0.13437950117107378
1478,0.13437031060034516
1479,0.13436112270593548
1480,0.13435193748716945
1481,0.13434275494337042
1482,0.13433357507386068
1483,0.13432439787796116
1484,0.13431522335499174
1485,0.13430605150427105
1486,0.13429688232511658
1487,0.13428771581684465
1488,0.13427855197877045
1489,0.13426939081020808
1490,0.1342602323104705
1491,0.13425107647886958
1492,0.13424192331471613
1493,0.13423277281731988
1494,0.1342236249859895
1495,0.1342144798200326
1496,0.1342053373187558
1497,0.13419619748146477
1498,0.13418706030746397
1499,0.13417792579605714
1500,0.1341687939465468
1501,0.13415966475823465
1502,0.13415053823042147
1503,0.13414141436240695
1504,0.13413229315349004
1505,0.13412317460296858
1506,0.13411405871013973
1507,0.13410494547429955
1508,0.1340958348947434
1509,0.13408672697076565
1510,0.13407762170165993
1511,0.1340685190867189
1512,0.13405941912523453
1513,0.1340503218164979
1514,0.13404122715979927
1515,0.13403213515442822
1516,0.1340230457996734
1517,0.13401395909482275
1518,0.13400487503916356
1519,0.13399579363198222
1520,0.13398671487256444
1521,0.13397763876019525
1522,0.13396856529415896
1523,0.13395949447373914
1524,0.13395042629821868
1525,0.13394136076687982
1526,0.1339322978790041
1527,0.13392323763387243
1528,0.13391418003076508
1529,0.13390512506896166
1530,0.13389607274774118
1531,0.13388702306638198
1532,0.13387797602416188
1533,0.1338689316203581
1534,0.13385988985424718
1535,0.13385085072510516
1536,0.13384181423220756
1537,0.13383278037482924
1538,0.1338237491522446
1539,0.13381472056372745
1540,0.13380569460855116
1541,0.13379667128598846
1542,0.13378765059531172
1543,0.13377863253579267
1544,0.13376961710670265
1545,0.13376060430731257
1546,0.13375159413689267
1547,0.13374258659471294
1548,0.13373358168004285
1549,0.1337245793921514
1550,0.13371557973030712
1551,0.13370658269377828
1552,0.13369758828183256
1553,0.13368859649373732
1554,0.13367960732875955
1555,0.13367062078616573
1556,0.1336616368652221
1557,0.13365265556519437
1558,0.1336436768853481
1559,0.1336347008249483
1560,0.13362572738325967
1561,0.1336167565595467
1562,0.13360778835307335
1563,0.13359882276310342
1564,0.13358985978890026
1565,0.133580899429727
1566,0.13357194168484643
1567,0.13356298655352108
1568,0.13355403403501315
1569,0.13354508412858454
1570,0.13353613683349694
1571,0.1335271921490117
1572,0.13351825007439003
1573,0.1335093106088927
1574,0.1335003737517804
1575,0.1334914395023135
1576,0.1334825078597522
1577,0.13347357882335628
1578,0.1334646523923856
1579,0.13345572856609958
1580,0.13344680734375752
1581,0.13343788872461848
1582,0.13342897270794132
1583,0.13342005929298478
1584,0.1334111484790073
1585,0.13340224026526729
1586,0.1333933346510228
1587,0.13338443163553193
1588,0.13337553121805243
1589,0.13336663339784194
1590,0.13335773817415802
1591,0.1333488455462581
1592,0.13333995551339928
1593,0.13333106807483877
1594,0.13332218322983347
1595,0.13331330097764021
1596,0.1333044213175158
1597,0.13329554424871676
1598,0.13328666977049958
1599,0.13327779788212069
1600,0.13326892858283637
1601,0.1332600618719028
1602,0.13325119774857608
1603,0.13324233621211223
1604,0.1332334772617672
1605,0.1332246208967968
1606,0.13321576711645683
1607,0.133206915920003
1608,0.13319806730669093
1609,0.1331892212757762
1610,0.13318037782651432
1611,0.13317153695816078
1612,0.133162698669971
1613,0.1331538629612003
1614,0.13314502983110404
1615,0.13313619927893752
1616,0.13312737130395594
1617,0.1331185459054145
1618,0.1331097230825685
1619,0.13310090283467296
1620,0.13309208516098311
1621,0.13308327006075404
1622,0.13307445753324088
1623,0.13306564757769865
1624,0.1330568401933825
1625,0.13304803537954743
1626,0.1330392331354486
1627,0.133030433460341
1628,0.13302163635347972
1629,0.13301284181411985
1630,0.13300404984151648
1631,0.13299526043492466
1632,0.1329864735935995
1633,0.13297768931679615
1634,0.1329689076037697
1635,0.13296012845377536
1636,0.1329513518660682
1637,0.13294257783990357
1638,0.1329338063745366
1639,0.13292503746922257
1640,0.13291627112321674
1641,0.1329075073357745
1642,0.13289874610615113
1643,0.13288998743360203
1644,0.1328812313173827
1645,0.13287247775674854
1646,0.1328637267509551
1647,0.13285497829925794
1648,0.1328462324009127
1649,0.13283748905517495
1650,0.13282874826130048
1651,0.13282001001854504
1652,0.1328112743261644
1653,0.13280254118341447
1654,0.13279381058955114
1655,0.13278508254383045
1656,0.1327763570455084
1657,0.13276763409384107
1658,0.13275891368808465
1659,0.13275019582749542
1660,0.13274148051132967
1661,0.13273276773884365
1662,0.13272405750929395
1663,0.13271534982193697
1664,0.13270664467602933
1665,0.1326979420708276
1666,0.1326892420055886
1667,0.132680544479569
1668,0.13267184949202582
1669,0.1326631570422159
1670,0.13265446712939624
1671,0.13264577975282402
1672,0.13263709491175632
1673,0.1326284126054505
1674,0.1326197328331638
1675,0.13261105559415373
1676,0.13260238088767773
1677,0.13259370871299336
1678,0.13258503906935842
1679,0.13257637195603053
1680,0.13256770737226764
1681,0.1325590453173276
1682,0.1325503857904685
1683,0.1325417287909484
1684,0.1325330743180255
1685,0.1325244223709581
1686,0.13251577294900463
1687,0.13250712605142348
1688,0.13249848167747327
1689,0.13248983982641263
1690,0.13248120049750037
1691,0.13247256368999527
1692,0.1324639294031563
1693,0.13245529763624247
1694,0.13244666838851296
1695,0.132438041659227
1696,0.13242941744764394
1697,0.13242079575302318
1698,0.13241217657462423
1699,0.13240355991170674
1700,0.13239494576353047
1701,0.13238633412935524
1702,0.13237772500844097
1703,0.1323691184000477
1704,0.1323605143034356
1705,0.13235191271786487
1706,0.1323433136425959
1707,0.13233471707688912
1708,0.13232612302000513
1709,0.13231753147120456
1710,0.13230894242974817
1711,0.13230035589489691
1712,0.13229177186591173
1713,0.1322831903420537
1714,0.1322746113225841
1715,0.1322660348067642
1716,0.13225746079385545
1717,0.13224888928311943
1718,0.13224032027381774
1719,0.13223175376521218
1720,0.1322231897565646
1721,0.1322146282471371
1722,0.1322060692361917
1723,0.13219751272299063
1724,0.13218895870679628
1725,0.13218040718687116
1726,0.13217185816247778
1727,0.13216331163287887
1728,0.13215476759733724
1729,0.13214622605511592
1730,0.1321376870054779
1731,0.1321291504476864
1732,0.13212061638100475
1733,0.13211208480469638
1734,0.13210355571802487
1735,0.1320950291202539
1736,0.13208650501064734
1737,0.13207798338846904
1738,0.13206946425298324
1739,0.13206094760345405
1740,0.13205243343914583
1741,0.13204392175932309
1742,0.1320354125632504
1743,0.13202690585019258
1744,0.13201840161941447
1745,0.13200989987018108
1746,0.13200140060175763
1747,0.1319929038134094
1748,0.13198440950440185
1749,0.13197591767400055
1750,0.13196742832147124
1751,0.13195894144607984
1752,0.1319504570470923
1753,0.1319419751237749
1754,0.13193349567539386
1755,0.13192501870121573
1756,0.13191654420050714
1757,0.13190807217253486
1758,0.1318996026165658
1759,0.13189113553186713
1760,0.13188267091770609
1761,0.13187420877335004
1762,0.13186574909806664
1763,0.1318572918911236
1764,0.13184883715178888
1765,0.1318403848793305
1766,0.13183193507301671
1767,0.131823487732116
1768,0.1318150428558969
1769,0.13180660044362819
1770,0.1317981604945789
1771,0.13178972300801806
1772,0.13178128798321503
1773,0.13177285541943928
1774,0.13176442531596047
1775,0.13175599767204854
1776,0.1317475724869735
1777,0.13173914976000559
1778,0.13173072949041523
1779,0.13172231167747311
1780,0.13171389632045005
1781,0.13170548341861707
1782,0.13169707297124542
1783,0.13168866497760653
1784,0.13168025943697206
1785,0.13167185634861392
1786,0.13166345571180416
1787,0.131655057525815
1788,0.13164666178991902
1789,0.13163826850338897
1790,0.13162987766549777
1791,0.1316214892755186
1792,0.13161310333272483
1793,0.1316047198363902
1794,0.13159633878578847
1795,0.1315879601801938
1796,0.13157958401888056
1797,0.13157121030112334
1798,0.13156283902619698
1799,0.1315544701933765
1800,0.13154610380193726
1801,0.1315377398511549
1802,0.13152937834030526
1803,0.13152101926866439
1804,0.13151266263550873
1805,0.13150430844011488
1806,0.13149595668175973
1807,0.1314876073597205
1808,0.13147926047327466
1809,0.13147091602169989
1810,0.13146257400427425
1811,0.13145423442027604
1812,0.13144589726898384
1813,0.13143756254967656
1814,0.13142923026163336
1815,0.13142090040413376
1816,0.13141257297645753
1817,0.13140424797788475
1818,0.13139592540769582
1819,0.1313876052651715
1820,0.1313792875495928
1821,0.13137097226024105
1822,0.131362659396398
1823,0.1313543489573456
1824,0.1313460409423662
1825,0.13133773535074256
1826,0.13132943218175758
1827,0.13132113143469468
1828,0.13131283310883762
1829,0.13130453720347038
1830,0.1312962437178774
1831,0.13128795265134352
1832,0.1312796640031538
1833,0.1312713777725938
1834,0.13126309395894936
1835,0.13125481256150678
1836,0.13124653357955265
1837,0.13123825701237404
1838,0.13122998285925835
1839,0.13122171111949335
1840,0.1312134417923672
1841,0.13120517487716862
1842,0.13119691037318648
1843,0.13118864827971025
1844,0.13118038859602973
1845,0.1311721313214352
1846,0.13116387645521727
1847,0.13115562399666705
1848,0.13114737394507608
1849,0.13113912629973629
1850,0.13113088105994003
1851,0.13112263822498021
1852,0.1311143977941501
1853,0.13110615976674336
1854,0.1310979241420543
1855,0.13108969091937747
1856,0.13108146009800803
1857,0.13107323167724155
1858,0.13106500565637416
1859,0.13105678203470233
1860,0.13104856081152313
1861,0.13104034198613407
1862,0.13103212555783314
1863,0.13102391152591888
1864,0.13101569988969025
1865,0.13100749064844683
1866,0.13099928380148865
1867,0.13099107934811619
1868,0.13098287728763053
1869,0.13097467761933335
1870,0.13096648034252667
1871,0.13095828545651322
1872,0.13095009296059615
1873,0.13094190285407922
1874,0.13093371513626673
1875,0.13092552980646355
1876,0.13091734686397502
1877,0.13090916630810717
1878,0.1309009881381665
1879,0.13089281235346015
1880,0.13088463895329577
1881,0.1308764679369817
1882,0.1308682993038267
1883,0.13086013305314034
1884,0.13085196918423253
1885,0.13084380769641404
1886,0.13083564858899605
1887,0.13082749186129047
1888,0.13081933751260977
1889,0.130811185542267
1890,0.13080303594957599
1891,0.13079488873385106
1892,0.13078674389440717
1893,0.13077860143055997
1894,0.13077046134162576
1895,0.13076232362692147
1896,0.13075418828576468
1897,0.1307460553174736
1898,0.13073792472136717
1899,0.13072979649676497
1900,0.1307216706429872
1901,0.13071354715935488
1902,0.13070542604518953
1903,0.13069730729981346
1904,0.1306891909225497
1905,0.1306810769127219
1906,0.13067296526965444
1907,0.13066485599267247
1908,0.13065674908110175
1909,0.13064864453426883
1910,0.13064054235150088
1911,0.13063244253212597
1912,0.13062434507547271
1913,0.13061624998087054
1914,0.13060815724764968
1915,0.13060006687514103
1916,0.13059197886267618
1917,0.13058389320958763
1918,0.1305758099152085
1919,0.13056772897887275
1920,0.13055965039991507
1921,0.13055157417767088
1922,0.1305435003114765
1923,0.1305354288006689
1924,0.1305273596445859
1925,0.1305192928425661
1926,0.13051122839394894
1927,0.1305031662980745
1928,0.13049510655428387
1929,0.13048704916191878
1930,0.13047899412032185
1931,0.1304709414288365
1932,0.130462891086807
1933,0.13045484309357835
1934,0.1304467974484965
1935,0.1304387541509081
1936,0.1304307132001608
1937,0.13042267459560297
1938,0.1304146383365838
1939,0.13040660442245341
1940,0.13039857285256276
1941,0.13039054362626362
1942,0.13038251674290868
1943,0.1303744922018515
1944,0.13036647000244636
1945,0.1303584501440486
1946,0.13035043262601437
1947,0.1303424174477007
1948,0.13033440460846546
1949,0.1303263941076675
1950,0.13031838594466646
1951,0.13031038011882295
1952,0.13030237662949842
1953,0.13029437547605532
1954,0.1302863766578569
1955,0.1302783801742674
1956,0.1302703860246519
1957,0.13026239420837651
1958,0.13025440472480812
1959,0.13024641757331465
1960,0.13023843275326497
1961,0.13023045026402869
1962,0.13022247010497665
1963,0.13021449227548038
1964,0.13020651677491246
1965,0.13019854360264646
1966,0.13019057275805676
1967,0.13018260424051886
1968,0.1301746380494091
1969,0.1301666741841048
1970,0.13015871264398426
1971,0.13015075342842675
1972,0.13014279653681252
1973,0.13013484196852274
1974,0.1301268897229396
1975,0.13011893979944625
1976,0.13011099219742686
1977,0.13010304691626648
1978,0.13009510395535132
1979,0.13008716331406842
1980,0.13007922499180585
1981,0.13007128898795273
1982,0.13006335530189916
1983,0.1300554239330362
1984,0.13004749488075598
1985,0.13003956814445156
1986,0.13003164372351705
1987,0.1300237216173476
1988,0.13001580182533934
1989,0.13000788434688937
1990,0.1299999691813959
1991,0.12999205632825817
1992,0.12998414578687634
1993,0.12997623755665164
1994,0.12996833163698637
1995,0.12996042802728386
1996,0.1299525267269484
1997,0.12994462773538543
1998,0.12993673105200126
1999,0.12992883667620347
2000,0.12992094460740047
2001,0.12991305484500182
2002,0.12990516738841812
2003,0.12989728223706098
2004,0.12988939939034314
2005,0.12988151884767826
2006,0.1298736406084812
2007,0.1298657646721678
2008,0.12985789103815493
2009,0.12985001970586058
2010,0.12984215067470378
2011,0.12983428394410462
2012,0.12982641951348425
2013,0.12981855738226492
2014,0.1298106975498699
2015,0.12980284001572354
2016,0.1297949847792513
2017,0.12978713183987967
2018,0.12977928119703624
2019,0.12977143285014964
2020,0.1297635867986496
2021,0.12975574304196696
2022,0.1297479015795336
2023,0.12974006241078245
2024,0.12973222553514763
2025,0.12972439095206417
2026,0.12971655866096837
2027,0.12970872866129754
2028,0.12970090095249
2029,0.12969307553398532
2030,0.12968525240522397
2031,0.12967743156564765
2032,0.1296696130146991
2033,0.1296617967518221
2034,0.12965398277646165
2035,0.12964617108806376
2036,0.12963836168607548
2037,0.12963055456994504
2038,0.1296227497391218
2039,0.12961494719305608
2040,0.12960714693119937
2041,0.12959934895300432
2042,0.12959155325792454
2043,0.12958375984541481
2044,0.12957596871493107
2045,0.12956817986593028
2046,0.12956039329787045
2047,0.12955260901021082
2048,0.1295448270024116
2049,0.12953704727393422
2050,0.12952926982424112
2051,0.1295214946527959
2052,0.12951372175906317
2053,0.12950595114250874
2054,0.1294981828025995
2055,0.12949041673880335
2056,0.12948265295058947
2057,0.12947489143742794
2058,0.12946713219879002
2059,0.12945937523414813
2060,0.1294516205429758
2061,0.12944386812474748
2062,0.1294361179789389
2063,0.12942837010502678
2064,0.12942062450248906
2065,0.12941288117080468
2066,0.1294051401094537
2067,0.1293974013179173
2068,0.1293896647956777
2069,0.12938193054221833
2070,0.1293741985570236
2071,0.12936646883957906
2072,0.12935874138937137
2073,0.12935101620588824
2074,0.1293432932886186
2075,0.1293355726370523
2076,0.12932785425068044
2077,0.12932013812899507
2078,0.12931242427148945
2079,0.12930471267765783
2080,0.12929700334699568
2081,0.12928929627899946
2082,0.1292815914731667
2083,0.1292738889289961
2084,0.12926618864598743
2085,0.12925849062364153
2086,0.12925079486146024
2087,0.12924310135894668
2088,0.12923541011560485
2089,0.12922772113094
2090,0.12922003440445834
2091,0.12921234993566724
2092,0.12920466772407507
2093,0.12919698776919136
2094,0.1291893100705267
2095,0.12918163462759272
2096,0.12917396143990212
2097,0.12916629050696873
2098,0.12915862182830742
2099,0.1291509554034341
2100,0.12914329123186585
2101,0.12913562931312067
2102,0.12912796964671772
2103,0.1291203122321773
2104,0.12911265706902056
2105,0.12910500415676993
2106,0.1290973534949488
2107,0.12908970508308162
2108,0.1290820589206939
2109,0.12907441500731223
2110,0.12906677334246427
2111,0.1290591339256787
2112,0.12905149675648522
2113,0.12904386183441469
2114,0.1290362291589989
2115,0.1290285987297707
2116,0.12902097054626416
2117,0.1290133446080141
2118,0.1290057209145567
2119,0.1289980994654289
2120,0.12899048026016885
2121,0.1289828632983157
2122,0.12897524857940962
2123,0.12896763610299178
2124,0.12896002586860447
2125,0.12895241787579093
2126,0.1289448121240955
2127,0.12893720861306346
2128,0.12892960734224115
2129,0.128922008311176
2130,0.12891441151941638
2131,0.12890681696651168
2132,0.12889922465201237
2133,0.12889163457546987
2134,0.1288840467364366
2135,0.1288764611344661
2136,0.12886887776911274
2137,0.12886129663993212
2138,0.1288537177464807
2139,0.12884614108831585
2140,0.1288385666649962
2141,0.1288309944760812
2142,0.12882342452113132
2143,0.12881585679970803
2144,0.1288082913113738
2145,0.1288007280556921
2146,0.12879316703222737
2147,0.128785608240545
2148,0.12877805168021147
2149,0.12877049735079416
2150,0.12876294525186147
2151,0.12875539538298264
2152,0.1287478477437281
2153,0.12874030233366912
2154,0.12873275915237795
2155,0.12872521819942778
2156,0.1287176794743929
2157,0.1287101429768484
2158,0.1287026087063704
2159,0.12869507666253602
2160,0.12868754684492328
2161,0.12868001925311112
2162,0.1286724938866795
2163,0.12866497074520936
2164,0.12865744982828242
2165,0.12864993113548157
2166,0.12864241466639043
2167,0.1286349004205937
2168,0.12862738839767696
2169,0.12861987859722673
2170,0.12861237101883047
2171,0.12860486566207655
2172,0.1285973625265543
2173,0.1285898616118539
2174,0.12858236291756656
2175,0.12857486644328436
2176,0.12856737218860026
2177,0.12855988015310815
2178,0.1285523903364029
2179,0.12854490273808017
2180,0.1285374173577366
2181,0.12852993419496977
2182,0.12852245324937808
2183,0.12851497452056088
2184,0.12850749800811836
2185,0.1285000237116517
2186,0.12849255163076284
2187,0.12848508176505477
2188,0.1284776141141312
2189,0.12847014867759685
2190,0.12846268545505726
2191,0.12845522444611884
2192,0.12844776565038893
2193,0.1284403090674757
2194,0.12843285469698815
2195,0.12842540253853627
2196,0.12841795259173078
2197,0.12841050485618336
2198,0.1284030593315065
2199,0.12839561601731356
2200,0.12838817491321877
2201,0.12838073601883718
2202,0.1283732993337847
2203,0.12836586485767812
2204,0.12835843259013502
2205,0.12835100253077383
2206,0.1283435746792139
2207,0.12833614903507531
2208,0.12832872559797906
2209,0.12832130436754688
2210,0.1283138853434014
2211,0.12830646852516606
2212,0.12829905391246516
2213,0.12829164150492373
2214,0.12828423130216773
2215,0.12827682330382384
2216,0.1282694175095196
2217,0.1282620139188833
2218,0.1282546125315442
2219,0.12824721334713216
2220,0.12823981636527793
2221,0.12823242158561313
2222,0.12822502900777002
2223,0.12821763863138183
2224,0.1282102504560824
2225,0.1282028644815065
2226,0.12819548070728964
2227,0.1281880991330681
2228,0.128180719758479
2229,0.1281733425831601
2230,0.12816596760675006
2231,0.12815859482888828
2232,0.12815122424921496
2233,0.12814385586737098
2234,0.12813648968299804
2235,0.12812912569573864
2236,0.128121763905236
2237,0.12811440431113402
2238,0.12810704691307753
2239,0.12809969171071192
2240,0.1280923387036835
2241,0.12808498789163922
2242,0.1280776392742268
2243,0.12807029285109467
2244,0.12806294862189208
2245,0.12805560658626894
2246,0.12804826674387593
2247,0.12804092909436443
2248,0.1280335936373866
2249,0.12802626037259524
2250,0.128018929299644
2251,0.12801160041818713
2252,0.12800427372787965
2253,0.12799694922837732
2254,0.12798962691933652
2255,0.12798230680041447
2256,0.127974988871269
2257,0.12796767313155868
2258,0.1279603595809428
2259,0.12795304821908127
2260,0.12794573904563475
2261,0.1279384320602647
2262,0.12793112726263306
2263,0.12792382465240265
2264,0.12791652422923688
2265,0.12790922599279986
2266,0.12790192994275631
2267,0.12789463607877183
2268,0.1278873444005125
2269,0.12788005490764515
2270,0.1278727675998373
2271,0.12786548247675708
2272,0.12785819953807337
2273,0.1278509187834556
2274,0.12784364021257405
2275,0.12783636382509944
2276,0.12782908962070333
2277,0.12782181759905778
2278,0.12781454775983553
2279,0.1278072801027102
2280,0.12780001462735568
2281,0.12779275133344684
2282,0.12778549022065894
2283,0.12777823128866808
2284,0.12777097453715086
2285,0.1277637199657846
2286,0.12775646757424716
2287,0.12774921736221714
2288,0.1277419693293737
2289,0.12773472347539663
2290,0.1277274797999664
2291,0.12772023830276402
2292,0.12771299898347113
2293,0.12770576184177004
2294,0.12769852687734368
2295,0.1276912940898755
2296,0.1276840634790497
2297,0.1276768350445509
2298,0.12766960878606448
2299,0.1276623847032764
2300,0.12765516279587316
2301,0.12764794306354185
2302,0.12764072550597028
2303,0.12763351012284668
2304,0.12762629691386004
2305,0.12761908587869983
2306,0.1276118770170561
2307,0.12760467032861958
2308,0.12759746581308146
2309,0.12759026347013364
2310,0.12758306329946847
2311,0.12757586530077894
2312,0.12756866947375864
2313,0.12756147581810168
2314,0.12755428433350274
2315,0.1275470950196571
2316,0.1275399078762606
2317,0.12753272290300965
2318,0.12752554009960113
2319,0.12751835946573262
2320,0.1275111810011021
2321,0.12750400470540826
2322,0.1274968305783503
2323,0.12748965861962783
2324,0.1274824888289412
2325,0.1274753212059912
2326,0.12746815575047912
2327,0.12746099246210696
2328,0.1274538313405771
2329,0.12744667238559254
2330,0.12743951559685673
2331,0.12743236097407373
2332,0.12742520851694816
2333,0.12741805822518507
2334,0.12741091009849007
2335,0.12740376413656931
2336,0.12739662033912952
2337,0.12738947870587786
2338,0.12738233923652198
2339,0.1273752019307702
2340,0.1273680667883312
2341,0.12736093380891428
2342,0.12735380299222915
2343,0.1273466743379861
2344,0.1273395478458959
2345,0.12733242351566992
2346,0.12732530134701983
2347,0.127318181339658
2348,0.12731106349329713
2349,0.1273039478076506
2350,0.12729683428243216
2351,0.12728972291735602
2352,0.12728261371213703
2353,0.1272755066664904
2354,0.1272684017801319
2355,0.1272612990527777
2356,0.12725419848414454
2357,0.12724710007394963
2358,0.1272400038219106
2359,0.12723290972774567
2360,0.12722581779117342
2361,0.12721872801191295
2362,0.12721164038968386
2363,0.12720455492420615
2364,0.1271974716152004
2365,0.12719039046238753
2366,0.12718331146548906
2367,0.12717623462422684
2368,0.12716915993832328
2369,0.1271620874075012
2370,0.12715501703148394
2371,0.12714794880999516
2372,0.12714088274275917
2373,0.12713381882950056
2374,0.12712675706994447
2375,0.1271196974638165
2376,0.1271126400108426
2377,0.1271055847107493
2378,0.12709853156326342
2379,0.12709148056811234
2380,0.12708443172502393
2381,0.12707738503372631
2382,0.1270703404939482
2383,0.12706329810541872
2384,0.1270562578678674
2385,0.12704921978102418
2386,0.12704218384461952
2387,0.12703515005838426
2388,0.12702811842204964
2389,0.12702108893534736
2390,0.12701406159800951
2391,0.12700703640976874
2392,0.12700001337035793
2393,0.1269929924795105
2394,0.12698597373696027
2395,0.12697895714244145
2396,0.12697194269568868
2397,0.12696493039643705
2398,0.126957920244422
2399,0.12695091223937943
2400,0.12694390638104566
2401,0.1269369026691574
2402,0.12692990110345168
2403,0.1269229016836661
2404,0.1269159044095386
2405,0.12690890928080745
2406,0.1269019162972114
2407,0.12689492545848963
2408,0.1268879367643816
2409,0.12688095021462725
2410,0.12687396580896695
2411,0.12686698354714138
2412,0.12686000342889167
2413,0.1268530254539593
2414,0.12684604962208618
2415,0.12683907593301463
2416,0.12683210438648726
2417,0.12682513498224715
2418,0.1268181677200378
2419,0.12681120259960296
2420,0.12680423962068688
2421,0.12679727878303412
2422,0.1267903200863897
2423,0.12678336353049896
2424,0.1267764091151076
2425,0.12676945683996174
2426,0.12676250670480785
2427,0.12675555870939284
2428,0.1267486128534638
2429,0.1267416691367685
2430,0.12673472755905474
2431,0.12672778812007093
2432,0.1267208508195658
2433,0.1267139156572884
2434,0.1267069826329881
2435,0.12670005174641474
2436,0.1266931229973185
2437,0.12668619638544987
2438,0.12667927191055972
2439,0.12667234957239926
2440,0.12666542937072015
2441,0.12665851130527428
2442,0.12665159537581402
2443,0.12664468158209197
2444,0.12663776992386117
2445,0.12663086040087493
2446,0.12662395301288704
2447,0.12661704775965152
2448,0.12661014464092274
2449,0.12660324365645553
2450,0.12659634480600496
2451,0.1265894480893265
2452,0.1265825535061759
2453,0.12657566105630932
2454,0.12656877073948325
2455,0.12656188255545445
2456,0.1265549965039801
2457,0.12654811258481774
2458,0.12654123079772517
2459,0.1265343511424605
2460,0.12652747361878233
2461,0.1265205982264494
2462,0.1265137249652209
2463,0.12650685383485638
2464,0.12649998483511563
2465,0.12649311796575882
2466,0.12648625322654644
2467,0.12647939061723928
2468,0.12647253013759852
2469,0.1264656717873856
2470,0.1264588155663623
2471,0.1264519614742908
2472,0.1264451095109335
2473,0.12643825967605316
2474,0.12643141196941282
2475,0.12642456639077596
2476,0.12641772293990622
2477,0.12641088161656772
2478,0.12640404242052475
2479,0.12639720535154203
2480,0.12639037040938447
2481,0.1263835375938175
2482,0.12637670690460662
2483,0.12636987834151775
2484,0.1263630519043172
2485,0.1263562275927715
2486,0.12634940540664744
2487,0.12634258534571227
2488,0.1263357674097334
2489,0.12632895159847862
2490,0.12632213791171606
2491,0.12631532634921405
2492,0.12630851691074135
2493,0.12630170959606687
2494,0.12629490440495997
2495,0.12628810133719026
2496,0.12628130039252755
2497,0.1262745015707422
2498,0.12626770487160457
2499,0.1262609102948855
2500,0.12625411784035612
2501,0.12624732750778775
2502,0.12624053929695217
2503,0.12623375320762126
2504,0.1262269692395674
2505,0.12622018739256308
2506,0.1262134076663812
2507,0.12620663006079488
2508,0.12619985457557759
2509,0.12619308121050304
2510,0.12618630996534533
2511,0.12617954083987865
2512,0.12617277383387765
2513,0.12616600894711727
2514,0.1261592461793726
2515,0.12615248553041913
2516,0.1261457270000326
2517,0.126138970587989
2518,0.1261322162940647
2519,0.12612546411803627
2520,0.12611871405968053
2521,0.12611196611877465
2522,0.12610522029509613
2523,0.1260984765884226
2524,0.1260917349985321
2525,0.1260849955252028
2526,0.12607825816821336
2527,0.12607152292734256
2528,0.12606478980236946
2529,0.12605805879307344
2530,0.12605132989923418
2531,0.12604460312063157
2532,0.1260378784570458
2533,0.1260311559082573
2534,0.12602443547404688
2535,0.12601771715419546
2536,0.12601100094848436
2537,0.12600428685669512
2538,0.12599757487860952
2539,0.1259908650140097
2540,0.1259841572626779
2541,0.12597745162439683
2542,0.12597074809894931
2543,0.12596404668611852
2544,0.12595734738568784
2545,0.12595065019744095
2546,0.1259439551211618
2547,0.12593726215663453
2548,0.12593057130364366
2549,0.12592388256197387
2550,0.12591719593141018
2551,0.12591051141173779
2552,0.12590382900274216
2553,0.12589714870420915
2554,0.12589047051592472
2555,0.12588379443767514
2556,0.12587712046924693
2557,0.1258704486104269
2558,0.12586377886100206
2559,0.1258571112207597
2560,0.12585044568948742
2561,0.125843782266973
2562,0.12583712095300445
2563,0.12583046174737014
2564,0.1258238046498586
2565,0.12581714966025861
2566,0.12581049677835932
2567,0.12580384600394992
2568,0.1257971973368201
2569,0.12579055077675955
2570,0.1257839063235584
2571,0.12577726397700692
2572,0.12577062373689568
2573,0.12576398560301547
2574,0.12575734957515733
2575,0.12575071565311255
2576,0.12574408383667268
2577,0.12573745412562948
2578,0.12573082651977494
2579,0.12572420101890136
2580,0.12571757762280122
2581,0.12571095633126733
2582,0.1257043371440926
2583,0.12569772006107027
2584,0.12569110508199385
2585,0.125684492206657
2586,0.12567788143485367
2587,0.1256712727663781
2588,0.12566466620102462
2589,0.12565806173858798
2590,0.12565145937886305
2591,0.1256448591216449
2592,0.12563826096672895
2593,0.1256316649139108
2594,0.12562507096298625
2595,0.12561847911375143
2596,0.12561188936600262
2597,0.12560530171953632
2598,0.12559871617414933
2599,0.12559213272963862
2600,0.12558555138580144
2601,0.12557897214243524
2602,0.12557239499933773
2603,0.12556581995630683
2604,0.12555924701314064
2605,0.12555267616963756
2606,0.12554610742559622
2607,0.12553954078081542
2608,0.12553297623509424
2609,0.12552641378823193
2610,0.12551985344002803
2611,0.12551329519028226
2612,0.12550673903879456
2613,0.12550018498536517
2614,0.1254936330297944
2615,0.12548708317188298
2616,0.12548053541143173
2617,0.12547398974824167
2618,0.12546744618211414
2619,0.12546090471285062
2620,0.1254543653402529
2621,0.12544782806412286
2622,0.12544129288426273
2623,0.12543475980047492
2624,0.12542822881256194
2625,0.1254216999203267
2626,0.12541517312357223
2627,0.12540864842210178
2628,0.1254021258157188
2629,0.12539560530422705
2630,0.12538908688743033
2631,0.1253825705651329
2632,0.12537605633713897
2633,0.12536954420325316
2634,0.12536303416328018
2635,0.125356526217025
2636,0.12535002036429288
2637,0.12534351660488913
2638,0.1253370149386194
2639,0.12533051536528947
2640,0.1253240178847054
2641,0.1253175224966734
2642,0.12531102920099993
2643,0.12530453799749164
2644,0.12529804888595536
2645,0.12529156186619816
2646,0.12528507693802735
2647,0.12527859410125036
2648,0.12527211335567492
2649,0.12526563470110885
2650,0.12525915813736027
2651,0.1252526836642375
2652,0.12524621128154897
2653,0.12523974098910348
2654,0.12523327278670984
2655,0.12522680667417718
2656,0.12522034265131482
2657,0.12521388071793227
2658,0.12520742087383918
2659,0.12520096311884554
2660,0.12519450745276134
2661,0.12518805387539697
2662,0.1251816023865629
2663,0.12517515298606982
2664,0.12516870567372862
2665,0.12516226044935042
2666,0.12515581731274644
2667,0.1251493762637282
2668,0.12514293730210738
2669,0.1251365004276958
2670,0.1251300656403056
2671,0.12512363293974896
2672,0.1251172023258383
2673,0.12511077379838637
2674,0.1251043473572059
2675,0.12509792300210995
2676,0.12509150073291167
2677,0.12508508054942452
2678,0.12507866245146207
2679,0.12507224643883813
2680,0.12506583251136658
2681,0.12505942066886164
2682,0.12505301091113757
2683,0.12504660323800898
2684,0.12504019764929047
2685,0.1250337941447971
2686,0.12502739272434377
2687,0.12502099338774583
2688,0.12501459613481872
2689,0.12500820096537807
2690,0.12500180787923962
2691,0.12499541687621943
2692,0.12498902795613366
2693,0.12498264111879862
2694,0.12497625636403091
2695,0.12496987369164718
2696,0.12496349310146433
2697,0.12495711459329946
2698,0.12495073816696979
2699,0.12494436382229271
2700,0.12493799155908585
2701,0.12493162137716698
2702,0.12492525327635405
2703,0.12491888725646516
2704,0.12491252331731861
2705,0.1249061614587329
2706,0.12489980168052665
2707,0.12489344398251864
2708,0.12488708836452793
2709,0.12488073482637362
2710,0.12487438336787499
2711,0.12486803398885167
2712,0.1248616866891232
2713,0.12485534146850946
2714,0.12484899832683047
2715,0.12484265726390635
2716,0.12483631827955748
2717,0.1248299813736043
2718,0.12482364654586756
2719,0.124817313796168
2720,0.12481098312432667
2721,0.1248046545301647
2722,0.1247983280135034
2723,0.12479200357416433
2724,0.12478568121196905
2725,0.12477936092673939
2726,0.1247730427182973
2727,0.1247667265864649
2728,0.1247604125310645
2729,0.12475410055191852
2730,0.12474779064884955
2731,0.12474148282168038
2732,0.1247351770702339
2733,0.12472887339433317
2734,0.1247225717938014
2735,0.12471627226846199
2736,0.12470997481813847
2737,0.12470367944265452
2738,0.12469738614183397
2739,0.12469109491550079
2740,0.12468480576347912
2741,0.12467851868559326
2742,0.12467223368166766
2743,0.1246659507515269
2744,0.12465966989499569
2745,0.12465339111189888
2746,0.12464711440206158
2747,0.12464083976530892
2748,0.12463456720146622
2749,0.12462829671035895
2750,0.12462202829181272
2751,0.12461576194565328
2752,0.12460949767170654
2753,0.12460323546979846
2754,0.12459697533975528
2755,0.12459071728140336
2756,0.12458446129456907
2757,0.12457820737907906
2758,0.12457195553476005
2759,0.12456570576143888
2760,0.12455945805894261
2761,0.12455321242709837
2762,0.1245469688657334
2763,0.12454072737467517
2764,0.12453448795375119
2765,0.12452825060278919
2766,0.1245220153216169
2767,0.12451578211006233
2768,0.12450955096795355
2769,0.12450332189511876
2770,0.1244970948913863
2771,0.12449086995658461
2772,0.12448464709054233
2773,0.12447842629308813
2774,0.12447220756405088
2775,0.12446599090325955
2776,0.12445977631054324
2777,0.12445356378573116
2778,0.12444735332865267
2779,0.12444114493913722
2780,0.12443493861701437
2781,0.12442873436211388
2782,0.12442253217426555
2783,0.12441633205329936
2784,0.12441013399904531
2785,0.12440393801133368
2786,0.1243977440899947
2787,0.12439155223485876
2788,0.12438536244575646
2789,0.12437917472251844
2790,0.12437298906497543
2791,0.12436680547295831
2792,0.12436062394629809
2793,0.12435444448482583
2794,0.12434826708837275
2795,0.12434209175677016
2796,0.1243359184898495
2797,0.12432974728744228
2798,0.12432357814938019
2799,0.1243174110754949
2800,0.12431124606561832
2801,0.12430508311958235
2802,0.12429892223721913
2803,0.12429276341836074
2804,0.1242866066628395
2805,0.12428045197048772
2806,0.12427429934113791
2807,0.12426814877462262
2808,0.12426200027077453
2809,0.12425585382942635
2810,0.12424970945041099
2811,0.12424356713356137
2812,0.12423742687871056
2813,0.12423128868569165
2814,0.12422515255433794
2815,0.12421901848448272
2816,0.12421288647595942
2817,0.12420675652860155
2818,0.12420062864224268
2819,0.12419450281671651
2820,0.12418837905185684
2821,0.12418225734749751
2822,0.12417613770347244
2823,0.1241700201196157
2824,0.12416390459576139
2825,0.12415779113174372
2826,0.12415167972739694
2827,0.12414557038255544
2828,0.12413946309705365
2829,0.12413335787072609
2830,0.12412725470340738
2831,0.12412115359493217
2832,0.12411505454513523
2833,0.12410895755385137
2834,0.1241028626209155
2835,0.12409676974616261
2836,0.12409067892942777
2837,0.12408459017054604
2838,0.12407850346935266
2839,0.12407241882568287
2840,0.12406633623937202
2841,0.1240602557102555
2842,0.12405417723816876
2843,0.12404810082294737
2844,0.1240420264644269
2845,0.12403595416244298
2846,0.12402988391683138
2847,0.12402381572742788
2848,0.1240177495940683
2849,0.12401168551658856
2850,0.12400562349482463
2851,0.12399956352861252
2852,0.12399350561778832
2853,0.12398744976218816
2854,0.12398139596164821
2855,0.12397534421600474
2856,0.12396929452509405
2857,0.12396324688875247
2858,0.12395720130681638
2859,0.12395115777912229
2860,0.12394511630550661
2861,0.12393907688580597
2862,0.1239330395198569
2863,0.12392700420749607
2864,0.12392097094856011
2865,0.12391493974288584
2866,0.12390891059030995
2867,0.12390288349066923
2868,0.12389685844380059
2869,0.12389083544954088
2870,0.12388481450772701
2871,0.12387879561819598
2872,0.12387277878078479
2873,0.12386676399533042
2874,0.12386075126166998
2875,0.12385474057964055
2876,0.12384873194907926
2877,0.12384272536982327
2878,0.12383672084170978
2879,0.12383071836457601
2880,0.12382471793825918
2881,0.12381871956259656
2882,0.12381272323742548
2883,0.12380672896258324
2884,0.12380073673790717
2885,0.12379474656323466
2886,0.12378875843840306
2887,0.12378277236324979
2888,0.12377678833761227
2889,0.12377080636132794
2890,0.12376482643423425
2891,0.1237588485561687
2892,0.12375287272696872
2893,0.12374689894647181
2894,0.12374092721451552
2895,0.1237349575309373
2896,0.12372898989557476
2897,0.12372302430826534
2898,0.12371706076884666
2899,0.12371109927715619
2900,0.12370513983303158
2901,0.12369918243631027
2902,0.12369322708682988
2903,0.12368727378442798
2904,0.12368132252894207
2905,0.1236753733202097
2906,0.1236694261580685
2907,0.12366348104235594
2908,0.1236575379729096
2909,0.12365159694956698
2910,0.12364565797216565
2911,0.1236397210405431
2912,0.12363378615453685
2913,0.12362785331398439
2914,0.12362192251872324
2915,0.12361599376859082
2916,0.1236100670634246
2917,0.12360414240306206
2918,0.12359821978734056
2919,0.12359229921609759
2920,0.12358638068917045
2921,0.12358046420639657
2922,0.12357454976761326
2923,0.12356863737265783
2924,0.1235627270213676
2925,0.12355681871357982
2926,0.12355091244913176
2927,0.12354500822786059
2928,0.12353910604960357
2929,0.12353320591419775
2930,0.12352730782148033
2931,0.12352141177128839
2932,0.12351551776345898
2933,0.12350962579782908
2934,0.1235037358742357
2935,0.12349784799251581
2936,0.12349196215250625
2937,0.12348607835404395
2938,0.12348019659696569
2939,0.12347431688110821
2940,0.12346843920630833
2941,0.12346256357240266
2942,0.12345668997922787
2943,0.12345081842662056
2944,0.12344494891441726
2945,0.12343908144245447
2946,0.12343321601056859
2947,0.12342735261859603
2948,0.12342149126637311
2949,0.12341563195373613
2950,0.12340977468052125
2951,0.12340391944656466
2952,0.12339806625170244
2953,0.12339221509577063
2954,0.12338636597860522
2955,0.12338051890004206
2956,0.12337467385991704
2957,0.12336883085806591
2958,0.12336298989432437
2959,0.1233571509685281
2960,0.1233513140805126
2961,0.12334547923011341
2962,0.12333964641716592
2963,0.1233338156415055
2964,0.12332798690296737
2965,0.12332216020138677
2966,0.12331633553659879
2967,0.12331051290843846
2968,0.12330469231674074
2969,0.12329887376134047
2970,0.12329305724207246
2971,0.12328724275877143
2972,0.12328143031127191
2973,0.12327561989940847
2974,0.12326981152301555
2975,0.12326400518192746
2976,0.12325820087597847
2977,0.12325239860500274
2978,0.12324659836883431
2979,0.12324080016730715
2980,0.1232350040002551
2981,0.12322920986751197
2982,0.12322341776891138
2983,0.12321762770428693
2984,0.12321183967347205
2985,0.12320605367630011
2986,0.12320026971260434
2987,0.12319448778221792
2988,0.12318870788497381
2989,0.12318293002070498
2990,0.12317715418924424
2991,0.12317138039042426
2992,0.12316560862407767
2993,0.12315983889003687
2994,0.12315407118813423
2995,0.123148305518202
2996,0.12314254188007227
2997,0.12313678027357702
2998,0.12313102069854812
2999,0.12312526315481734
3000,0.12311950764221623
3001,0.12311375416057635
3002,0.12310800270972899
3003,0.12310225328950541
3004,0.1230965058997367
3005,0.12309076054025384
3006,0.1230850172108876
3007,0.12307927591146876
3008,0.1230735366418278
3009,0.12306779940179521
3010,0.12306206419120119
3011,0.1230563310098759
3012,0.12305059985764936
3013,0.1230448707343514
3014,0.12303914363981172
3015,0.12303341857385988
3016,0.12302769553632525
3017,0.12302197452703717
3018,0.1230162555458247
3019,0.12301053859251676
3020,0.12300482366694217
3021,0.12299911076892958
3022,0.12299339989830747
3023,0.12298769105490417
3024,0.12298198423854786
3025,0.12297627944906649
3026,0.12297057668628796
3027,0.12296487595003992
3028,0.12295917724014988
3029,0.12295348055644519
3030,0.12294778589875302
3031,0.12294209326690034
3032,0.12293640266071405
3033,0.12293071408002078
3034,0.12292502752464698
3035,0.122919342994419
3036,0.12291366048916298
3037,0.1229079800087048
3038,0.1229023015528703
3039,0.12289662512148504
3040,0.12289095071437442
3041,0.12288527833136367
3042,0.12287960797227787
3043,0.12287393963694176
3044,0.12286827332518008
3045,0.12286260903681726
3046,0.12285694677167759
3047,0.12285128652958512
3048,0.12284562831036377
3049,0.12283997211383725
3050,0.12283431793982896
3051,0.12282866578816229
3052,0.12282301565866022
3053,0.12281736755114576
3054,0.1228117214654415
3055,0.12280607740136996
3056,0.12280043535875339
3057,0.12279479533741385
3058,0.12278915733717319
3059,0.12278352135785306
3060,0.12277788739927491
3061,0.12277225546125987
3062,0.12276662554362903
3063,0.12276099764620313
3064,0.12275537176880269
3065,0.12274974791124815
3066,0.12274412607335954
3067,0.12273850625495678
3068,0.12273288845585953
3069,0.12272727267588725
3070,0.12272165891485917
3071,0.12271604717259424
3072,0.12271043744891122
3073,0.12270482974362866
3074,0.12269922405656485
3075,0.12269362038753782
3076,0.12268801873636537
3077,0.12268241910286516
3078,0.12267682148685446
3079,0.1226712258881504
3080,0.12266563230656981
3081,0.12266004074192932
3082,0.1226544511940453
3083,0.12264886366273389
3084,0.12264327814781092
3085,0.12263769464909204
3086,0.12263211316639261
3087,0.12262653369952775
3088,0.1226209562483123
3089,0.1226153808125609
3090,0.12260980739208788
3091,0.12260423598670739
3092,0.12259866659623317
3093,0.12259309922047884
3094,0.12258753385925768
3095,0.12258197051238276
3096,0.12257640917966683
3097,0.1225708498609224
3098,0.12256529255596173
3099,0.12255973726459678
3100,0.1225541839866392
3101,0.12254863272190047
3102,0.12254308347019169
3103,0.12253753623132373
3104,0.12253199100510723
3105,0.1225264477913525
3106,0.12252090658986949
3107,0.12251536740046803
3108,0.12250983022295753
3109,0.12250429505714719
3110,0.12249876190284589
3111,0.12249323075986225
3112,0.1224877016280046
3113,0.1224821745070809
3114,0.12247664939689892
3115,0.12247112629726611
3116,0.12246560520798958
3117,0.12246008612887616
3118,0.1224545690597324
3119,0.12244905400036456
3120,0.12244354095057858
3121,0.1224380299101801
3122,0.12243252087897441
3123,0.12242701385676658
3124,0.12242150884336132
3125,0.12241600583856303
3126,0.12241050484217579
3127,0.12240500585400343
3128,0.12239950887384943
3129,0.12239401390151687
3130,0.12238852093680869
3131,0.12238302997952735
3132,0.12237754102947507
3133,0.12237205408645377
3134,0.12236656915026498
3135,0.12236108622070992
3136,0.12235560529758954
3137,0.1223501263807044
3138,0.1223446494698548
3139,0.12233917456484061
3140,0.12233370166546152
3141,0.12232823077151672
3142,0.12232276188280516
3143,0.12231729499912543
3144,0.12231183012027586
3145,0.12230636724605427
3146,0.12230090637625832
3147,0.12229544751068522
3148,0.1222899906491319
3149,0.12228453579139485
3150,0.1222790829372704
3151,0.1222736320865543
3152,0.12226818323904214
3153,0.12226273639452903
3154,0.12225729155280984
3155,0.122251848713679
3156,0.12224640787693067
3157,0.12224096904235854
3158,0.12223553220975605
3159,0.12223009737891624
3160,0.12222466454963177
3161,0.12221923372169498
3162,0.12221380489489782
3163,0.12220837806903193
3164,0.12220295324388844
3165,0.12219753041925832
3166,0.12219210959493199
3167,0.1221866907706996
3168,0.12218127394635095
3169,0.12217585912167539
3170,0.1221704462964619
3171,0.12216503547049916
3172,0.1221596266435754
3173,0.12215421981547853
3174,0.12214881498599603
3175,0.12214341215491503
3176,0.12213801132202225
3177,0.12213261248710408
3178,0.12212721564994648
3179,0.12212182081033507
3180,0.122116427968055
3181,0.12211103712289108
3182,0.12210564827462776
3183,0.1221002614230491
3184,0.12209487656793863
3185,0.1220894937090797
3186,0.12208411284625512
3187,0.12207873397924733
3188,0.12207335710783837
3189,0.12206798223180995
3190,0.12206260935094328
3191,0.1220572384650192
3192,0.1220518695738182
3193,0.12204650267712026
3194,0.12204113777470507
3195,0.12203577486635181
3196,0.12203041395183933
3197,0.12202505503094606
3198,0.12201969810344994
3199,0.12201434316912861
3200,0.12200899022775921
3201,0.12200363927911848
3202,0.12199829032298277
3203,0.12199294335912801
3204,0.12198759838732967
3205,0.12198225540736288
3206,0.12197691441900226
3207,0.12197157542202205
3208,0.12196623841619605
3209,0.12196090340129764
3210,0.12195557037709982
3211,0.12195023934337508
3212,0.12194491029989549
3213,0.12193958324643274
3214,0.12193425818275806
3215,0.12192893510864228
3216,0.1219236140238557
3217,0.12191829492816833
3218,0.1219129778213496
3219,0.12190766270316858
3220,0.12190234957339387
3221,0.12189703843179364
3222,0.12189172927813562
3223,0.1218864221121871
3224,0.12188111693371494
3225,0.12187581374248548
3226,0.1218705125382647
3227,0.12186521332081808
3228,0.12185991608991069
3229,0.12185462084530709
3230,0.12184932758677142
3231,0.1218440363140674
3232,0.12183874702695824
3233,0.12183345972520672
3234,0.12182817440857516
3235,0.1218228910768254
3236,0.12181760972971889
3237,0.1218123303670165
3238,0.12180705298847874
3239,0.12180177759386565
3240,0.12179650418293674
3241,0.12179123275545109
3242,0.12178596331116734
3243,0.12178069584984362
3244,0.12177543037123764
3245,0.12177016687510656
3246,0.12176490536120714
3247,0.1217596458292956
3248,0.12175438827912781
3249,0.12174913271045901
3250,0.12174387912304405
3251,0.12173862751663728
3252,0.12173337789099263
3253,0.12172813024586343
3254,0.12172288458100265
3255,0.12171764089616273
3256,0.12171239919109557
3257,0.12170715946555268
3258,0.12170192171928501
3259,0.12169668595204308
3260,0.12169145216357688
3261,0.12168622035363597
3262,0.12168099052196932
3263,0.12167576266832549
3264,0.12167053679245252
3265,0.12166531289409797
3266,0.1216600909730089
3267,0.12165487102893185
3268,0.1216496530616129
3269,0.12164443707079764
3270,0.12163922305623108
3271,0.1216340110176578
3272,0.1216288009548219
3273,0.12162359286746695
3274,0.12161838675533596
3275,0.1216131826181715
3276,0.12160798045571564
3277,0.1216027802677099
3278,0.12159758205389536
3279,0.1215923858140125
3280,0.12158719154780136
3281,0.12158199925500143
3282,0.12157680893535174
3283,0.12157162058859075
3284,0.12156643421445643
3285,0.12156124981268623
3286,0.12155606738301714
3287,0.12155088692518554
3288,0.1215457084389273
3289,0.12154053192397787
3290,0.12153535738007207
3291,0.12153018480694429
3292,0.12152501420432829
3293,0.12151984557195747
3294,0.1215146789095645
3295,0.12150951421688172
3296,0.1215043514936408
3297,0.12149919073957297
3298,0.12149403195440892
3299,0.12148887513787875
3300,0.12148372028971208
3301,0.12147856740963803
3302,0.12147341649738513
3303,0.1214682675526814
3304,0.12146312057525438
3305,0.12145797556483093
3306,0.12145283252113755
3307,0.12144769144390008
3308,0.12144255233284387
3309,0.12143741518769374
3310,0.12143228000817397
3311,0.12142714679400828
3312,0.12142201554491984
3313,0.12141688626063132
3314,0.12141175894086481
3315,0.12140663358534193
3316,0.12140151019378362
3317,0.12139638876591038
3318,0.12139126930144219
3319,0.12138615180009833
3320,0.12138103626159773
3321,0.12137592268565862
3322,0.12137081107199878
3323,0.12136570142033536
3324,0.12136059373038499
3325,0.1213554880018638
3326,0.12135038423448727
3327,0.12134528242797042
3328,0.12134018258202765
3329,0.12133508469637282
3330,0.12132998877071927
3331,0.12132489480477976
3332,0.12131980279826647
3333,0.12131471275089104
3334,0.12130962466236456
3335,0.12130453853239755
3336,0.12129945436069998
3337,0.12129437214698127
3338,0.1212892918909502
3339,0.1212842135923151
3340,0.12127913725078367
3341,0.12127406286606304
3342,0.12126899043785982
3343,0.12126391996588
3344,0.12125885144982906
3345,0.12125378488941185
3346,0.12124872028433277
3347,0.12124365763429547
3348,0.12123859693900316
3349,0.12123353819815844
3350,0.12122848141146336
3351,0.1212234265786194
3352,0.12121837369932742
3353,0.12121332277328781
3354,0.12120827380020023
3355,0.12120322677976389
3356,0.1211981817116774
3357,0.12119313859563877
3358,0.12118809743134544
3359,0.1211830582184943
3360,0.12117802095678165
3361,0.12117298564590316
3362,0.121167952285554
3363,0.12116292087542876
3364,0.12115789141522132
3365,0.12115286390462517
3366,0.12114783834333305
3367,0.12114281473103727
3368,0.12113779306742939
3369,0.12113277335220056
3370,0.12112775558504123
3371,0.12112273976564128
3372,0.12111772589369005
3373,0.12111271396887628
3374,0.12110770399088809
3375,0.12110269595941303
3376,0.1210976898741381
3377,0.12109268573474966
3378,0.1210876835409335
3379,0.12108268329237483
3380,0.12107768498875827
3381,0.12107268862976785
3382,0.12106769421508701
3383,0.12106270174439857
3384,0.12105771121738482
3385,0.12105272263372738
3386,0.12104773599310734
3387,0.1210427512952052
3388,0.12103776853970083
3389,0.12103278772627347
3390,0.12102780885460189
3391,0.12102283192436414
3392,0.12101785693523778
3393,0.12101288388689962
3394,0.12100791277902606
3395,0.12100294361129282
3396,0.12099797638337499
3397,0.12099301109494709
3398,0.12098804774568306
3399,0.1209830863352562
3400,0.12097812686333925
3401,0.12097316932960435
3402,0.12096821373372302
3403,0.1209632600753662
3404,0.12095830835420421
3405,0.12095335856990677
3406,0.12094841072214302
3407,0.12094346481058146
3408,0.12093852083489007
3409,0.1209335787947361
3410,0.1209286386897863
3411,0.12092370051970681
3412,0.12091876428416311
3413,0.12091382998282012
3414,0.1209088976153421
3415,0.12090396718139286
3416,0.12089903868063538
3417,0.12089411211273221
3418,0.12088918747734521
3419,0.12088426477413569
3420,0.12087934400276427
3421,0.12087442516289108
3422,0.12086950825417556
3423,0.12086459327627654
3424,0.1208596802288523
3425,0.12085476911156043
3426,0.12084985992405804
3427,0.12084495266600148
3428,0.12084004733704658
3429,0.12083514393684858
3430,0.12083024246506206
3431,0.120825342921341
3432,0.12082044530533881
3433,0.12081554961670822
3434,0.12081065585510142
3435,0.12080576402016996
3436,0.12080087411156479
3437,0.1207959861289362
3438,0.12079110007193397
3439,0.12078621594020715
3440,0.12078133373340431
3441,0.12077645345117329
3442,0.12077157509316135
3443,0.12076669865901524
3444,0.12076182414838094
3445,0.12075695156090391
3446,0.120752080896229
3447,0.12074721215400042
3448,0.1207423453338618
3449,0.12073748043545605
3450,0.12073261745842569
3451,0.1207277564024124
3452,0.12072289726705734
3453,0.12071804005200108
3454,0.12071318475688354
3455,0.1207083313813441
3456,0.12070347992502138
3457,0.12069863038755353
3458,0.12069378276857802
3459,0.12068893706773172
3460,0.12068409328465086
3461,0.12067925141897114
3462,0.12067441147032754
3463,0.12066957343835447
3464,0.12066473732268579
3465,0.12065990312295459
3466,0.12065507083879357
3467,0.12065024046983464
3468,0.1206454120157091
3469,0.12064058547604775
3470,0.1206357608504807
3471,0.12063093813863741
3472,0.12062611734014683
3473,0.12062129845463723
3474,0.12061648148173627
3475,0.120611666421071
3476,0.12060685327226789
3477,0.12060204203495273
3478,0.12059723270875075
3479,0.12059242529328656
3480,0.12058761978818415
3481,0.12058281619306688
3482,0.12057801450755751
3483,0.12057321473127822
3484,0.1205684168638505
3485,0.12056362090489532
3486,0.12055882685403296
3487,0.12055403471088313
3488,0.1205492444750649
3489,0.1205444561461968
3490,0.1205396697238966
3491,0.1205348852077816
3492,0.12053010259746846
3493,0.12052532189257316
3494,0.12052054309271112
3495,0.12051576619749717
3496,0.12051099120654547
3497,0.12050621811946961
3498,0.12050144693588256
3499,0.12049667765539669
3500,0.12049191027762372
3501,0.12048714480217479
3502,0.12048238122866042
3503,0.12047761955669056
3504,0.12047285978587446
3505,0.12046810191582086
3506,0.1204633459461378
3507,0.1204585918764328
3508,0.12045383970631272
3509,0.1204490894353838
3510,0.1204443410632517
3511,0.12043959458952141
3512,0.12043485001379745
3513,0.12043010733568356
3514,0.12042536655478303
3515,0.12042062767069843
3516,0.12041589068303173
3517,0.12041115559138439
3518,0.12040642239535715
3519,0.12040169109455019
3520,0.12039696168856312
3521,0.12039223417699492
3522,0.12038750855944386
3523,0.12038278483550781
3524,0.12037806300478386
3525,0.12037334306686857
3526,0.1203686250213579
3527,0.12036390886784719
3528,0.12035919460593116
3529,0.12035448223520395
3530,0.1203497717552591
3531,0.12034506316568955
3532,0.1203403564660876
3533,0.12033565165604496
3534,0.12033094873515282
3535,0.12032624770300165
3536,0.12032154855918138
3537,0.12031685130328137
3538,0.12031215593489031
3539,0.12030746245359628
3540,0.12030277085898688
3541,0.120298081150649
3542,0.12029339332816899
3543,0.12028870739113251
3544,0.12028402333912477
3545,0.12027934117173031
3546,0.12027466088853299
3547,0.12026998248911622
3548,0.1202653059730627
3549,0.12026063133995465
3550,0.12025595858937355
3551,0.12025128772090043
3552,0.1202466187341156
3553,0.12024195162859888
3554,0.12023728640392943
3555,0.12023262305968586
3556,0.12022796159544617
3557,0.12022330201078775
3558,0.12021864430528742
3559,0.12021398847852142
3560,0.12020933453006541
3561,0.12020468245949437
3562,0.12020003226638282
3563,0.12019538395030462
3564,0.12019073751083306
3565,0.12018609294754082
3566,0.12018145025999999
3567,0.1201768094477822
3568,0.1201721705104582
3569,0.12016753344759853
3570,0.12016289825877287
3571,0.12015826494355045
3572,0.12015363350149984
3573,0.12014900393218908
3574,0.12014437623518562
3575,0.12013975041005626
3576,0.12013512645636736
3577,0.12013050437368455
3578,0.120125884161573
3579,0.12012126581959726
3580,0.12011664934732123
3581,0.12011203474430832
3582,0.12010742201012135
3583,0.12010281114432256
3584,0.12009820214647358
3585,0.12009359501613553
3586,0.12008898975286886
3587,0.12008438635623356
3588,0.12007978482578896
3589,0.12007518516109383
3590,0.12007058736170644
3591,0.12006599142718438
3592,0.12006139735708476
3593,0.12005680515096409
3594,0.12005221480837826
3595,0.1200476263288827
3596,0.1200430397120322
3597,0.12003845495738097
3598,0.12003387206448268
3599,0.12002929103289042
3600,0.12002471186215678
3601,0.12002013455183369
3602,0.1200155591014726
3603,0.12001098551062434
3604,0.12000641377883918
3605,0.1200018439056669
3606,0.11999727589065659
3607,0.11999270973335695
3608,0.11998814543331594
3609,0.11998358299008113
3610,0.11997902240319944
3611,0.11997446367221717
3612,0.11996990679668028
3613,0.11996535177613392
3614,0.11996079861012288
3615,0.11995624729819127
3616,0.11995169783988273
3617,0.11994715023474033
3618,0.11994260448230655
3619,0.11993806058212339
3620,0.11993351853373224
3621,0.11992897833667392
3622,0.11992443999048882
3623,0.11991990349471665
3624,0.11991536884889666
3625,0.11991083605256755
3626,0.1199063051052674
3627,0.11990177600653387
3628,0.11989724875590395
3629,0.11989272335291418
3630,0.11988819979710053
3631,0.11988367808799842
3632,0.11987915822514272
3633,0.11987464020806783
3634,0.11987012403630758
3635,0.11986560970939515
3636,0.11986109722686339
3637,0.11985658658824447
3638,0.11985207779307006
3639,0.11984757084087133
3640,0.1198430657311789
3641,0.11983856246352279
3642,0.11983406103743262
3643,0.1198295614524374
3644,0.11982506370806566
3645,0.11982056780384531
3646,0.11981607373930389
3647,0.1198115815139682
3648,0.11980709112736472
3649,0.11980260257901933
3650,0.11979811586845734
3651,0.1197936309952036
3652,0.11978914795878244
3653,0.11978466675871764
3654,0.1197801873945325
3655,0.11977570986574974
3656,0.11977123417189162
3657,0.1197667603124799
3658,0.11976228828703575
3659,0.11975781809507989
3660,0.1197533497361325
3661,0.11974888320971327
3662,0.1197444185153414
3663,0.11973995565253549
3664,0.1197354946208137
3665,0.11973103541969375
3666,0.11972657804869268
3667,0.11972212250732718
3668,0.11971766879511338
3669,0.11971321691156689
3670,0.11970876685620281
3671,0.11970431862853587
3672,0.1196998722280801
3673,0.11969542765434915
3674,0.11969098490685616
3675,0.11968654398511377
3676,0.11968210488863414
3677,0.11967766761692883
3678,0.11967323216950908
3679,0.1196687985458855
3680,0.11966436674556827
3681,0.11965993676806709
3682,0.11965550861289115
3683,0.11965108227954914
3684,0.11964665776754924
3685,0.11964223507639922
3686,0.11963781420560632
3687,0.11963339515467732
3688,0.11962897792311848
3689,0.11962456251043557
3690,0.11962014891613398
3691,0.11961573713971849
3692,0.11961132718069349
3693,0.11960691903856288
3694,0.11960251271283001
3695,0.1195981082029979
3696,0.11959370550856896
3697,0.11958930462904521
3698,0.11958490556392815
3699,0.11958050831271883
3700,0.11957611287491784
3701,0.1195717192500253
3702,0.1195673274375409
3703,0.11956293743696372
3704,0.11955854924779258
3705,0.11955416286952569
3706,0.11954977830166084
3707,0.11954539554369545
3708,0.11954101459512625
3709,0.11953663545544979
3710,0.11953225812416197
3711,0.11952788260075832
3712,0.1195235088847339
3713,0.11951913697558325
3714,0.11951476687280059
3715,0.1195103985758796
3716,0.11950603208431351
3717,0.11950166739759513
3718,0.1194973045152168
3719,0.11949294343667044
3720,0.1194885841614475
3721,0.11948422668903902
3722,0.11947987101893556
3723,0.11947551715062726
3724,0.11947116508360381
3725,0.11946681481735448
3726,0.11946246635136805
3727,0.11945811968513297
3728,0.11945377481813713
3729,0.11944943174986808
3730,0.11944509047981289
3731,0.11944075100745824
3732,0.1194364133322903
3733,0.11943207745379492
3734,0.11942774337145744
3735,0.11942341108476277
3736,0.11941908059319548
3737,0.11941475189623962
3738,0.11941042499337891
3739,0.11940609988409658
3740,0.11940177656787544
3741,0.11939745504419792
3742,0.119393135312546
3743,0.11938881737240128
3744,0.11938450122324495
3745,0.11938018686455769
3746,0.11937587429581989
3747,0.11937156351651149
3748,0.11936725452611197
3749,0.11936294732410048
3750,0.1193586419099557
3751,0.11935433828315592
3752,0.1193500364431791
3753,0.11934573638950266
3754,0.11934143812160375
3755,0.11933714163895903
3756,0.11933284694104479
3757,0.11932855402733696
3758,0.11932426289731099
3759,0.11931997355044204
3760,0.11931568598620479
3761,0.11931140020407359
3762,0.11930711620352231
3763,0.11930283398402455
3764,0.11929855354505345
3765,0.11929427488608174
3766,0.11928999800658185
3767,0.11928572290602574
3768,0.11928144958388504
3769,0.11927717803963099
3770,0.1192729082727344
3771,0.11926864028266579
3772,0.11926437406889524
3773,0.11926010963089245
3774,0.1192558469681268
3775,0.11925158608006725
3776,0.1192473269661824
3777,0.11924306962594043
3778,0.1192388140588093
3779,0.11923456026425645
3780,0.11923030824174898
3781,0.1192260579907537
3782,0.11922180951073698
3783,0.11921756280116486
3784,0.11921331786150302
3785,0.11920907469121678
3786,0.11920483328977108
3787,0.11920059365663055
3788,0.11919635579125937
3789,0.11919211969312152
3790,0.11918788536168048
3791,0.11918365279639948
3792,0.11917942199674131
3793,0.1191751929621685
3794,0.11917096569214317
3795,0.1191667401861271
3796,0.11916251644358178
3797,0.11915829446396829
3798,0.11915407424674745
3799,0.11914985579137963
3800,0.11914563909732495
3801,0.11914142416404315
3802,0.11913721099099364
3803,0.11913299957763555
3804,0.11912878992342757
3805,0.11912458202782815
3806,0.11912037589029537
3807,0.119116171510287
3808,0.11911196888726047
3809,0.11910776802067288
3810,0.11910356890998101
3811,0.11909937155464133
3812,0.11909517595410996
3813,0.11909098210784273
3814,0.11908679001529514
3815,0.11908259967592238
3816,0.11907841108917928
3817,0.11907422425452044
3818,0.11907003917140005
3819,0.11906585583927208
3820,0.11906167425759015
3821,0.1190574944258075
3822,0.11905331634337718
3823,0.11904914000975189
3824,0.11904496542438403
3825,0.11904079258672566
3826,0.11903662149622855
3827,0.11903245215234423
3828,0.11902828455452386
3829,0.11902411870221836
3830,0.11901995459487827
3831,0.11901579223195392
3832,0.11901163161289534
3833,0.11900747273715219
3834,0.11900331560417395
3835,0.11899916021340974
3836,0.11899500656430839
3837,0.11899085465631848
3838,0.11898670448888832
3839,0.11898255606146588
3840,0.11897840937349882
3841,0.11897426442443469
3842,0.11897012121372055
3843,0.11896597974080332
3844,0.11896184000512962
3845,0.11895770200614575
3846,0.1189535657432978
3847,0.11894943121603153
3848,0.1189452984237925
3849,0.11894116736602592
3850,0.11893703804217676
3851,0.1189329104516898
3852,0.11892878459400946
3853,0.11892466046857993
3854,0.11892053807484514
3855,0.11891641741224879
3856,0.11891229848023423
3857,0.11890818127824468
3858,0.11890406580572299
3859,0.11889995206211187
3860,0.11889584004685368
3861,0.11889172975939058
3862,0.11888762119916446
3863,0.11888351436561698
3864,0.11887940925818953
3865,0.11887530587632328
3866,0.11887120421945913
3867,0.11886710428703777
3868,0.11886300607849962
3869,0.11885890959328488
3870,0.1188548148308335
3871,0.11885072179058524
3872,0.11884663047197952
3873,0.11884254087445568
3874,0.11883845299745266
3875,0.1188343668404093
3876,0.11883028240276414
3877,0.11882619968395552
3878,0.11882211868342157
3879,0.11881803940060014
3880,0.11881396183492894
3881,0.1188098859858454
3882,0.11880581185278673
3883,0.11880173943518993
3884,0.1187976687324918
3885,0.1187935997441289
3886,0.11878953246953762
3887,0.11878546690815407
3888,0.11878140305941422
3889,0.11877734092275377
3890,0.11877328049760823
3891,0.11876922178341295
3892,0.11876516477960299
3893,0.11876110948561329
3894,0.11875705590087854
3895,0.11875300402483327
3896,0.1187489538569117
3897,0.118744905396548
3898,0.11874085864317609
3899,0.11873681359622963
3900,0.11873277025514214
3901,0.118728728619347
3902,0.11872468868827732
3903,0.11872065046136603
3904,0.11871661393804593
3905,0.11871257911774956
3906,0.1187085459999093
3907,0.11870451458395745
3908,0.11870048486932591
3909,0.11869645685544658
3910,0.11869243054175116
3911,0.11868840592767108
3912,0.11868438301263771
3913,0.11868036179608218
3914,0.11867634227743541
3915,0.11867232445612824
3916,0.11866830833159128
3917,0.11866429390325502
3918,0.11866028117054972
3919,0.11865627013290549
3920,0.11865226078975233
3921,0.11864825314052002
3922,0.11864424718463823
3923,0.11864024292153638
3924,0.11863624035064385
3925,0.11863223947138975
3926,0.11862824028320315
3927,0.11862424278551287
3928,0.1186202469777476
3929,0.1186162528593359
3930,0.1186122604297062
3931,0.11860826968828674
3932,0.11860428063450562
3933,0.1186002932677908
3934,0.11859630758757013
3935,0.11859232359327126
3936,0.11858834128432175
3937,0.11858436066014896
3938,0.1185803817201802
3939,0.11857640446384256
3940,0.11857242889056306
3941,0.11856845499976854
3942,0.11856448279088569
3943,0.11856051226334116
3944,0.11855654341656138
3945,0.11855257624997269
3946,0.11854861076300133
3947,0.11854464695507336
3948,0.11854068482561475
3949,0.11853672437405134
3950,0.11853276559980887
3951,0.11852880850231289
3952,0.11852485308098892
3953,0.11852089933526236
3954,0.11851694726455843
3955,0.11851299686830226
3956,0.11850904814591892
3957,0.11850510109683329
3958,0.11850115572047017
3959,0.11849721201625428
3960,0.11849326998361026
3961,0.11848932962196257
3962,0.11848539093073557
3963,0.11848145390935358
3964,0.11847751855724074
3965,0.11847358487382123
3966,0.11846965285851896
3967,0.11846572251075786
3968,0.11846179382996173
3969,0.11845786681555427
3970,0.11845394146695909
3971,0.11845001778359972
3972,0.11844609576489959
3973,0.11844217541028204
3974,0.11843825671917035
3975,0.11843433969098774
3976,0.11843042432515721
3977,0.11842651062110186
3978,0.11842259857824458
3979,0.1184186881960082
3980,0.11841477947381554
3981,0.11841087241108926
3982,0.11840696700725206
3983,0.1184030632617264
3984,0.11839916117393481
3985,0.11839526074329967
3986,0.11839136196924335
3987,0.11838746485118812
3988,0.11838356938855618
3989,0.11837967558076963
3990,0.11837578342725058
3991,0.11837189292742109
3992,0.11836800408070303
3993,0.11836411688651835
3994,0.11836023134428886
3995,0.11835634745343637
3996,0.11835246521338257
3997,0.11834858462354914
3998,0.1183447056833577
3999,0.11834082839222981
4000,0.11833695274958701
4001,0.11833307875485076
4002,0.11832920640744247
4003,0.11832533570678352
4004,0.11832146665229523
4005,0.11831759924339894
4006,0.11831373347951583
4007,0.11830986936006715
4008,0.11830600688447404
4009,0.11830214605215766
4010,0.11829828686253911
4011,0.11829442931503942
4012,0.11829057340907961
4013,0.11828671914408072
4014,0.11828286651946368
4015,0.11827901553464944
4016,0.11827516618905891
4017,0.11827131848211295
4018,0.11826747241323242
4019,0.1182636279818382
4020,0.11825978518735104
4021,0.11825594402919175
4022,0.11825210450678109
4023,0.11824826661953981
4024,0.11824443036688868
4025,0.11824059574824838
4026,0.11823676276303963
4027,0.1182329314106831
4028,0.11822910169059948
4029,0.11822527360220943
4030,0.1182214471449336
4031,0.11821762231819269
4032,0.1182137991214073
4033,0.11820997755399806
4034,0.11820615761538567
4035,0.11820233930499065
4036,0.11819852262223374
4037,0.11819470756653551
4038,0.11819089413731663
4039,0.11818708233399772
4040,0.1181832721559994
4041,0.11817946360274234
4042,0.11817565667364718
4043,0.11817185136813461
4044,0.11816804768562525
4045,0.11816424562553983
4046,0.11816044518729898
4047,0.11815664637032347
4048,0.11815284917403397
4049,0.11814905359785126
4050,0.11814525964119607
4051,0.11814146730348916
4052,0.11813767658415134
4053,0.11813388748260338
4054,0.11813009999826618
4055,0.11812631413056053
4056,0.11812252987890737
4057,0.11811874724272758
4058,0.1181149662214421
4059,0.11811118681447189
4060,0.11810740902123792
4061,0.1181036328411613
4062,0.11809985827366298
4063,0.11809608531816411
4064,0.11809231397408583
4065,0.11808854424084926
4066,0.11808477611787561
4067,0.11808100960458616
4068,0.11807724470040211
4069,0.11807348140474484
4070,0.11806971971703571
4071,0.11806595963669611
4072,0.11806220116314753
4073,0.11805844429581136
4074,0.11805468903410929
4075,0.11805093537746277
4076,0.11804718332529354
4077,0.11804343287702328
4078,0.1180396840320737
4079,0.11803593678986665
4080,0.11803219114982395
4081,0.11802844711136752
4082,0.11802470467391935
4083,0.11802096383690143
4084,0.11801722459973586
4085,0.11801348696184483
4086,0.11800975092265045
4087,0.11800601648157512
4088,0.11800228363804106
4089,0.11799855239147078
4090,0.11799482274128668
4091,0.11799109468691132
4092,0.11798736822776733
4093,0.11798364336327737
4094,0.11797992009286415
4095,0.11797619841595057
4096,0.11797247833195948
4097,0.11796875984031388
4098,0.1179650429404368
4099,0.11796132763175139
4100,0.11795761391368084
4101,0.11795390178564846
4102,0.11795019124707758
4103,0.11794648229739169
4104,0.11794277493601427
4105,0.117939069162369
4106,0.11793536497587959
4107,0.11793166237596978
4108,0.11792796136206347
4109,0.11792426193358466
4110,0.11792056408995741
4111,0.11791686783060583
4112,0.11791317315495418
4113,0.11790948006242684
4114,0.11790578855244821
4115,0.11790209862444287
4116,0.11789841027783535
4117,0.11789472351205048
4118,0.11789103832651306
4119,0.11788735472064799
4120,0.11788367269388034
4121,0.1178799922456352
4122,0.11787631337533785
4123,0.1178726360824136
4124,0.11786896036628797
4125,0.11786528622638645
4126,0.11786161366213473
4127,0.1178579426729586
4128,0.11785427325828393
4129,0.11785060541753672
4130,0.11784693915014313
4131,0.11784327445552933
4132,0.11783961133312171
4133,0.11783594978234672
4134,0.11783228980263093
4135,0.11782863139340105
4136,0.11782497455408387
4137,0.11782131928410638
4138,0.1178176655828956
4139,0.11781401344987874
4140,0.11781036288448307
4141,0.11780671388613612
4142,0.11780306645426533
4143,0.11779942058829847
4144,0.11779577628766336
4145,0.11779213355178789
4146,0.1177884923801002
4147,0.11778485277202842
4148,0.11778121472700098
4149,0.11777757824444635
4150,0.11777394332379307
4151,0.11777030996446995
4152,0.11776667816590587
4153,0.11776304792752984
4154,0.11775941924877102
4155,0.11775579212905875
4156,0.11775216656782243
4157,0.11774854256449163
4158,0.11774492011849617
4159,0.11774129922926585
4160,0.11773767989623073
4161,0.11773406211882095
4162,0.11773044589646686
4163,0.11772683122859887
4164,0.11772321811464766
4165,0.11771960655404393
4166,0.11771599654621863
4167,0.11771238809060282
4168,0.11770878118662775
4169,0.11770517583372478
4170,0.11770157203132545
4171,0.11769796977886139
4172,0.11769436907576454
4173,0.11769076992146685
4174,0.11768717231540052
4175,0.11768357625699787
4176,0.11767998174569133
4177,0.11767638878091366
4178,0.11767279736209758
4179,0.11766920748867613
4180,0.11766561916008242
4181,0.11766203237574979
4182,0.1176584471351117
4183,0.11765486343760181
4184,0.11765128128265394
4185,0.11764770066970207
4186,0.11764412159818037
4187,0.1176405440675232
4188,0.117636968077165
4189,0.11763339362654052
4190,0.11762982071508457
4191,0.11762624934223223
4192,0.11762267950741866
4193,0.11761911121007929
4194,0.11761554444964968
4195,0.11761197922556556
4196,0.11760841553726288
4197,0.11760485338417775
4198,0.11760129276574645
4199,0.11759773368140546
4200,0.11759417613059148
4201,0.11759062011274134
4202,0.11758706562729204
4203,0.11758351267368085
4204,0.11757996125134518
4205,0.11757641135972262
4206,0.11757286299825094
4207,0.11756931616636816
4208,0.11756577086351247
4209,0.11756222708912217
4210,0.1175586848426359
4211,0.1175551441234924
4212,0.1175516049311306
4213,0.11754806726498968
4214,0.11754453112450892
4215,0.11754099650912797
4216,0.1175374634182865
4217,0.11753393185142451
4218,0.11753040180798209
4219,0.11752687328739964
4220,0.1175233462891177
4221,0.117519820812577
4222,0.1175162968572186
4223,0.11751277442248352
4224,0.11750925350781324
4225,0.1175057341126493
4226,0.11750221623643352
4227,0.11749869987860787
4228,0.11749518503861456
4229,0.11749167171589603
4230,0.1174881599098949
4231,0.11748464962005402
4232,0.11748114084581643
4233,0.1174776335866254
4234,0.11747412784192442
4235,0.11747062361115722
4236,0.11746712089376769
4237,0.1174636196892
4238,0.11746011999689844
4239,0.11745662181630764
4240,0.11745312514687237
4241,0.11744962998803765
4242,0.11744613633924872
4243,0.11744264419995103
4244,0.11743915356959028
4245,0.11743566444761236
4246,0.11743217683346338
4247,0.11742869072658974
4248,0.11742520612643799
4249,0.11742172303245495
4250,0.11741824144408768
4251,0.1174147613607834
4252,0.11741128278198966
4253,0.11740780570715416
4254,0.11740433013572485
4255,0.11740085606714994
4256,0.1173973835008778
4257,0.11739391243635719
4258,0.11739044287303695
4259,0.11738697481036615
4260,0.11738350824779423
4261,0.11738004318477079
4262,0.11737657962074559
4263,0.11737311755516877
4264,0.11736965698749065
4265,0.11736619791716173
4266,0.11736274034363287
4267,0.11735928426635506
4268,0.11735582968477958
4269,0.11735237659835797
4270,0.11734892500654197
4271,0.11734547490878362
4272,0.11734202630453515
4273,0.11733857919324905
4274,0.11733513357437811
4275,0.11733168944737528
4276,0.1173282468116938
4277,0.1173248056667872
4278,0.11732136601210917
4279,0.11731792784711373
4280,0.11731449117125511
4281,0.11731105598398779
4282,0.11730762228476654
4283,0.11730419007304632
4284,0.11730075934828241
4285,0.11729733010993032
4286,0.11729390235744579
4287,0.11729047609028484
4288,0.1172870513079037
4289,0.11728362800975899
4290,0.11728020619530743
4291,0.11727678586400607
4292,0.11727336701531224
4293,0.11726994964868351
4294,0.11726653376357767
4295,0.11726311935945281
4296,0.1172597064357673
4297,0.11725629499197976
4298,0.11725288502754903
4299,0.11724947654193427
4300,0.11724606953459488
4301,0.11724266400499055
4302,0.11723925995258114
4303,0.11723585737682693
4304,0.11723245627718837
4305,0.11722905665312618
4306,0.11722565850410138
4307,0.11722226182957522
4308,0.11721886662900928
4309,0.11721547290186535
4310,0.11721208064760551
4311,0.11720868986569213
4312,0.11720530055558784
4313,0.11720191271675555
4314,0.11719852634865842
4315,0.1171951414507599
4316,0.11719175802252375
4317,0.11718837606341392
4318,0.11718499557289475
4319,0.11718161655043073
4320,0.11717823899548671
4321,0.11717486290752785
4322,0.11717148828601948
4323,0.1171681151304273
4324,0.11716474344021724
4325,0.11716137321485554
4326,0.1171580044538087
4327,0.1171546371565435
4328,0.11715127132252705
4329,0.1171479069512267
4330,0.11714454404211005
4331,0.11714118259464507
4332,0.11713782260829995
4333,0.11713446408254317
4334,0.11713110701684355
4335,0.11712775141067008
4336,0.1171243972634922
4337,0.1171210445747795
4338,0.11711769334400192
4339,0.11711434357062966
4340,0.11711099525413327
4341,0.11710764839398352
4342,0.1171043029896515
4343,0.11710095904060852
4344,0.11709761654632637
4345,0.11709427550627695
4346,0.1170909359199325
4347,0.11708759778676558
4348,0.11708426110624903
4349,0.11708092587785601
4350,0.11707759210105989
4351,0.11707425977533442
4352,0.11707092890015362
4353,0.11706759947499185
4354,0.11706427149932368
4355,0.117060944972624
4356,0.11705761989436807
4357,0.11705429626403133
4358,0.11705097408108966
4359,0.1170476533450191
4360,0.11704433405529613
4361,0.1170410162113974
4362,0.11703769981279988
4363,0.1170343848589809
4364,0.11703107134941815
4365,0.1170277592835895
4366,0.1170244486609731
4367,0.11702113948104753
4368,0.1170178317432916
4369,0.11701452544718442
4370,0.11701122059220546
4371,0.11700791717783444
4372,0.11700461520355136
4373,0.11700131466883663
4374,0.1169980155731709
4375,0.11699471791603511
4376,0.11699142169691051
4377,0.11698812691527874
4378,0.11698483357062166
4379,0.11698154166242143
4380,0.11697825119016061
4381,0.11697496215332198
4382,0.11697167455138872
4383,0.11696838838384421
4384,0.11696510365017221
4385,0.11696182034985682
4386,0.11695853848238243
4387,0.11695525804723367
4388,0.11695197904389554
4389,0.11694870147185339
4390,0.11694542533059286
4391,0.11694215061959987
4392,0.11693887733836067
4393,0.11693560548636182
4394,0.11693233506309027
4395,0.1169290660680332
4396,0.11692579850067811
4397,0.11692253236051287
4398,0.1169192676470256
4399,0.11691600435970483
4400,0.11691274249803932
4401,0.11690948206151819
4402,0.1169062230496309
4403,0.11690296546186715
4404,0.11689970929771704
4405,0.11689645455667098
4406,0.11689320123821967
4407,0.11688994934185415
4408,0.11688669886706574
4409,0.1168834498133462
4410,0.11688020218018746
4411,0.11687695596708186
4412,0.11687371117352208
4413,0.11687046779900107
4414,0.1168672258430121
4415,0.11686398530504886
4416,0.11686074618460524
4417,0.11685750848117549
4418,0.11685427219425429
4419,0.11685103732333649
4420,0.11684780386791735
4421,0.11684457182749249
4422,0.11684134120155774
4423,0.11683811198960939
4424,0.11683488419114398
4425,0.11683165780565838
4426,0.1168284328326498
4427,0.11682520927161581
4428,0.11682198712205429
4429,0.11681876638346339
4430,0.11681554705534168
4431,0.11681232913718803
4432,0.11680911262850162
4433,0.11680589752878198
4434,0.11680268383752893
4435,0.11679947155424271
4436,0.11679626067842377
4437,0.11679305120957302
4438,0.11678984314719162
4439,0.11678663649078108
4440,0.1167834312398433
4441,0.11678022739388039
4442,0.11677702495239489
4443,0.11677382391488966
4444,0.1167706242808679
4445,0.11676742604983312
4446,0.11676422922128912
4447,0.1167610337947402
4448,0.11675783976969081
4449,0.11675464714564582
4450,0.11675145592211045
4451,0.1167482660985902
4452,0.116745077674591
4453,0.11674189064961901
4454,0.11673870502318079
4455,0.11673552079478323
4456,0.11673233796393356
4457,0.11672915653013932
4458,0.11672597649290845
4459,0.11672279785174916
4460,0.11671962060617001
4461,0.11671644475567997
4462,0.11671327029978826
4463,0.1167100972380045
4464,0.11670692556983864
4465,0.1167037552948009
4466,0.11670058641240197
4467,0.11669741892215277
4468,0.11669425282356459
4469,0.11669108811614913
4470,0.11668792479941834
4471,0.11668476287288455
4472,0.11668160233606044
4473,0.11667844318845903
4474,0.1166752854295937
4475,0.11667212905897809
4476,0.11666897407612627
4477,0.11666582048055264
4478,0.11666266827177194
4479,0.1166595174492992
4480,0.11665636801264988
4481,0.11665321996133975
4482,0.11665007329488492
4483,0.11664692801280183
4484,0.11664378411460727
4485,0.11664064159981838
4486,0.11663750046795272
4487,0.11663436071852809
4488,0.11663122235106266
4489,0.11662808536507496
4490,0.11662494976008388
4491,0.11662181553560866
4492,0.11661868269116885
4493,0.11661555122628435
4494,0.11661242114047549
4495,0.11660929243326283
4496,0.11660616510416737
4497,0.11660303915271038
4498,0.11659991457841358
4499,0.11659679138079891
4500,0.1165936695593888
4501,0.1165905491137059
4502,0.1165874300432733
4503,0.11658431234761435
4504,0.11658119602625287
4505,0.11657808107871294
4506,0.11657496750451903
4507,0.11657185530319591
4508,0.11656874447426878
4509,0.1165656350172631
4510,0.11656252693170477
4511,0.11655942021711996
4512,0.11655631487303526
4513,0.11655321089897755
4514,0.1165501082944741
4515,0.11654700705905255
4516,0.11654390719224085
4517,0.11654080869356731
4518,0.1165377115625606
4519,0.11653461579874974
4520,0.1165315214016641
4521,0.11652842837083341
4522,0.11652533670578775
4523,0.11652224640605759
4524,0.11651915747117364
4525,0.11651606990066708
4526,0.11651298369406941
4527,0.11650989885091248
4528,0.11650681537072843
4529,0.11650373325304988
4530,0.1165006524974097
4531,0.11649757310334116
4532,0.11649449507037787
4533,0.11649141839805383
4534,0.11648834308590332
4535,0.11648526913346104
4536,0.11648219654026203
4537,0.11647912530584163
4538,0.11647605542973566
4539,0.11647298691148014
4540,0.11646991975061158
4541,0.11646685394666678
4542,0.11646378949918287
4543,0.1164607264076974
4544,0.11645766467174824
4545,0.11645460429087365
4546,0.11645154526461216
4547,0.11644848759250273
4548,0.11644543127408465
4549,0.11644237630889762
4550,0.11643932269648162
4551,0.11643627043637703
4552,0.11643321952812456
4553,0.11643016997126532
4554,0.11642712176534073
4555,0.11642407490989255
4556,0.116421029404463
4557,0.11641798524859454
4558,0.11641494244183005
4559,0.11641190098371279
4560,0.11640886087378627
4561,0.11640582211159449
4562,0.11640278469668171
4563,0.1163997486285926
4564,0.1163967139068722
4565,0.11639368053106582
4566,0.11639064850071923
4567,0.11638761781537849
4568,0.11638458847459004
4569,0.11638156047790069
4570,0.11637853382485763
4571,0.11637550851500837
4572,0.11637248454790072
4573,0.11636946192308299
4574,0.11636644064010374
4575,0.11636342069851192
4576,0.11636040209785684
4577,0.11635738483768818
4578,0.11635436891755595
4579,0.11635135433701055
4580,0.11634834109560273
4581,0.11634532919288357
4582,0.11634231862840452
4583,0.11633930940171745
4584,0.11633630151237448
4585,0.11633329495992824
4586,0.11633028974393153
4587,0.11632728586393765
4588,0.1163242833195002
4589,0.11632128211017317
4590,0.11631828223551091
4591,0.11631528369506809
4592,0.11631228648839975
4593,0.11630929061506133
4594,0.1163062960746086
4595,0.11630330286659765
4596,0.11630031099058503
4597,0.11629732044612755
4598,0.11629433123278242
4599,0.11629134335010725
4600,0.11628835679765989
4601,0.11628537157499871
4602,0.11628238768168231
4603,0.1162794051172697
4604,0.11627642388132024
4605,0.11627344397339369
4606,0.11627046539305012
4607,0.11626748813984995
4608,0.11626451221335402
4609,0.1162615376131235
4610,0.11625856433871985
4611,0.11625559238970501
4612,0.11625262176564122
4613,0.11624965246609105
4614,0.11624668449061751
4615,0.11624371783878386
4616,0.11624075251015384
4617,0.11623778850429146
4618,0.11623482582076113
4619,0.11623186445912762
4620,0.11622890441895603
4621,0.11622594569981184
4622,0.11622298830126093
4623,0.11622003222286945
4624,0.116217077464204
4625,0.11621412402483143
4626,0.1162111719043191
4627,0.1162082211022346
4628,0.11620527161814595
4629,0.11620232345162146
4630,0.1161993766022299
4631,0.11619643106954032
4632,0.11619348685312215
4633,0.1161905439525452
4634,0.1161876023673796
4635,0.11618466209719593
4636,0.11618172314156497
4637,0.11617878550005797
4638,0.11617584917224659
4639,0.11617291415770267
4640,0.11616998045599863
4641,0.11616704806670708
4642,0.11616411698940105
4643,0.11616118722365394
4644,0.11615825876903946
4645,0.11615533162513172
4646,0.11615240579150524
4647,0.11614948126773478
4648,0.11614655805339555
4649,0.11614363614806308
4650,0.11614071555131328
4651,0.11613779626272239
4652,0.116134878281867
4653,0.11613196160832413
4654,0.11612904624167111
4655,0.11612613218148563
4656,0.11612321942734571
4657,0.11612030797882977
4658,0.11611739783551656
4659,0.11611448899698525
4660,0.11611158146281528
4661,0.11610867523258649
4662,0.11610577030587912
4663,0.11610286668227367
4664,0.11609996436135106
4665,0.11609706334269262
4666,0.11609416362587995
4667,0.11609126521049498
4668,0.11608836809612015
4669,0.11608547228233808
4670,0.11608257776873188
4671,0.11607968455488493
4672,0.11607679264038104
4673,0.1160739020248043
4674,0.11607101270773924
4675,0.11606812468877069
4676,0.11606523796748383
4677,0.11606235254346424
4678,0.11605946841629781
4679,0.11605658558557086
4680,0.11605370405086997
4681,0.11605082381178215
4682,0.11604794486789477
4683,0.11604506721879547
4684,0.11604219086407233
4685,0.11603931580331377
4686,0.11603644203610854
4687,0.11603356956204576
4688,0.11603069838071492
4689,0.11602782849170584
4690,0.11602495989460872
4691,0.11602209258901411
4692,0.11601922657451291
4693,0.11601636185069636
4694,0.11601349841715607
4695,0.11601063627348401
4696,0.1160077754192725
4697,0.11600491585411424
4698,0.11600205757760221
4699,0.11599920058932985
4700,0.11599634488889084
4701,0.11599349047587933
4702,0.11599063734988976
4703,0.11598778551051689
4704,0.1159849349573559
4705,0.1159820856900023
4706,0.11597923770805199
4707,0.11597639101110109
4708,0.11597354559874629
4709,0.11597070147058444
4710,0.11596785862621281
4711,0.11596501706522909
4712,0.1159621767872312
4713,0.11595933779181754
4714,0.11595650007858674
4715,0.11595366364713788
4716,0.11595082849707034
4717,0.11594799462798387
4718,0.11594516203947855
4719,0.11594233073115487
4720,0.11593950070261365
4721,0.11593667195345597
4722,0.1159338444832834
4723,0.11593101829169775
4724,0.11592819337830126
4725,0.11592536974269653
4726,0.11592254738448642
4727,0.11591972630327416
4728,0.11591690649866346
4729,0.11591408797025819
4730,0.11591127071766276
4731,0.11590845474048174
4732,0.11590564003832021
4733,0.11590282661078355
4734,0.1159000144574774
4735,0.11589720357800791
4736,0.11589439397198145
4737,0.11589158563900477
4738,0.11588877857868501
4739,0.11588597279062969
4740,0.1158831682744465
4741,0.1158803650297437
4742,0.11587756305612978
4743,0.11587476235321359
4744,0.11587196292060434
4745,0.11586916475791156
4746,0.11586636786474518
4747,0.11586357224071545
4748,0.11586077788543295
4749,0.11585798479850869
4750,0.1158551929795539
4751,0.11585240242818022
4752,0.1158496131439997
4753,0.11584682512662461
4754,0.1158440383756677
4755,0.1158412528907419
4756,0.11583846867146069
4757,0.11583568571743774
4758,0.11583290402828711
4759,0.11583012360362323
4760,0.11582734444306088
4761,0.11582456654621512
4762,0.11582178991270142
4763,0.1158190145421356
4764,0.11581624043413374
4765,0.11581346758831242
4766,0.11581069600428837
4767,0.11580792568167883
4768,0.11580515662010125
4769,0.1158023888191736
4770,0.11579962227851398
4771,0.115796856997741
4772,0.11579409297647354
4773,0.11579133021433084
4774,0.11578856871093245
4775,0.11578580846589834
4776,0.11578304947884872
4777,0.11578029174940427
4778,0.11577753527718589
4779,0.11577478006181488
4780,0.11577202610291286
4781,0.11576927340010182
4782,0.1157665219530041
4783,0.11576377176124235
4784,0.11576102282443952
4785,0.11575827514221904
4786,0.11575552871420451
4787,0.11575278354002
4788,0.11575003961928987
4789,0.11574729695163875
4790,0.11574455553669183
4791,0.11574181537407434
4792,0.11573907646341208
4793,0.11573633880433112
4794,0.1157336023964578
4795,0.11573086723941896
4796,0.1157281333328416
4797,0.11572540067635312
4798,0.11572266926958133
4799,0.11571993911215431
4800,0.11571721020370047
4801,0.11571448254384861
4802,0.11571175613222781
4803,0.11570903096846752
4804,0.1157063070521975
4805,0.11570358438304792
4806,0.11570086296064919
4807,0.1156981427846321
4808,0.1156954238546278
4809,0.11569270617026774
4810,0.1156899897311837
4811,0.11568727453700786
4812,0.11568456058737264
4813,0.11568184788191085
4814,0.11567913642025565
4815,0.11567642620204052
4816,0.11567371722689923
4817,0.11567100949446595
4818,0.11566830300437514
4819,0.11566559775626162
4820,0.11566289374976052
4821,0.11566019098450732
4822,0.11565748946013785
4823,0.11565478917628819
4824,0.11565209013259489
4825,0.11564939232869469
4826,0.11564669576422477
4827,0.11564400043882263
4828,0.115641306352126
4829,0.11563861350377302
4830,0.1156359218934022
4831,0.11563323152065233
4832,0.11563054238516249
4833,0.11562785448657216
4834,0.11562516782452117
4835,0.11562248239864953
4836,0.1156197982085978
4837,0.1156171152540067
4838,0.11561443353451734
4839,0.11561175304977114
4840,0.11560907379940989
4841,0.11560639578307566
4842,0.11560371900041089
4843,0.11560104345105827
4844,0.11559836913466096
4845,0.1155956960508623
4846,0.11559302419930606
4847,0.11559035357963626
4848,0.1155876841914973
4849,0.11558501603453389
4850,0.11558234910839105
4851,0.11557968341271416
4852,0.11557701894714892
4853,0.11557435571134131
4854,0.1155716937049377
4855,0.11556903292758472
4856,0.11556637337892939
4857,0.11556371505861901
4858,0.1155610579663012
4859,0.11555840210162396
4860,0.11555574746423555
4861,0.11555309405378458
4862,0.11555044186991999
4863,0.11554779091229102
4864,0.11554514118054725
4865,0.11554249267433861
4866,0.11553984539331527
4867,0.11553719933712782
4868,0.11553455450542711
4869,0.11553191089786431
4870,0.11552926851409095
4871,0.11552662735375885
4872,0.11552398741652015
4873,0.11552134870202736
4874,0.11551871120993322
4875,0.11551607493989086
4876,0.11551343989155373
4877,0.11551080606457555
4878,0.11550817345861042
4879,0.11550554207331265
4880,0.11550291190833706
4881,0.11550028296333859
4882,0.11549765523797262
4883,0.11549502873189475
4884,0.11549240344476105
4885,0.11548977937622773
4886,0.11548715652595147
4887,0.11548453489358917
4888,0.11548191447879805
4889,0.11547929528123571
4890,0.11547667730055997
4891,0.11547406053642909
4892,0.11547144498850151
4893,0.11546883065643611
4894,0.11546621753989202
4895,0.11546360563852862
4896,0.11546099495200574
4897,0.11545838547998344
4898,0.11545577722212214
4899,0.11545317017808254
4900,0.11545056434752558
4901,0.11544795973011271
4902,0.11544535632550548
4903,0.1154427541333659
4904,0.11544015315335622
4905,0.11543755338513903
4906,0.11543495482837719
4907,0.11543235748273396
4908,0.11542976134787278
4909,0.11542716642345754
4910,0.11542457270915235
4911,0.11542198020462163
4912,0.11541938890953016
4913,0.115416798823543
4914,0.11541420994632551
4915,0.1154116222775434
4916,0.11540903581686263
4917,0.1154064505639495
4918,0.11540386651847061
4919,0.11540128368009292
4920,0.11539870204848358
4921,0.1153961216233102
4922,0.11539354240424055
4923,0.11539096439094278
4924,0.11538838758308534
4925,0.11538581198033701
4926,0.11538323758236682
4927,0.11538066438884415
4928,0.11537809239943868
4929,0.11537552161382034
4930,0.11537295203165947
4931,0.1153703836526266
4932,0.11536781647639262
4933,0.11536525050262877
4934,0.1153626857310065
4935,0.1153601221611976
4936,0.11535755979287421
4937,0.11535499862570872
4938,0.11535243865937381
4939,0.11534987989354249
4940,0.11534732232788811
4941,0.11534476596208422
4942,0.11534221079580477
4943,0.11533965682872395
4944,0.11533710406051624
4945,0.11533455249085656
4946,0.11533200211941991
4947,0.11532945294588173
4948,0.11532690496991775
4949,0.11532435819120396
4950,0.11532181260941668
4951,0.11531926822423251
4952,0.11531672503532835
4953,0.11531418304238139
4954,0.11531164224506914
4955,0.1153091026430694
4956,0.11530656423606023
4957,0.11530402702372006
4958,0.11530149100572755
4959,0.11529895618176168
4960,0.11529642255150174
4961,0.11529389011462729
4962,0.11529135887081822
4963,0.11528882881975462
4964,0.11528629996111703
4965,0.11528377229458615
4966,0.11528124581984303
4967,0.11527872053656903
4968,0.11527619644444574
4969,0.1152736735431551
4970,0.11527115183237932
4971,0.11526863131180091
4972,0.11526611198110265
4973,0.11526359383996765
4974,0.11526107688807932
4975,0.11525856112512128
4976,0.11525604655077751
4977,0.11525353316473225
4978,0.11525102096667007
4979,0.11524850995627578
4980,0.11524600013323451
4981,0.11524349149723168
4982,0.11524098404795295
4983,0.11523847778508435
4984,0.11523597270831215
4985,0.11523346881732291
4986,0.11523096611180349
4987,0.11522846459144097
4988,0.11522596425592285
4989,0.11522346510493683
4990,0.11522096713817088
4991,0.11521847035531327
4992,0.11521597475605262
4993,0.11521348034007775
4994,0.1152109871070778
4995,0.11520849505674226
4996,0.11520600418876072
4997,0.11520351450282328
4998,0.11520102599862013
4999,0.11519853867584187
5000,0.11519605253417939
5001,0.11519356757332373
5002,0.11519108379296636
5003,0.11518860119279895
5004,0.11518611977251347
5005,0.11518363953180218
5006,0.11518116047035762
5007,0.11517868258787256
5008,0.11517620588404015
5009,0.11517373035855376
5010,0.11517125601110702
5011,0.1151687828413939
5012,0.11516631084910857
5013,0.11516384003394556
5014,0.11516137039559966
5015,0.11515890193376588
5016,0.11515643464813954
5017,0.11515396853841633
5018,0.11515150360429204
5019,0.11514903984546283
5020,0.11514657726162521
5021,0.11514411585247586
5022,0.11514165561771177
5023,0.11513919655703019
5024,0.11513673867012866
5025,0.11513428195670504
5026,0.11513182641645739
5027,0.11512937204908408
5028,0.11512691885428371
5029,0.11512446683175528
5030,0.11512201598119788
5031,0.11511956630231104
5032,0.11511711779479447
5033,0.1151146704583482
5034,0.11511222429267244
5035,0.1151097792974678
5036,0.11510733547243507
5037,0.11510489281727539
5038,0.11510245133169004
5039,0.11510001101538071
5040,0.11509757186804934
5041,0.115095133889398
5042,0.11509269707912921
5043,0.11509026143694566
5044,0.11508782696255034
5045,0.11508539365564649
5046,0.11508296151593761
5047,0.11508053054312753
5048,0.11507810073692026
5049,0.11507567209702015
5050,0.11507324462313177
5051,0.11507081831495997
5052,0.1150683931722099
5053,0.11506596919458695
5054,0.1150635463817967
5055,0.11506112473354513
5056,0.1150587042495384
5057,0.11505628492948299
5058,0.11505386677308556
5059,0.1150514497800531
5060,0.11504903395009292
5061,0.11504661928291239
5062,0.11504420577821937
5063,0.11504179343572186
5064,0.11503938225512816
5065,0.1150369722361468
5066,0.11503456337848661
5067,0.11503215568185665
5068,0.11502974914596628
5069,0.11502734377052508
5070,0.1150249395552429
5071,0.11502253649982988
5072,0.11502013460399638
5073,0.11501773386745305
5074,0.11501533428991076
5075,0.11501293587108065
5076,0.11501053861067419
5077,0.11500814250840301
5078,0.11500574756397902
5079,0.11500335377711446
5080,0.1150009611475217
5081,0.11499856967491352
5082,0.1149961793590028
5083,0.11499379019950282
5084,0.11499140219612697
5085,0.11498901534858902
5086,0.11498662965660293
5087,0.11498424511988295
5088,0.11498186173814355
5089,0.11497947951109948
5090,0.11497709843846572
5091,0.1149747185199575
5092,0.11497233975529036
5093,0.11496996214418004
5094,0.11496758568634254
5095,0.11496521038149411
5096,0.11496283622935126
5097,0.11496046322963074
5098,0.1149580913820496
5099,0.11495572068632506
5100,0.11495335114217464
5101,0.11495098274931612
5102,0.11494861550746746
5103,0.114946249416347
5104,0.11494388447567319
5105,0.1149415206851648
5106,0.11493915804454086
5107,0.11493679655352058
5108,0.1149344362118235
5109,0.11493207701916935
5110,0.11492971897527814
5111,0.1149273620798701
5112,0.11492500633266571
5113,0.11492265173338576
5114,0.11492029828175115
5115,0.11491794597748316
5116,0.11491559482030327
5117,0.11491324480993315
5118,0.11491089594609478
5119,0.11490854822851038
5120,0.11490620165690238
5121,0.11490385623099345
5122,0.11490151195050657
5123,0.11489916881516489
5124,0.11489682682469182
5125,0.11489448597881105
5126,0.11489214627724645
5127,0.11488980771972218
5128,0.11488747030596261
5129,0.11488513403569242
5130,0.11488279890863638
5131,0.11488046492451967
5132,0.1148781320830676
5133,0.11487580038400577
5134,0.11487346982706
5135,0.11487114041195634
5136,0.11486881213842112
5137,0.11486648500618081
5138,0.11486415901496226
5139,0.11486183416449244
5140,0.1148595104544986
5141,0.11485718788470824
5142,0.11485486645484909
5143,0.11485254616464907
5144,0.11485022701383639
5145,0.11484790900213951
5146,0.11484559212928708
5147,0.11484327639500795
5148,0.11484096179903128
5149,0.11483864834108647
5150,0.11483633602090308
5151,0.11483402483821095
5152,0.11483171479274014
5153,0.11482940588422096
5154,0.11482709811238392
5155,0.11482479147695981
5156,0.11482248597767963
5157,0.11482018161427456
5158,0.11481787838647606
5159,0.11481557629401584
5160,0.11481327533662582
5161,0.11481097551403813
5162,0.11480867682598515
5163,0.11480637927219946
5164,0.11480408285241393
5165,0.1148017875663616
5166,0.11479949341377575
5167,0.11479720039438994
5168,0.11479490850793786
5169,0.11479261775415352
5170,0.11479032813277107
5171,0.114788039643525
5172,0.11478575228614994
5173,0.11478346606038074
5174,0.1147811809659525
5175,0.11477889700260058
5176,0.11477661417006049
5177,0.11477433246806806
5178,0.11477205189635926
5179,0.1147697724546703
5180,0.11476749414273762
5181,0.11476521696029793
5182,0.1147629409070881
5183,0.11476066598284529
5184,0.11475839218730675
5185,0.1147561195202101
5186,0.1147538479812931
5187,0.11475157757029375
5188,0.11474930828695029
5189,0.11474704013100115
5190,0.11474477310218499
5191,0.11474250720024069
5192,0.11474024242490735
5193,0.11473797877592429
5194,0.11473571625303108
5195,0.11473345485596745
5196,0.11473119458447337
5197,0.11472893543828905
5198,0.11472667741715485
5199,0.11472442052081148
5200,0.11472216474899974
5201,0.11471991010146068
5202,0.11471765657793559
5203,0.11471540417816595
5204,0.11471315290189348
5205,0.11471090274886009
5206,0.11470865371880795
5207,0.11470640581147938
5208,0.11470415902661693
5209,0.11470191336396346
5210,0.11469966882326184
5211,0.11469742540425534
5212,0.11469518310668742
5213,0.11469294193030163
5214,0.11469070187484186
5215,0.11468846294005215
5216,0.11468622512567676
5217,0.11468398843146016
5218,0.11468175285714705
5219,0.11467951840248233
5220,0.11467728506721107
5221,0.11467505285107864
5222,0.11467282175383053
5223,0.1146705917752125
5224,0.11466836291497044
5225,0.11466613517285056
5226,0.11466390854859922
5227,0.11466168304196292
5228,0.11465945865268849
5229,0.11465723538052293
5230,0.11465501322521333
5231,0.1146527921865072
5232,0.11465057226415205
5233,0.11464835345789574
5234,0.11464613576748628
5235,0.11464391919267185
5236,0.1146417037332009
5237,0.11463948938882204
5238,0.11463727615928407
5239,0.11463506404433607
5240,0.11463285304372726
5241,0.11463064315720706
5242,0.11462843438452516
5243,0.11462622672543132
5244,0.11462402017967566
5245,0.11462181474700837
5246,0.11461961042717995
5247,0.11461740721994101
5248,0.11461520512504245
5249,0.11461300414223521
5250,0.11461080427127068
5251,0.11460860551190019
5252,0.11460640786387548
5253,0.11460421132694833
5254,0.11460201590087081
5255,0.11459982158539514
5256,0.1145976283802738
5257,0.11459543628525945
5258,0.11459324530010485
5259,0.11459105542456309
5260,0.11458886665838737
5261,0.11458667900133118
5262,0.11458449245314803
5263,0.11458230701359186
5264,0.11458012268241656
5265,0.11457793945937644
5266,0.11457575734422588
5267,0.11457357633671944
5268,0.11457139643661195
5269,0.11456921764365836
5270,0.1145670399576139
5271,0.1145648633782339
5272,0.11456268790527394
5273,0.11456051353848973
5274,0.11455834027763727
5275,0.1145561681224727
5276,0.11455399707275235
5277,0.11455182712823272
5278,0.11454965828867053
5279,0.11454749055382267
5280,0.1145453239234463
5281,0.11454315839729862
5282,0.11454099397513712
5283,0.1145388306567195
5284,0.11453666844180359
5285,0.11453450733014742
5286,0.11453234732150923
5287,0.1145301884156474
5288,0.11452803061232059
5289,0.11452587391128755
5290,0.11452371831230725
5291,0.11452156381513887
5292,0.11451941041954175
5293,0.11451725812527543
5294,0.11451510693209963
5295,0.11451295683977425
5296,0.11451080784805938
5297,0.1145086599567153
5298,0.11450651316550244
5299,0.11450436747418145
5300,0.11450222288251322
5301,0.11450007939025869
5302,0.11449793699717904
5303,0.1144957957030357
5304,0.11449365550759018
5305,0.11449151641060423
5306,0.1144893784118398
5307,0.11448724151105893
5308,0.11448510570802396
5309,0.11448297100249732
5310,0.11448083739424168
5311,0.11447870488301982
5312,0.1144765734685948
5313,0.11447444315072972
5314,0.11447231392918802
5315,0.11447018580373317
5316,0.11446805877412895
5317,0.11446593284013921
5318,0.11446380800152806
5319,0.11446168425805969
5320,0.11445956160949862
5321,0.11445744005560934
5322,0.11445531959615673
5323,0.11445320023090572
5324,0.1144510819596214
5325,0.11444896478206913
5326,0.11444684869801434
5327,0.11444473370722273
5328,0.11444261980946012
5329,0.11444050700449251
5330,0.11443839529208608
5331,0.11443628467200717
5332,0.11443417514402235
5333,0.11443206670789831
5334,0.11442995936340186
5335,0.11442785311030011
5336,0.11442574794836023
5337,0.11442364387734967
5338,0.11442154089703592
5339,0.11441943900718674
5340,0.11441733820757005
5341,0.1144152384979539
5342,0.11441313987810652
5343,0.11441104234779632
5344,0.11440894590679189
5345,0.114406850554862
5346,0.11440475629177553
5347,0.1144026631173016
5348,0.11440057103120944
5349,0.1143984800332685
5350,0.11439639012324831
5351,0.11439430130091865
5352,0.11439221356604952
5353,0.1143901269184109
5354,0.11438804135777313
5355,0.11438595688390656
5356,0.11438387349658184
5357,0.11438179119556968
5358,0.11437970998064101
5359,0.11437762985156692
5360,0.11437555080811865
5361,0.1143734728500676
5362,0.11437139597718537
5363,0.11436932018924367
5364,0.11436724548601443
5365,0.11436517186726972
5366,0.1143630993327817
5367,0.11436102788232282
5368,0.1143589575156656
5369,0.11435688823258276
5370,0.1143548200328472
5371,0.11435275291623191
5372,0.1143506868825101
5373,0.11434862193145513
5374,0.1143465580628405
5375,0.11434449527643992
5376,0.11434243357202717
5377,0.11434037294937628
5378,0.11433831340826137
5379,0.11433625494845677
5380,0.11433419756973698
5381,0.11433214127187656
5382,0.11433008605465031
5383,0.11432803191783322
5384,0.11432597886120034
5385,0.1143239268845269
5386,0.11432187598758836
5387,0.11431982617016029
5388,0.11431777743201836
5389,0.11431572977293847
5390,0.11431368319269665
5391,0.11431163769106911
5392,0.11430959326783216
5393,0.1143075499227623
5394,0.11430550765563618
5395,0.11430346646623059
5396,0.1143014263543225
5397,0.11429938731968904
5398,0.11429734936210743
5399,0.11429531248135508
5400,0.1142932766772096
5401,0.11429124194944866
5402,0.11428920829785014
5403,0.11428717572219206
5404,0.11428514422225258
5405,0.11428311379781005
5406,0.1142810844486429
5407,0.11427905617452977
5408,0.11427702897524943
5409,0.11427500285058081
5410,0.11427297780030293
5411,0.11427095382419505
5412,0.11426893092203651
5413,0.11426690909360684
5414,0.1142648883386857
5415,0.11426286865705286
5416,0.11426085004848831
5417,0.11425883251277216
5418,0.11425681604968461
5419,0.11425480065900609
5420,0.11425278634051717
5421,0.11425077309399845
5422,0.11424876091923081
5423,0.11424674981599522
5424,0.1142447397840728
5425,0.11424273082324482
5426,0.11424072293329267
5427,0.11423871611399793
5428,0.11423671036514224
5429,0.11423470568650751
5430,0.11423270207787568
5431,0.1142306995390289
5432,0.11422869806974939
5433,0.11422669766981962
5434,0.11422469833902212
5435,0.1142227000771395
5436,0.1142207028839547
5437,0.11421870675925068
5438,0.1142167117028105
5439,0.11421471771441746
5440,0.11421272479385493
5441,0.11421073294090646
5442,0.1142087421553557
5443,0.11420675243698647
5444,0.11420476378558275
5445,0.11420277620092859
5446,0.11420078968280825
5447,0.11419880423100609
5448,0.11419681984530658
5449,0.11419483652549436
5450,0.11419285427135428
5451,0.11419087308267116
5452,0.11418889295923015
5453,0.11418691390081635
5454,0.11418493590721512
5455,0.11418295897821192
5456,0.11418098311359233
5457,0.11417900831314208
5458,0.11417703457664705
5459,0.11417506190389323
5460,0.11417309029466673
5461,0.11417111974875382
5462,0.11416915026594093
5463,0.11416718184601457
5464,0.11416521448876142
5465,0.11416324819396825
5466,0.114161282961422
5467,0.11415931879090974
5468,0.11415735568221866
5469,0.11415539363513609
5470,0.1141534326494495
5471,0.11415147272494641
5472,0.11414951386141461
5473,0.11414755605864194
5474,0.11414559931641634
5475,0.11414364363452598
5476,0.11414168901275902
5477,0.11413973545090388
5478,0.11413778294874903
5479,0.11413583150608315
5480,0.11413388112269492
5481,0.11413193179837326
5482,0.11412998353290717
5483,0.11412803632608577
5484,0.11412609017769836
5485,0.11412414508753427
5486,0.1141222010553831
5487,0.11412025808103445
5488,0.11411831616427806
5489,0.11411637530490386
5490,0.1141144355027019
5491,0.11411249675746228
5492,0.11411055906897526
5493,0.11410862243703127
5494,0.11410668686142081
5495,0.11410475234193457
5496,0.11410281887836325
5497,0.11410088647049778
5498,0.11409895511812916
5499,0.11409702482104855
5500,0.11409509557904719
5501,0.11409316739191648
5502,0.11409124025944793
5503,0.11408931418143312
5504,0.11408738915766385
5505,0.11408546518793199
5506,0.11408354227202949
5507,0.11408162040974851
5508,0.11407969960088124
5509,0.11407777984522005
5510,0.11407586114255744
5511,0.11407394349268596
5512,0.11407202689539833
5513,0.11407011135048742
5514,0.11406819685774615
5515,0.11406628341696756
5516,0.1140643710279449
5517,0.11406245969047141
5518,0.11406054940434059
5519,0.11405864016934589
5520,0.11405673198528102
5521,0.11405482485193975
5522,0.114052918769116
5523,0.11405101373660372
5524,0.11404910975419706
5525,0.11404720682169027
5526,0.1140453049388777
5527,0.1140434041055538
5528,0.11404150432151319
5529,0.11403960558655053
5530,0.1140377079004607
5531,0.11403581126303852
5532,0.11403391567407915
5533,0.11403202113337768
5534,0.11403012764072941
5535,0.11402823519592971
5536,0.11402634379877406
5537,0.11402445344905811
5538,0.11402256414657753
5539,0.11402067589112819
5540,0.11401878868250605
5541,0.11401690252050711
5542,0.11401501740492759
5543,0.11401313333556376
5544,0.11401125031221199
5545,0.1140093683346688
5546,0.11400748740273078
5547,0.11400560751619468
5548,0.11400372867485731
5549,0.11400185087851561
5550,0.11399997412696664
5551,0.11399809842000755
5552,0.11399622375743561
5553,0.11399435013904823
5554,0.1139924775646428
5555,0.11399060603401702
5556,0.11398873554696853
5557,0.11398686610329513
5558,0.11398499770279474
5559,0.11398313034526543
5560,0.11398126403050526
5561,0.1139793987583125
5562,0.11397753452848547
5563,0.11397567134082263
5564,0.11397380919512254
5565,0.11397194809118381
5566,0.11397008802880529
5567,0.11396822900778572
5568,0.11396637102792419
5569,0.11396451408901967
5570,0.11396265819087145
5571,0.11396080333327872
5572,0.11395894951604091
5573,0.11395709673895751
5574,0.1139552450018281
5575,0.11395339430445237
5576,0.11395154464663013
5577,0.11394969602816125
5578,0.11394784844884578
5579,0.11394600190848378
5580,0.1139441564068755
5581,0.11394231194382119
5582,0.11394046851912129
5583,0.1139386261325763
5584,0.11393678478398683
5585,0.1139349444731536
5586,0.11393310519987739
5587,0.11393126696395914
5588,0.11392942976519982
5589,0.11392759360340057
5590,0.11392575847836257
5591,0.11392392438988713
5592,0.11392209133777567
5593,0.1139202593218297
5594,0.11391842834185076
5595,0.11391659839764058
5596,0.11391476948900098
5597,0.11391294161573381
5598,0.11391111477764108
5599,0.11390928897452487
5600,0.11390746420618737
5601,0.11390564047243082
5602,0.11390381777305762
5603,0.11390199610787026
5604,0.11390017547667125
5605,0.1138983558792633
5606,0.11389653731544915
5607,0.11389471978503163
5608,0.11389290328781368
5609,0.11389108782359839
5610,0.11388927339218884
5611,0.11388745999338826
5612,0.11388564762699999
5613,0.11388383629282745
5614,0.11388202599067407
5615,0.11388021672034356
5616,0.11387840848163952
5617,0.11387660127436576
5618,0.1138747950983262
5619,0.11387298995332473
5620,0.11387118583916547
5621,0.11386938275565255
5622,0.11386758070259019
5623,0.11386577967978276
5624,0.1138639796870346
5625,0.11386218072415034
5626,0.1138603827909345
5627,0.1138585858871918
5628,0.11385679001272701
5629,0.11385499516734504
5630,0.11385320135085078
5631,0.11385140856304934
5632,0.11384961680374582
5633,0.11384782607274546
5634,0.11384603636985359
5635,0.1138442476948756
5636,0.113842460047617
5637,0.1138406734278833
5638,0.11383888783548024
5639,0.11383710327021355
5640,0.11383531973188905
5641,0.11383353722031271
5642,0.11383175573529047
5643,0.11382997527662851
5644,0.11382819584413296
5645,0.1138264174376101
5646,0.1138246400568663
5647,0.11382286370170797
5648,0.11382108837194169
5649,0.11381931406737401
5650,0.11381754078781163
5651,0.11381576853306138
5652,0.11381399730293008
5653,0.1138122270972247
5654,0.11381045791575224
5655,0.11380868975831983
5656,0.11380692262473469
5657,0.11380515651480405
5658,0.1138033914283353
5659,0.11380162736513591
5660,0.11379986432501335
5661,0.11379810230777526
5662,0.11379634131322934
5663,0.11379458134118334
5664,0.11379282239144513
5665,0.11379106446382264
5666,0.11378930755812389
5667,0.11378755167415695
5668,0.11378579681173004
5669,0.11378404297065137
5670,0.11378229015072928
5671,0.11378053835177224
5672,0.11377878757358868
5673,0.11377703781598723
5674,0.11377528907877649
5675,0.11377354136176523
5676,0.11377179466476225
5677,0.11377004898757642
5678,0.11376830433001675
5679,0.11376656069189227
5680,0.11376481807301209
5681,0.1137630764731854
5682,0.11376133589222148
5683,0.11375959632992974
5684,0.11375785778611956
5685,0.11375612026060047
5686,0.11375438375318202
5687,0.1137526482636739
5688,0.11375091379188586
5689,0.1137491803376277
5690,0.11374744790070927
5691,0.11374571648094059
5692,0.1137439860781317
5693,0.11374225669209265
5694,0.1137405283226337
5695,0.11373880096956505
5696,0.11373707463269711
5697,0.11373534931184022
5698,0.11373362500680491
5699,0.11373190171740172
5700,0.11373017944344128
5701,0.1137284581847343
5702,0.11372673794109156
5703,0.1137250187123239
5704,0.11372330049824227
5705,0.11372158329865764
5706,0.11371986711338107
5707,0.11371815194222372
5708,0.11371643778499681
5709,0.11371472464151158
5710,0.11371301251157943
5711,0.11371130139501176
5712,0.11370959129162007
5713,0.11370788220121594
5714,0.113706174123611
5715,0.11370446705861695
5716,0.11370276100604552
5717,0.11370105596570868
5718,0.1136993519374182
5719,0.11369764892098617
5720,0.11369594691622462
5721,0.11369424592294566
5722,0.11369254594096145
5723,0.11369084697008434
5724,0.11368914901012657
5725,0.11368745206090061
5726,0.11368575612221886
5727,0.1136840611938939
5728,0.11368236727573831
5729,0.11368067436756477
5730,0.113678982469186
5731,0.1136772915804148
5732,0.11367560170106406
5733,0.11367391283094672
5734,0.11367222496987574
5735,0.1136705381176642
5736,0.11366885227412525
5737,0.11366716743907213
5738,0.11366548361231801
5739,0.11366380079367627
5740,0.11366211898296034
5741,0.11366043817998364
5742,0.11365875838455966
5743,0.11365707959650205
5744,0.11365540181562446
5745,0.11365372504174057
5746,0.11365204927466419
5747,0.11365037451420912
5748,0.11364870076018932
5749,0.11364702801241877
5750,0.11364535627071144
5751,0.11364368553488151
5752,0.11364201580474308
5753,0.1136403470801104
5754,0.11363867936079772
5755,0.11363701264661945
5756,0.11363534693738994
5757,0.1136336822329237
5758,0.11363201853303523
5759,0.11363035583753917
5760,0.11362869414625011
5761,0.11362703345898284
5762,0.1136253737755521
5763,0.11362371509577271
5764,0.1136220574194596
5765,0.11362040074642771
5766,0.11361874507649206
5767,0.11361709040946771
5768,0.11361543674516983
5769,0.11361378408341363
5770,0.1136121324240143
5771,0.11361048176678724
5772,0.11360883211154775
5773,0.11360718345811131
5774,0.11360553580629339
5775,0.11360388915590953
5776,0.11360224350677538
5777,0.11360059885870656
5778,0.1135989552115188
5779,0.11359731256502789
5780,0.11359567091904971
5781,0.11359403027340009
5782,0.11359239062789503
5783,0.11359075198235047
5784,0.11358911433658256
5785,0.11358747769040736
5786,0.11358584204364111
5787,0.11358420739609998
5788,0.1135825737476003
5789,0.11358094109795838
5790,0.11357930944699066
5791,0.11357767879451361
5792,0.11357604914034368
5793,0.1135744204842975
5794,0.11357279282619166
5795,0.11357116616584283
5796,0.11356954050306775
5797,0.1135679158376832
5798,0.11356629216950603
5799,0.11356466949835314
5800,0.11356304782404147
5801,0.11356142714638799
5802,0.11355980746520979
5803,0.11355818878032399
5804,0.11355657109154772
5805,0.11355495439869819
5806,0.11355333870159266
5807,0.11355172400004848
5808,0.11355011029388298
5809,0.1135484975829136
5810,0.11354688586695783
5811,0.1135452751458332
5812,0.11354366541935723
5813,0.11354205668734763
5814,0.11354044894962202
5815,0.11353884220599814
5816,0.1135372364562938
5817,0.11353563170032677
5818,0.11353402793791502
5819,0.1135324251688764
5820,0.11353082339302897
5821,0.11352922261019072
5822,0.11352762282017974
5823,0.11352602402281413
5824,0.11352442621791213
5825,0.11352282940529193
5826,0.11352123358477186
5827,0.11351963875617019
5828,0.11351804491930531
5829,0.11351645207399569
5830,0.11351486022005977
5831,0.11351326935731607
5832,0.11351167948558319
5833,0.11351009060467973
5834,0.11350850271442436
5835,0.11350691581463579
5836,0.11350532990513279
5837,0.11350374498573419
5838,0.11350216105625881
5839,0.11350057811652557
5840,0.11349899616635342
5841,0.11349741520556139
5842,0.11349583523396847
5843,0.1134942562513938
5844,0.11349267825765647
5845,0.11349110125257568
5846,0.11348952523597067
5847,0.11348795020766068
5848,0.1134863761674651
5849,0.11348480311520323
5850,0.1134832310506945
5851,0.11348165997375836
5852,0.11348008988421432
5853,0.11347852078188192
5854,0.11347695266658074
5855,0.11347538553813043
5856,0.11347381939635064
5857,0.11347225424106114
5858,0.11347069007208166
5859,0.11346912688923198
5860,0.11346756469233202
5861,0.11346600348120162
5862,0.11346444325566074
5863,0.11346288401552937
5864,0.11346132576062753
5865,0.11345976849077527
5866,0.11345821220579275
5867,0.11345665690550007
5868,0.1134551025897174
5869,0.11345354925826508
5870,0.1134519969109633
5871,0.11345044554763241
5872,0.11344889516809276
5873,0.11344734577216478
5874,0.11344579735966889
5875,0.11344424993042561
5876,0.11344270348425542
5877,0.11344115802097893
5878,0.11343961354041673
5879,0.11343807004238946
5880,0.11343652752671782
5881,0.11343498599322256
5882,0.1134334454417244
5883,0.11343190587204421
5884,0.1134303672840028
5885,0.11342882967742109
5886,0.11342729305211997
5887,0.11342575740792044
5888,0.1134242227446435
5889,0.11342268906211019
5890,0.11342115636014159
5891,0.11341962463855886
5892,0.11341809389718313
5893,0.11341656413583562
5894,0.11341503535433753
5895,0.11341350755251017
5896,0.11341198073017486
5897,0.11341045488715297
5898,0.11340893002326584
5899,0.11340740613833496
5900,0.11340588323218173
5901,0.11340436130462772
5902,0.11340284035549442
5903,0.11340132038460345
5904,0.1133998013917764
5905,0.11339828337683491
5906,0.1133967663396007
5907,0.11339525027989547
5908,0.11339373519754099
5909,0.11339222109235905
5910,0.1133907079641715
5911,0.1133891958128002
5912,0.11338768463806705
5913,0.11338617443979399
5914,0.11338466521780301
5915,0.11338315697191609
5916,0.11338164970195531
5917,0.1133801434077427
5918,0.11337863808910047
5919,0.11337713374585069
5920,0.11337563037781553
5921,0.1133741279848173
5922,0.1133726265666782
5923,0.11337112612322049
5924,0.11336962665426653
5925,0.11336812815963868
5926,0.11336663063915929
5927,0.11336513409265082
5928,0.11336363851993572
5929,0.11336214392083649
5930,0.11336065029517563
5931,0.11335915764277571
5932,0.11335766596345931
5933,0.11335617525704904
5934,0.11335468552336761
5935,0.11335319676223762
5936,0.1133517089734819
5937,0.1133502221569231
5938,0.11334873631238405
5939,0.11334725143968757
5940,0.1133457675386565
5941,0.11334428460911371
5942,0.11334280265088212
5943,0.11334132166378465
5944,0.11333984164764434
5945,0.11333836260228412
5946,0.11333688452752708
5947,0.11333540742319627
5948,0.11333393128911474
5949,0.11333245612510569
5950,0.11333098193099225
5951,0.11332950870659758
5952,0.11332803645174497
5953,0.11332656516625761
5954,0.1133250948499588
5955,0.11332362550267185
5956,0.11332215712422009
5957,0.11332068971442691
5958,0.11331922327311567
5959,0.11331775780010987
5960,0.11331629329523288
5961,0.11331482975830824
5962,0.11331336718915946
5963,0.1133119055876101
5964,0.1133104449534837
5965,0.11330898528660385
5966,0.11330752658679422
5967,0.11330606885387845
5968,0.11330461208768025
5969,0.11330315628802329
5970,0.11330170145473137
5971,0.1133002475876282
5972,0.11329879468653761
5973,0.11329734275128345
5974,0.11329589178168951
5975,0.11329444177757973
5976,0.11329299273877802
5977,0.11329154466510824
5978,0.11329009755639444
5979,0.11328865141246058
5980,0.11328720623313068
5981,0.11328576201822876
5982,0.11328431876757891
5983,0.11328287648100521
5984,0.11328143515833182
5985,0.11327999479938286
5986,0.1132785554039825
5987,0.11327711697195496
5988,0.11327567950312446
5989,0.11327424299731524
5990,0.11327280745435159
5991,0.11327137287405781
5992,0.11326993925625824
5993,0.11326850660077718
5994,0.1132670749074391
5995,0.11326564417606833
5996,0.11326421440648934
5997,0.11326278559852655
5998,0.11326135775200448
5999,0.1132599308667476
6000,0.11325850494258044
6001,0.1132570799793276
6002,0.11325565597681359
6003,0.11325423293486304
6004,0.11325281085330058
6005,0.11325138973195083
6006,0.11324996957063849
6007,0.11324855036918827
6008,0.11324713212742483
6009,0.11324571484517297
6010,0.11324429852225745
6011,0.11324288315850302
6012,0.11324146875373453
6013,0.11324005530777681
6014,0.1132386428204547
6015,0.1132372312915931
6016,0.1132358207210169
6017,0.11323441110855105
6018,0.11323300245402046
6019,0.11323159475725011
6020,0.11323018801806504
6021,0.11322878223629022
6022,0.1132273774117507
6023,0.11322597354427154
6024,0.11322457063367779
6025,0.11322316867979458
6026,0.11322176768244704
6027,0.11322036764146035
6028,0.11321896855665961
6029,0.11321757042787005
6030,0.11321617325491687
6031,0.11321477703762531
6032,0.11321338177582058
6033,0.11321198746932798
6034,0.11321059411797284
6035,0.11320920172158042
6036,0.11320781027997605
6037,0.11320641979298512
6038,0.11320503026043305
6039,0.11320364168214511
6040,0.11320225405794684
6041,0.11320086738766359
6042,0.11319948167112087
6043,0.11319809690814414
6044,0.11319671309855885
6045,0.11319533024219058
6046,0.11319394833886487
6047,0.11319256738840719
6048,0.11319118739064321
6049,0.11318980834539845
6050,0.11318843025249856
6051,0.11318705311176915
6052,0.11318567692303588
6053,0.11318430168612445
6054,0.1131829274008605
6055,0.11318155406706976
6056,0.11318018168457791
6057,0.11317881025321078
6058,0.11317743977279404
6059,0.11317607024315354
6060,0.11317470166411504
6061,0.11317333403550438
6062,0.11317196735714735
6063,0.11317060162886985
6064,0.1131692368504977
6065,0.11316787302185687
6066,0.11316651014277315
6067,0.11316514821307257
6068,0.113163787232581
6069,0.11316242720112442
6070,0.1131610681185288
6071,0.11315970998462013
6072,0.11315835279922445
6073,0.11315699656216774
6074,0.11315564127327607
6075,0.11315428693237548
6076,0.11315293353929207
6077,0.1131515810938519
6078,0.11315022959588111
6079,0.11314887904520579
6080,0.11314752944165213
6081,0.11314618078504624
6082,0.1131448330752143
6083,0.11314348631198254
6084,0.11314214049517711
6085,0.11314079562462426
6086,0.11313945170015025
6087,0.11313810872158128
6088,0.11313676668874369
6089,0.11313542560146368
6090,0.11313408545956762
6091,0.11313274626288178
6092,0.1131314080112325
6093,0.11313007070444615
6094,0.11312873434234906
6095,0.11312739892476761
6096,0.11312606445152819
6097,0.11312473092245723
6098,0.11312339833738114
6099,0.11312206669612632
6100,0.11312073599851925
6101,0.11311940624438639
6102,0.1131180774335542
6103,0.1131167495658492
6104,0.11311542264109789
6105,0.11311409665912676
6106,0.11311277161976238
6107,0.1131114475228313
6108,0.11311012436816004
6109,0.11310880215557523
6110,0.11310748088490341
6111,0.11310616055597118
6112,0.11310484116860525
6113,0.11310352272263216
6114,0.11310220521787857
6115,0.11310088865417114
6116,0.11309957303133655
6117,0.1130982583492015
6118,0.11309694460759265
6119,0.1130956318063367
6120,0.11309431994526042
6121,0.11309300902419052
6122,0.11309169904295374
6123,0.11309039000137687
6124,0.11308908189928667
6125,0.1130877747365099
6126,0.1130864685128734
6127,0.11308516322820394
6128,0.11308385888232836
6129,0.11308255547507355
6130,0.11308125300626626
6131,0.1130799514757334
6132,0.11307865088330184
6133,0.11307735122879847
6134,0.11307605251205018
6135,0.11307475473288386
6136,0.11307345789112641
6137,0.11307216198660484
6138,0.11307086701914604
6139,0.11306957298857695
6140,0.11306827989472457
6141,0.11306698773741586
6142,0.11306569651647777
6143,0.11306440623173737
6144,0.11306311688302163
6145,0.11306182847015754
6146,0.11306054099297222
6147,0.11305925445129261
6148,0.11305796884494584
6149,0.11305668417375893
6150,0.11305540043755899
6151,0.11305411763617307
6152,0.11305283576942829
6153,0.11305155483715175
6154,0.11305027483917052
6155,0.11304899577531183
6156,0.11304771764540271
6157,0.1130464404492704
6158,0.11304516418674199
6159,0.11304388885764469
6160,0.11304261446180563
6161,0.11304134099905203
6162,0.1130400684692111
6163,0.11303879687211002
6164,0.113037526207576
6165,0.11303625647543629
6166,0.11303498767551813
6167,0.11303371980764877
6168,0.11303245287165542
6169,0.11303118686736538
6170,0.11302992179460594
6171,0.11302865765320433
6172,0.11302739444298786
6173,0.11302613216378388
6174,0.11302487081541965
6175,0.11302361039772249
6176,0.11302235091051974
6177,0.11302109235363875
6178,0.11301983472690683
6179,0.11301857803015139
6180,0.11301732226319972
6181,0.11301606742587926
6182,0.11301481351801734
6183,0.11301356053944138
6184,0.11301230848997876
6185,0.11301105736945688
6186,0.11300980717770319
6187,0.11300855791454507
6188,0.11300730957980998
6189,0.11300606217332532
6190,0.11300481569491859
6191,0.1130035701444172
6192,0.11300232552164861
6193,0.11300108182644034
6194,0.1129998390586198
6195,0.11299859721801453
6196,0.11299735630445198
6197,0.11299611631775969
6198,0.11299487725776515
6199,0.11299363912429586
6200,0.11299240191717938
6201,0.1129911656362432
6202,0.1129899302813149
6203,0.112988695852222
6204,0.11298746234879203
6205,0.1129862297708526
6206,0.11298499811823123
6207,0.11298376739075552
6208,0.11298253758825304
6209,0.11298130871055138
6210,0.11298008075747815
6211,0.11297885372886093
6212,0.11297762762452732
6213,0.11297640244430496
6214,0.11297517818802146
6215,0.11297395485550442
6216,0.11297273244658154
6217,0.11297151096108042
6218,0.11297029039882868
6219,0.11296907075965403
6220,0.11296785204338411
6221,0.11296663424984656
6222,0.11296541737886903
6223,0.11296420143027928
6224,0.112962986403905
6225,0.11296177229957377
6226,0.11296055911711338
6227,0.11295934685635146
6228,0.11295813551711581
6229,0.11295692509923408
6230,0.11295571560253401
6231,0.11295450702684331
6232,0.11295329937198975
6233,0.11295209263780101
6234,0.11295088682410487
6235,0.11294968193072907
6236,0.11294847795750139
6237,0.11294727490424952
6238,0.11294607277080129
6239,0.11294487155698446
6240,0.11294367126262678
6241,0.11294247188755605
6242,0.11294127343160004
6243,0.11294007589458656
6244,0.11293887927634334
6245,0.11293768357669833
6246,0.11293648879547918
6247,0.11293529493251377
6248,0.11293410198762993
6249,0.11293290996065543
6250,0.11293171885141813
6251,0.11293052865974587
6252,0.11292933938546644
6253,0.11292815102840774
6254,0.11292696358839757
6255,0.11292577706526379
6256,0.11292459145883425
6257,0.11292340676893682
6258,0.11292222299539934
6259,0.1129210401380497
6260,0.11291985819671575
6261,0.11291867717122539
6262,0.11291749706140648
6263,0.1129163178670869
6264,0.11291513958809456
6265,0.11291396222425731
6266,0.1129127857754031
6267,0.11291161024135983
6268,0.11291043562195532
6269,0.11290926191701758
6270,0.11290808912637447
6271,0.1129069172498539
6272,0.11290574628728381
6273,0.11290457623849211
6274,0.11290340710330674
6275,0.11290223888155565
6276,0.1129010715730667
6277,0.1128999051776679
6278,0.11289873969518717
6279,0.11289757512545244
6280,0.11289641146829171
6281,0.11289524872353285
6282,0.11289408689100389
6283,0.11289292597053273
6284,0.11289176596194737
6285,0.11289060686507581
6286,0.11288944867974594
6287,0.11288829140578577
6288,0.11288713504302325
6289,0.11288597959128639
6290,0.1128848250504032
6291,0.11288367142020161
6292,0.11288251870050962
6293,0.11288136689115522
6294,0.11288021599196642
6295,0.11287906600277119
6296,0.11287791692339755
6297,0.11287676875367353
6298,0.11287562149342703
6299,0.11287447514248619
6300,0.11287332970067895
6301,0.11287218516783334
6302,0.11287104154377735
6303,0.11286989882833902
6304,0.11286875702134637
6305,0.11286761612262744
6306,0.11286647613201023
6307,0.11286533704932276
6308,0.1128641988743931
6309,0.11286306160704924
6310,0.11286192524711926
6311,0.11286078979443116
6312,0.112859655248813
6313,0.11285852161009283
6314,0.11285738887809868
6315,0.11285625705265859
6316,0.11285512613360063
6317,0.11285399612075282
6318,0.11285286701394327
6319,0.11285173881299998
6320,0.11285061151775104
6321,0.11284948512802451
6322,0.11284835964364842
6323,0.11284723506445085
6324,0.11284611139025989
6325,0.11284498862090359
6326,0.11284386675621001
6327,0.11284274579600725
6328,0.11284162574012332
6329,0.11284050658838636
6330,0.11283938834062443
6331,0.11283827099666557
6332,0.11283715455633794
6333,0.11283603901946955
6334,0.1128349243858885
6335,0.1128338106554229
6336,0.1128326978279008
6337,0.11283158590315032
6338,0.11283047488099951
6339,0.11282936476127653
6340,0.11282825554380939
6341,0.11282714722842624
6342,0.11282603981495515
6343,0.11282493330322423
6344,0.11282382769306157
6345,0.11282272298429527
6346,0.11282161917675344
6347,0.11282051627026415
6348,0.11281941426465555
6349,0.11281831315975571
6350,0.11281721295539276
6351,0.11281611365139477
6352,0.1128150152475899
6353,0.11281391774380618
6354,0.11281282113987182
6355,0.11281172543561484
6356,0.1128106306308634
6357,0.11280953672544561
6358,0.11280844371918958
6359,0.11280735161192341
6360,0.11280626040347523
6361,0.11280517009367316
6362,0.11280408068234529
6363,0.11280299216931977
6364,0.11280190455442472
6365,0.11280081783748822
6366,0.11279973201833846
6367,0.11279864709680347
6368,0.11279756307271145
6369,0.1127964799458905
6370,0.1127953977161687
6371,0.11279431638337425
6372,0.1127932359473352
6373,0.11279215640787975
6374,0.11279107776483595
6375,0.11279000001803201
6376,0.11278892316729597
6377,0.11278784721245604
6378,0.11278677215334024
6379,0.1127856979897768
6380,0.11278462472159381
6381,0.11278355234861939
6382,0.11278248087068173
6383,0.11278141028760885
6384,0.11278034059922896
6385,0.1127792718053702
6386,0.11277820390586066
6387,0.11277713690052847
6388,0.11277607078920178
6389,0.11277500557170872
6390,0.11277394124787744
6391,0.11277287781753605
6392,0.11277181528051267
6393,0.11277075363663547
6394,0.11276969288573256
6395,0.11276863302763206
6396,0.11276757406216213
6397,0.11276651598915088
6398,0.11276545880842646
6399,0.11276440251981702
6400,0.11276334712315066
6401,0.11276229261825556
6402,0.11276123900495978
6403,0.11276018628309152
6404,0.11275913445247887
6405,0.11275808351295
6406,0.11275703346433304
6407,0.11275598430645607
6408,0.11275493603914728
6409,0.1127538886622348
6410,0.11275284217554676
6411,0.11275179657891127
6412,0.11275075187215651
6413,0.11274970805511053
6414,0.11274866512760154
6415,0.11274762308945765
6416,0.11274658194050699
6417,0.11274554168057768
6418,0.11274450230949788
6419,0.1127434638270957
6420,0.11274242623319927
6421,0.11274138952763674
6422,0.1127403537102362
6423,0.11273931878082584
6424,0.11273828473923377
6425,0.11273725158528809
6426,0.11273621931881697
6427,0.1127351879396485
6428,0.11273415744761084
6429,0.11273312784253209
6430,0.11273209912424041
6431,0.11273107129256393
6432,0.11273004434733074
6433,0.11272901828836898
6434,0.1127279931155068
6435,0.1127269688285723
6436,0.11272594542739364
6437,0.1127249229117989
6438,0.11272390128161622
6439,0.11272288053667373
6440,0.11272186067679957
6441,0.11272084170182183
6442,0.11271982361156868
6443,0.11271880640586816
6444,0.11271779008454846
6445,0.11271677464743772
6446,0.11271576009436399
6447,0.11271474642515542
6448,0.11271373363964013
6449,0.11271272173764624
6450,0.11271171071900188
6451,0.11271070058353515
6452,0.11270969133107417
6453,0.11270868296144705
6454,0.11270767547448192
6455,0.11270666887000688
6456,0.11270566314785005
6457,0.11270465830783952
6458,0.11270365434980346
6459,0.11270265127356993
6460,0.11270164907896704
6461,0.11270064776582298
6462,0.11269964733396576
6463,0.11269864778322351
6464,0.11269764911342438
6465,0.11269665132439642
6466,0.1126956544159678
6467,0.11269465838796656
6468,0.11269366324022086
6469,0.11269266897255878
6470,0.11269167558480839
6471,0.11269068307679789
6472,0.11268969144835526
6473,0.11268870069930867
6474,0.11268771082948623
6475,0.11268672183871602
6476,0.11268573372682611
6477,0.11268474649364464
6478,0.1126837601389997
6479,0.11268277466271936
6480,0.11268179006463173
6481,0.11268080634456493
6482,0.11267982350234698
6483,0.11267884153780605
6484,0.1126778604507702
6485,0.11267688024106748
6486,0.11267590090852611
6487,0.112674922452974
6488,0.11267394487423936
6489,0.11267296817215025
6490,0.11267199234653474
6491,0.11267101739722094
6492,0.1126700433240369
6493,0.11266907012681072
6494,0.1126680978053705
6495,0.11266712635954426
6496,0.11266615578916014
6497,0.11266518609404624
6498,0.11266421727403057
6499,0.11266324932894126
6500,0.11266228225860632
6501,0.11266131606285391
6502,0.11266035074151205
6503,0.11265938629440882
6504,0.11265842272137232
6505,0.11265746002223058
6506,0.1126564981968117
6507,0.11265553724494373
6508,0.11265457716645476
6509,0.11265361796117285
6510,0.11265265962892605
6511,0.11265170216954246
6512,0.11265074558285008
6513,0.11264978986867706
6514,0.11264883502685138
6515,0.11264788105720118
6516,0.11264692795955444
6517,0.11264597573373931
6518,0.11264502437958375
6519,0.11264407389691589
6520,0.11264312428556376
6521,0.11264217554535542
6522,0.11264122767611892
6523,0.11264028067768232
6524,0.11263933454987364
6525,0.11263838929252101
6526,0.11263744490545237
6527,0.11263650138849587
6528,0.1126355587414795
6529,0.11263461696423133
6530,0.11263367605657942
6531,0.11263273601835175
6532,0.11263179684937646
6533,0.1126308585494815
6534,0.11262992111849497
6535,0.11262898455624491
6536,0.11262804886255935
6537,0.1126271140372663
6538,0.11262618008019383
6539,0.11262524699116999
6540,0.11262431477002276
6541,0.11262338341658025
6542,0.11262245293067047
6543,0.11262152331212141
6544,0.11262059456076115
6545,0.11261966667641768
6546,0.11261873965891905
6547,0.11261781350809333
6548,0.11261688822376849
6549,0.11261596380577259
6550,0.11261504025393365
6551,0.11261411756807968
6552,0.11261319574803869
6553,0.11261227479363875
6554,0.11261135470470784
6555,0.11261043548107402
6556,0.1126095171225653
6557,0.11260859962900968
6558,0.11260768300023521
6559,0.11260676723606985
6560,0.11260585233634168
6561,0.11260493830087867
6562,0.11260402512950887
6563,0.11260311282206027
6564,0.1126022013783609
6565,0.11260129079823875
6566,0.11260038108152182
6567,0.11259947222803819
6568,0.11259856423761579
6569,0.11259765711008267
6570,0.11259675084526681
6571,0.11259584544299626
6572,0.11259494090309899
6573,0.11259403722540301
6574,0.1125931344097363
6575,0.11259223245592692
6576,0.11259133136380284
6577,0.11259043113319206
6578,0.11258953176392257
6579,0.11258863325582236
6580,0.11258773560871949
6581,0.11258683882244189
6582,0.11258594289681759
6583,0.11258504783167458
6584,0.11258415362684086
6585,0.1125832602821444
6586,0.11258236779741324
6587,0.1125814761724753
6588,0.11258058540715864
6589,0.11257969550129122
6590,0.11257880645470102
6591,0.11257791826721605
6592,0.1125770309386643
6593,0.11257614446887373
6594,0.11257525885767238
6595,0.11257437410488817
6596,0.11257349021034914
6597,0.11257260717388322
6598,0.11257172499531845
6599,0.11257084367448279
6600,0.1125699632112042
6601,0.1125690836053107
6602,0.11256820485663022
6603,0.1125673269649908
6604,0.11256644993022039
6605,0.11256557375214694
6606,0.11256469843059849
6607,0.11256382396540297
6608,0.1125629503563884
6609,0.11256207760338269
6610,0.11256120570621386
6611,0.11256033466470985
6612,0.11255946447869872
6613,0.11255859514800833
6614,0.11255772667246672
6615,0.11255685905190185
6616,0.11255599228614169
6617,0.11255512637501422
6618,0.11255426131834738
6619,0.11255339711596915
6620,0.11255253376770755
6621,0.11255167127339048
6622,0.11255080963284592
6623,0.11254994884590187
6624,0.11254908891238626
6625,0.1125482298321271
6626,0.1125473716049523
6627,0.11254651423068988
6628,0.11254565770916777
6629,0.11254480204021394
6630,0.11254394722365638
6631,0.11254309325932302
6632,0.1125422401470418
6633,0.11254138788664074
6634,0.11254053647794779
6635,0.11253968592079089
6636,0.112538836214998
6637,0.1125379873603971
6638,0.11253713935681614
6639,0.11253629220408307
6640,0.11253544590202585
6641,0.11253460045047248
6642,0.11253375584925086
6643,0.112532912098189
6644,0.1125320691971148
6645,0.11253122714585628
6646,0.11253038594424136
6647,0.11252954559209799
6648,0.11252870608925417
6649,0.11252786743553782
6650,0.11252702963077689
6651,0.11252619267479935
6652,0.11252535656743316
6653,0.11252452130850629
6654,0.11252368689784664
6655,0.11252285333528224
6656,0.11252202062064098
6657,0.11252118875375086
6658,0.1125203577344398
6659,0.11251952756253576
6660,0.11251869823786673
6661,0.11251786976026064
6662,0.11251704212954543
6663,0.11251621534554905
6664,0.11251538940809946
6665,0.11251456431702467
6666,0.11251374007215255
6667,0.11251291667331108
6668,0.11251209412032823
6669,0.11251127241303195
6670,0.11251045155125018
6671,0.11250963153481092
6672,0.11250881236354202
6673,0.11250799403727155
6674,0.11250717655582737
6675,0.11250635991903753
6676,0.11250554412672988
6677,0.11250472917873243
6678,0.11250391507487312
6679,0.11250310181497993
6680,0.11250228939888077
6681,0.1125014778264036
6682,0.11250066709737641
6683,0.11249985721162716
6684,0.11249904816898372
6685,0.11249823996927415
6686,0.11249743261232632
6687,0.11249662609796823
6688,0.11249582042602782
6689,0.11249501559633307
6690,0.1124942116087119
6691,0.11249340846299227
6692,0.11249260615900215
6693,0.11249180469656951
6694,0.11249100407552227
6695,0.11249020429568843
6696,0.1124894053568959
6697,0.11248860725897267
6698,0.11248781000174667
6699,0.1124870135850459
6700,0.1124862180086983
6701,0.11248542327253179
6702,0.11248462937637439
6703,0.11248383632005401
6704,0.11248304410339863
6705,0.11248225272623621
6706,0.11248146218839475
6707,0.11248067248970216
6708,0.11247988362998641
6709,0.11247909560907546
6710,0.11247830842679729
6711,0.11247752208297986
6712,0.11247673657745114
6713,0.11247595191003906
6714,0.11247516808057163
6715,0.1124743850888768
6716,0.11247360293478251
6717,0.11247282161811677
6718,0.11247204113870751
6719,0.11247126149638274
6720,0.11247048269097037
6721,0.11246970472229845
6722,0.11246892759019489
6723,0.11246815129448766
6724,0.11246737583500474
6725,0.11246660121157415
6726,0.11246582742402379
6727,0.1124650544721817
6728,0.11246428235587583
6729,0.11246351107493413
6730,0.11246274062918461
6731,0.11246197101845523
6732,0.11246120224257396
6733,0.1124604343013688
6734,0.11245966719466774
6735,0.11245890092229872
6736,0.11245813548408978
6737,0.11245737087986887
6738,0.11245660710946395
6739,0.11245584417270303
6740,0.11245508206941413
6741,0.11245432079942516
6742,0.11245356036256418
6743,0.11245280075865914
6744,0.11245204198753807
6745,0.1124512840490289
6746,0.11245052694295965
6747,0.11244977066915834
6748,0.11244901522745296
6749,0.11244826061767148
6750,0.11244750683964189
6751,0.1124467538931922
6752,0.11244600177815041
6753,0.11244525049434455
6754,0.11244450004160259
6755,0.11244375041975255
6756,0.1124430016286224
6757,0.1124422536680402
6758,0.11244150653783393
6759,0.11244076023783156
6760,0.11244001476786117
6761,0.11243927012775072
6762,0.11243852631732827
6763,0.11243778333642176
6764,0.11243704118485928
6765,0.11243629986246882
6766,0.1124355593690784
6767,0.11243481970451603
6768,0.11243408086860973
6769,0.1124333428611875
6770,0.11243260568207744
6771,0.1124318693311075
6772,0.11243113380810575
6773,0.11243039911290022
6774,0.1124296652453189
6775,0.11242893220518987
6776,0.11242819999234113
6777,0.11242746860660072
6778,0.1124267380477967
6779,0.1124260083157571
6780,0.1124252794103099
6781,0.11242455133128326
6782,0.11242382407850515
6783,0.11242309765180361
6784,0.11242237205100669
6785,0.1124216472759425
6786,0.11242092332643899
6787,0.1124202002023243
6788,0.11241947790342645
6789,0.11241875642957348
6790,0.11241803578059348
6791,0.11241731595631449
6792,0.11241659695656459
6793,0.11241587878117185
6794,0.11241516142996429
6795,0.11241444490277001
6796,0.1124137291994171
6797,0.1124130143197336
6798,0.11241230026354761
6799,0.11241158703068718
6800,0.11241087462098041
6801,0.11241016303425536
6802,0.11240945227034013
6803,0.11240874232906278
6804,0.11240803321025146
6805,0.1124073249137342
6806,0.11240661743933908
6807,0.11240591078689424
6808,0.11240520495622774
6809,0.11240449994716772
6810,0.11240379575954224
6811,0.1124030923931794
6812,0.11240238984790737
6813,0.11240168812355418
6814,0.11240098721994797
6815,0.11240028713691687
6816,0.11239958787428894
6817,0.11239888943189236
6818,0.11239819180955521
6819,0.11239749500710562
6820,0.11239679902437175
6821,0.11239610386118164
6822,0.11239540951736351
6823,0.11239471599274542
6824,0.11239402328715557
6825,0.11239333140042204
6826,0.11239264033237303
6827,0.11239195008283663
6828,0.11239126065164101
6829,0.11239057203861429
6830,0.11238988424358466
6831,0.11238919726638022
6832,0.11238851110682917
6833,0.11238782576475967
6834,0.11238714123999984
6835,0.11238645753237789
6836,0.11238577464172193
6837,0.11238509256786017
6838,0.1123844113106208
6839,0.11238373086983193
6840,0.11238305124532182
6841,0.11238237243691858
6842,0.11238169444445044
6843,0.11238101726774553
6844,0.11238034090663213
6845,0.11237966536093832
6846,0.11237899063049236
6847,0.11237831671512245
6848,0.1123776436146568
6849,0.1123769713289236
6850,0.11237629985775101
6851,0.1123756292009673
6852,0.11237495935840067
6853,0.11237429032987932
6854,0.1123736221152315
6855,0.1123729547142854
6856,0.11237228812686927
6857,0.11237162235281134
6858,0.11237095739193982
6859,0.11237029324408296
6860,0.11236962990906899
6861,0.11236896738672615
6862,0.11236830567688269
6863,0.11236764477936688
6864,0.11236698469400692
6865,0.11236632542063114
6866,0.11236566695906773
6867,0.11236500930914502
6868,0.1123643524706912
6869,0.11236369644353457
6870,0.11236304122750343
6871,0.11236238682242604
6872,0.11236173322813063
6873,0.11236108044444554
6874,0.11236042847119905
6875,0.11235977730821943
6876,0.11235912695533502
6877,0.11235847741237405
6878,0.11235782867916488
6879,0.11235718075553577
6880,0.11235653364131507
6881,0.11235588733633106
6882,0.11235524184041204
6883,0.11235459715338635
6884,0.11235395327508232
6885,0.1123533102053283
6886,0.11235266794395256
6887,0.11235202649078352
6888,0.11235138584564944
6889,0.11235074600837867
6890,0.11235010697879957
6891,0.11234946875674054
6892,0.11234883134202986
6893,0.11234819473449592
6894,0.11234755893396708
6895,0.1123469239402717
6896,0.11234628975323814
6897,0.11234565637269481
6898,0.11234502379847007
6899,0.11234439203039229
6900,0.11234376106828983
6901,0.11234313091199115
6902,0.11234250156132458
6903,0.11234187301611859
6904,0.11234124527620148
6905,0.11234061834140176
6906,0.11233999221154778
6907,0.11233936688646795
6908,0.11233874236599074
6909,0.1123381186499445
6910,0.11233749573815772
6911,0.11233687363045884
6912,0.11233625232667624
6913,0.1123356318266384
6914,0.11233501213017374
6915,0.11233439323711075
6916,0.11233377514727785
6917,0.11233315786050349
6918,0.11233254137661619
6919,0.11233192569544435
6920,0.11233131081681644
6921,0.11233069674056101
6922,0.11233008346650648
6923,0.11232947099448136
6924,0.1123288593243141
6925,0.11232824845583322
6926,0.11232763838886729
6927,0.1123270291232447
6928,0.11232642065879403
6929,0.11232581299534375
6930,0.11232520613272241
6931,0.11232460007075852
6932,0.11232399480928061
6933,0.11232339034811721
6934,0.11232278668709686
6935,0.1123221838260481
6936,0.11232158176479948
6937,0.11232098050317953
6938,0.11232038004101684
6939,0.11231978037813996
6940,0.11231918151437742
6941,0.11231858344955786
6942,0.1123179861835098
6943,0.11231738971606184
6944,0.11231679404704255
6945,0.11231619917628057
6946,0.11231560510360446
6947,0.11231501182884279
6948,0.11231441935182422
6949,0.11231382767237734
6950,0.11231323679033078
6951,0.11231264670551312
6952,0.11231205741775303
6953,0.11231146892687914
6954,0.11231088123272005
6955,0.11231029433510444
6956,0.11230970823386095
6957,0.1123091229288182
6958,0.11230853841980493
6959,0.1123079547066497
6960,0.11230737178918124
6961,0.1123067896672282
6962,0.11230620834061927
6963,0.11230562780918314
6964,0.1123050480727485
6965,0.11230446913114404
6966,0.11230389098419848
6967,0.1123033136317405
6968,0.11230273707359884
6969,0.11230216130960215
6970,0.1123015863395792
6971,0.11230101216335876
6972,0.11230043878076952
6973,0.1122998661916402
6974,0.1122992943957996
6975,0.11229872339307642
6976,0.11229815318329947
6977,0.11229758376629745
6978,0.11229701514189916
6979,0.11229644730993336
6980,0.11229588027022887
6981,0.11229531402261443
6982,0.11229474856691886
6983,0.11229418390297094
6984,0.11229362003059949
6985,0.11229305694963328
6986,0.1122924946599012
6987,0.11229193316123198
6988,0.1122913724534545
6989,0.11229081253639758
6990,0.11229025340989009
6991,0.11228969507376078
6992,0.1122891375278386
6993,0.11228858077195236
6994,0.11228802480593095
6995,0.11228746962960323
6996,0.11228691524279802
6997,0.11228636164534431
6998,0.11228580883707084
6999,0.11228525681780664
7000,0.11228470558738055
7001,0.11228415514562146
7002,0.11228360549235832
7003,0.11228305662742
7004,0.11228250855063546
7005,0.11228196126183364
7006,0.11228141476084343
7007,0.1122808690474938
7008,0.11228032412161372
7009,0.1122797799830321
7010,0.11227923663157795
7011,0.11227869406708019
7012,0.11227815228936784
7013,0.11227761129826984
7014,0.11227707109361518
7015,0.11227653167523288
7016,0.11227599304295194
7017,0.11227545519660134
7018,0.11227491813601012
7019,0.11227438186100727
7020,0.11227384637142188
7021,0.1122733116670829
7022,0.11227277774781941
7023,0.11227224461346043
7024,0.11227171226383506
7025,0.11227118069877232
7026,0.11227064991810132
7027,0.11227011992165106
7028,0.11226959070925069
7029,0.11226906228072928
7030,0.11226853463591588
7031,0.11226800777463963
7032,0.11226748169672965
7033,0.11226695640201499
7034,0.11226643189032486
7035,0.1122659081614883
7036,0.11226538521533448
7037,0.11226486305169256
7038,0.11226434167039166
7039,0.11226382107126097
7040,0.11226330125412957
7041,0.11226278221882675
7042,0.1122622639651816
7043,0.11226174649302333
7044,0.11226122980218109
7045,0.11226071389248415
7046,0.11226019876376164
7047,0.11225968441584279
7048,0.1122591708485569
7049,0.11225865806173309
7050,0.11225814605520062
7051,0.11225763482878875
7052,0.11225712438232671
7053,0.11225661471564378
7054,0.11225610582856918
7055,0.11225559772093224
7056,0.11225509039256217
7057,0.11225458384328826
7058,0.11225407807293986
7059,0.11225357308134619
7060,0.1122530688683366
7061,0.1122525654337404
7062,0.1122520627773869
7063,0.11225156089910546
7064,0.11225105979872536
7065,0.11225055947607597
7066,0.11225005993098665
7067,0.11224956116328673
7068,0.11224906317280561
7069,0.11224856595937263
7070,0.11224806952281718
7071,0.11224757386296864
7072,0.11224707897965643
7073,0.11224658487270994
7074,0.11224609154195857
7075,0.11224559898723174
7076,0.11224510720835888
7077,0.1122446162051694
7078,0.11224412597749281
7079,0.11224363652515848
7080,0.11224314784799591
7081,0.11224265994583456
7082,0.11224217281850386
7083,0.11224168646583337
7084,0.11224120088765249
7085,0.11224071608379078
7086,0.11224023205407772
7087,0.11223974879834281
7088,0.11223926631641558
7089,0.11223878460812556
7090,0.11223830367330227
7091,0.11223782351177528
7092,0.1122373441233741
7093,0.11223686550792834
7094,0.11223638766526753
7095,0.11223591059522123
7096,0.11223543429761906
7097,0.1122349587722906
7098,0.11223448401906545
7099,0.11223401003777322
7100,0.11223353682824351
7101,0.11223306439030593
7102,0.11223259272379017
7103,0.1122321218285258
7104,0.11223165170434254
7105,0.11223118235106996
7106,0.11223071376853778
7107,0.11223024595657569
7108,0.11222977891501332
7109,0.11222931264368037
7110,0.11222884714240655
7111,0.11222838241102161
7112,0.11222791844935517
7113,0.11222745525723701
7114,0.11222699283449686
7115,0.11222653118096443
7116,0.1122260702964695
7117,0.11222561018084183
7118,0.11222515083391116
7119,0.11222469225550727
7120,0.11222423444545994
7121,0.11222377740359893
7122,0.11222332112975411
7123,0.11222286562375523
7124,0.11222241088543214
7125,0.11222195691461465
7126,0.11222150371113254
7127,0.11222105127481574
7128,0.11222059960549405
7129,0.11222014870299733
7130,0.11221969856715547
7131,0.11221924919779834
7132,0.1122188005947558
7133,0.11221835275785776
7134,0.1122179056869341
7135,0.11221745938181478
7136,0.11221701384232967
7137,0.11221656906830874
7138,0.1122161250595819
7139,0.11221568181597909
7140,0.11221523933733027
7141,0.11221479762346542
7142,0.11221435667421452
7143,0.11221391648940751
7144,0.11221347706887443
7145,0.11221303841244523
7146,0.11221260051994993
7147,0.11221216339121859
7148,0.11221172702608119
7149,0.11221129142436777
7150,0.11221085658590839
7151,0.1122104225105331
7152,0.11220998919807193
7153,0.11220955664835502
7154,0.11220912486121243
7155,0.11220869383647417
7156,0.11220826357397042
7157,0.11220783407353127
7158,0.11220740533498683
7159,0.11220697735816722
7160,0.1122065501429026
7161,0.11220612368902311
7162,0.11220569799635885
7163,0.11220527306474004
7164,0.11220484889399684
7165,0.11220442548395944
7166,0.11220400283445799
7167,0.1122035809453227
7168,0.11220315981638386
7169,0.1122027394474716
7170,0.11220231983841616
7171,0.11220190098904781
7172,0.11220148289919676
7173,0.11220106556869328
7174,0.11220064899736765
7175,0.11220023318505011
7176,0.112199818131571
7177,0.11219940383676054
7178,0.11219899030044911
7179,0.11219857752246697
7180,0.11219816550264447
7181,0.11219775424081194
7182,0.11219734373679968
7183,0.11219693399043809
7184,0.11219652500155751
7185,0.11219611676998831
7186,0.1121957092955609
7187,0.11219530257810562
7188,0.1121948966174529
7189,0.11219449141343309
7190,0.11219408696587671
7191,0.11219368327461414
7192,0.11219328033947579
7193,0.11219287816029214
7194,0.11219247673689364
7195,0.11219207606911076
7196,0.11219167615677396
7197,0.11219127699971375
7198,0.1121908785977606
7199,0.11219048095074505
7200,0.11219008405849758
7201,0.11218968792084873
7202,0.11218929253762903
7203,0.11218889790866904
7204,0.11218850403379932
7205,0.11218811091285039
7206,0.1121877185456529
7207,0.11218732693203737
7208,0.11218693607183441
7209,0.11218654596487464
7210,0.11218615661098867
7211,0.11218576801000711
7212,0.11218538016176065
7213,0.11218499306607983
7214,0.11218460672279541
7215,0.11218422113173801
7216,0.11218383629273829
7217,0.11218345220562696
7218,0.1121830688702347
7219,0.11218268628639226
7220,0.11218230445393028
7221,0.11218192337267954
7222,0.11218154304247076
7223,0.1121811634631347
7224,0.11218078463450207
7225,0.11218040655640368
7226,0.1121800292286703
7227,0.11217965265113271
7228,0.11217927682362172
7229,0.11217890174596812
7230,0.11217852741800274
7231,0.11217815383955639
7232,0.11217778101045993
7233,0.1121774089305442
7234,0.11217703759964005
7235,0.11217666701757838
7236,0.11217629718419005
7237,0.1121759280993059
7238,0.11217555976275691
7239,0.11217519217437397
7240,0.11217482533398798
7241,0.11217445924142987
7242,0.1121740938965306
7243,0.11217372929912113
7244,0.11217336544903238
7245,0.11217300234609537
7246,0.11217263999014107
7247,0.11217227838100045
7248,0.11217191751850454
7249,0.11217155740248438
7250,0.11217119803277095
7251,0.11217083940919531
7252,0.11217048153158848
7253,0.11217012439978157
7254,0.11216976801360558
7255,0.11216941237289166
7256,0.11216905747747083
7257,0.11216870332717427
7258,0.11216834992183303
7259,0.11216799726127824
7260,0.11216764534534103
7261,0.11216729417385261
7262,0.11216694374664402
7263,0.11216659406354651
7264,0.11216624512439122
7265,0.11216589692900936
7266,0.11216554947723209
7267,0.11216520276889065
7268,0.11216485680381624
7269,0.11216451158184011
7270,0.11216416710279348
7271,0.1121638233665076
7272,0.11216348037281375
7273,0.1121631381215432
7274,0.11216279661252719
7275,0.11216245584559706
7276,0.11216211582058412
7277,0.11216177653731967
7278,0.11216143799563502
7279,0.11216110019536153
7280,0.11216076313633054
7281,0.11216042681837343
7282,0.11216009124132155
7283,0.11215975640500629
7284,0.112159422309259
7285,0.11215908895391119
7286,0.11215875633879416
7287,0.11215842446373937
7288,0.1121580933285783
7289,0.11215776293314236
