0,1,2,3,4,5,6,7,8,9,10,11,12,13,14,15,16,17,18,19,20,21,22,23,24,25,26,27,28,29,30,31,32,33,34,35,36,37,38,39,40,41,42,43,44,45,46,47,48,49,camada
-0.102642895851469,-0.1868903584529164,0.1227509694397437,-0.0623519266993312,-0.1463958070541928,-0.2322321402847965,0.1793077558234606,0.0726817892656377,0.2215698001086683,-0.0597191032453733,-0.1803191069047628,-0.107171866997653,-0.1600368490937819,0.1601967162148238,-0.094909595625556,-0.1483226756062401,-0.0755407396657764,-0.0096154091894688,-0.0907474952072426,-0.0361758907443271,0.0098185629869611,-0.0450299392312085,-0.0189258765833224,0.1661465199317853,0.1526457518130808,0.0683893039691631,0.048524675192446,0.1313097199898348,0.2151675796990053,-0.005937333594932,-0.0355609318239751,0.0980775282891058,-0.0615029762373326,-0.0895198802917439,-0.0788458213221264,-0.149802160496913,0.1526882131967011,0.1743479801538414,-0.0253881075963364,-0.119338446406096,0.1072503800477984,-0.0453747368159637,-0.0093070975553239,0.0116878653246113,-0.0107390483383821,0.072930887519795,-0.0055398111033386,0.179851748885263,0.0711550239238224,-0.0600171223746658,w1
0.0232837631120534,0.1009115308316693,0.0899426470661839,0.0981319466148863,-0.1406470471222419,0.0268272210757639,0.0367408794525637,-0.0365686334261978,0.1952630323678341,0.0050659963784538,-0.1242703189280872,-0.057724286893703,-0.0907715427602471,0.1038301620086809,-0.1491302691645988,-0.1631264670111026,0.2206544044369445,-0.1695942154463576,-0.18662957777632,-0.0580782796398413,-0.0900876304190864,-0.0312037594466146,-0.1202180646268065,0.0120621288868552,0.0045680875302746,-0.0195518416156747,-0.0232533183765924,0.0303191035274182,-0.0048099238731297,-0.0671908072041602,-0.0461673274238027,-0.0366986310789108,0.0534547851086297,-0.040620488069365,-0.0767459764786809,0.03001525588288,-0.0503103200638673,0.1308537278458257,0.0839000936422994,-0.0023337907038214,-4.2954018806503e-05,-0.1273720601315767,-0.1303843247334708,-0.0202591273365505,-0.1961751892705648,-0.0813486748611654,0.0829390078198937,-0.0148178661204153,-0.189046092096186,0.0169677809705037,w1
0.0304037357864799,0.087932836203505,0.0208602801954208,-0.019607977424766,-0.0031028655087618,-0.0502055163143293,0.0953046290559753,0.0850587058331446,0.0611818226646119,0.129147154612627,-0.1436853182521552,-0.0458751374830555,0.0730705362421031,-0.0402514507818345,0.108398725766223,0.1483552605841528,-0.0878693136776305,0.0341377079580601,0.0517350861374499,-0.0107414038316639,-0.0584586926669537,0.0615009719172092,-0.1092394362013438,0.1147253790897163,-0.0668098893684436,0.0758465683118533,0.0306709415994122,0.0507363919048754,-0.0750979372597962,0.0119615484966486,-0.0149638887076633,0.0668909341859884,-0.0789319548293489,0.0135707422466597,-0.0257462297013794,-0.0280774016563536,0.1389288616241711,-0.0110019838040582,-0.0347527281884585,-0.0887347805622413,-0.0845679486782871,0.0748429018518248,0.0950078071191694,-0.0610319451009145,0.1049354422116746,0.0446500052553206,-0.0455401801888791,0.0191037835530501,-0.1116000932689793,-0.0850597066063997,w1
0.0723098191332093,-0.0721418540545692,-0.0053122818361349,-0.0060866564203885,-0.0211855232690898,0.0191780474808883,-0.0003440452366951,-0.0405351152162737,0.0087772345552189,-0.1137546532755808,0.0422987972301077,0.0975094733138635,0.0194002499361323,0.1579407499401052,0.0537584822484557,-0.0233842780332639,-0.0244180911147108,0.0304278355056643,-0.0112880028109097,0.0425218453088204,-0.0102026136834807,-0.1169788572827546,-0.0462898915290122,0.0519774425883062,-0.0465019141697277,0.1017265090469648,0.1153970700828393,-0.1166620743339767,-0.0652503983403816,-0.0600666610867069,-0.1173566806452459,0.0700796741165334,0.0112902712302315,-0.0103353213840472,-0.0578703020579852,0.0337253829367421,-0.0283620818287649,0.0006857994689415,0.0054835827312305,-0.0012563127936688,-0.0299841216977905,-0.0272962380370461,-0.0389516136813162,0.1618349914049172,-0.131561951532764,0.1340168051176959,0.0296095433324844,0.0175824645863028,0.0012107371294857,0.0887966798118182,w1
0.0333533660297517,-0.1192754374557653,0.0211334898681602,-0.1260576789372193,-0.0102476252927726,0.1808423341251916,0.0822574563291989,0.0310126309657876,0.0375490070012496,0.0465554405696858,0.0412658259538034,0.1149982188128983,-0.0238881828906464,-0.0471536447964234,0.107145697886905,-0.1150840785215365,-0.0099531025663863,-0.1567454790058145,-0.0323538033363018,-0.0520635259157738,-0.2076297208417247,0.1010856816806587,-0.0217867770098193,-0.1401885050889914,0.0309043374409859,0.0390898653245415,0.0157391467983403,-0.0944171339937933,-0.0840075701233531,-0.0227826127254149,0.1266848727809928,-0.0656206274677001,-0.0319914232206415,-0.0654715108230986,-0.0934871184211587,-0.0073821596014206,-0.0319812484152098,-0.1321929330969824,-0.0506289379905974,-0.0698045591419209,0.0157254565093553,0.0063952110603186,0.0555790849258684,0.1495575119827022,-0.0549515032318051,-0.0126462418902929,-0.0261398366824779,-0.003564608210111,-0.1325100836222629,0.0989323485597711,w1
-0.0469725670965888,0.0234319918041139,-0.0898847182183483,0.0373554086050705,0.024796768749833,-0.0423495145137128,0.1606180215571989,0.0024352978063839,-0.0155537158528989,-0.0413589712431305,0.039282951146885,0.1519982746737314,0.0461053020338719,0.0747206219587727,0.1515679335715403,-0.0165546357226695,0.1031692004374005,-0.1171220865154458,-0.0064739841472402,0.0576871622294648,0.1116614862835545,0.1135431230389623,-0.0935143160382738,-0.1125222714916693,0.1013074332151729,0.1240302898132074,0.0215161887235976,-0.0528956548730151,0.1205372407790099,-0.0166478353691531,0.1843211536582213,0.1325922522366739,0.0336100900291024,0.0338484636488044,-0.0848526800404139,-0.06691618697573,-0.0626266674826739,0.0018575959518469,-0.0495828568564787,0.0639306258499119,-0.0163049324281361,0.0840401085231125,-0.0519641126208499,0.0676972942486659,-0.0968743986688069,0.0998258950664084,-0.0118595300688324,0.1110527065142374,-0.1417204583834368,0.014151883057464,w1
-0.0066429944903437,0.032026120841154,0.09996983329082,-0.0431988542639652,0.0340756254271534,-0.0147744952738608,0.0183680416730875,-0.0474261298531393,-0.0581215503555402,0.0239761697329112,0.027585739857785,0.165527222105784,-0.0312391060848072,-0.0373796515423077,0.1254317222488344,0.0329505397886263,0.109358878049516,0.0109504203457631,0.1310828693748329,0.0450879152941203,-0.1487526905366702,0.0877066902723216,-0.1524639787608649,-0.0498764312587715,0.0477444424510981,0.122662790737128,-0.0353267216213711,-0.157881649966402,-0.0675358054909696,-0.0326093411913604,-0.0959886130672953,-0.0613615616813292,0.0715808277821071,-0.0748245471167753,-0.1116584522035937,-0.0011955395132895,0.0069904458964871,0.0078925662777404,-0.0223259569593682,0.0503515179066014,-0.0553153038792597,0.0624965036395343,0.0533494366097388,-0.0712352181101529,-0.0502382855111327,-0.0086025690228791,0.1418730203657748,0.0390909285384952,0.0646689665788277,0.1049580996241017,w1
-0.063659056759351,-0.1971363369928473,0.0127518452995294,0.0542705969388598,-0.0796312504664135,0.1463137133289771,-0.1347310360891648,-0.1544611093482246,0.0782504110388534,0.0354986136442143,0.0579480412190812,0.1358412147531988,-0.0870086928899623,0.033548832648649,0.0921917205113622,-0.1284186643005288,0.0890364506935898,0.0971409031935285,0.0823016253887508,-0.0311659375951789,0.0961430469269,0.1045989537519839,-0.0099501397010527,-0.1191688761566547,0.010730924092793,0.0925227787083682,-0.0144610712275981,-0.0223215576644119,0.045662843362372,0.0410165596960863,-0.1711026023741005,-0.0707517793551173,0.0424289184270409,0.0033950370946,-0.0777876331428797,-0.0701542760145751,-0.0387561008493244,0.0502392314162979,-0.0326308705934273,0.0144092582089399,-0.0921755633416977,0.0374774582245978,0.0178496067109408,0.0269961723508669,0.1318095370939001,-0.0614888905883384,0.0285684747983587,0.1460319394086703,0.0542735434805079,-0.0038078571644945,w1
0.0068390184439048,0.099862810035725,-0.0529824326332255,-0.037987662398505,-0.0619913004043842,-0.1106409410345215,0.1364090693805712,-0.0793583235003453,0.0775328225830725,0.0540133485294688,0.0968150252766487,0.092324975287637,0.0082623489655787,0.057564667817459,0.1113189277113611,0.0141774841898177,-0.0709053541256861,-0.0254372669471206,0.1368132478260993,0.1243927196984616,-0.001659814318388,0.0465496912639343,-0.0575253248380222,0.0011496418636637,-0.0227950268155451,-0.0080545999943242,0.0462717314178718,0.0020545894168498,0.145307033633788,0.0484860994216909,-0.0605896122131539,0.0062859713119322,0.0709809084310313,-0.0299556158668165,-0.0033071637347999,0.0800652715179196,0.1108018609576903,-0.1245753725631108,-0.0841740421445465,-0.0798618256785214,0.0616730471422365,-0.1250786511723802,0.2042644224422043,-0.0514209515570432,-0.0373418778216576,-0.0770527264233682,0.0765102687033312,0.0201695741021558,-0.1320978873175573,0.1021683808809384,w1
-0.0295278062611474,0.0168148826832408,-0.0818272245317598,0.0238297501655856,-0.1050762575121239,0.0005972828039497,-0.1602959655871309,0.0710492557973015,-0.0075987513667133,0.0431912384775465,0.0085354773399802,-0.1044606277706906,-0.012228242312132,0.1266199514291419,0.0967798896264015,-0.0507716559662027,-0.0725909330430293,0.0054802170578867,-0.1940389547861249,-0.0063656411882627,0.0441305443208903,-0.0501049803575517,-0.0671434310386795,0.0214563560342958,0.0997729047704887,0.0491088172882563,0.0784996947032584,0.0594394436543315,-0.021322275536811,0.0707986887235281,0.0212283970077107,-0.0242880975539405,0.0610560757923142,-0.0542395607360505,-0.162070255477174,-0.0876343153783218,0.0466628355159042,0.1521583935041044,-0.1419058871871342,0.0223727525806729,0.0110282464345584,-0.0758635510999146,-0.0846055206501038,-0.0744077945469183,-0.0777811054112894,0.0979243356758757,-0.1348482304828046,-0.160825289167337,-0.0339093098384424,-0.1737206270867181,w1
-0.1714198282252317,-0.0782478205199913,0.0520557276659377,-0.1208673015449078,-0.1297298565190693,0.0039532655414425,0.0703552568644622,-0.1276692976018529,0.0096066701718643,0.1819216356471071,-0.0703250391324665,-0.1074414504754727,-0.0907305349965059,-0.0628372859835221,0.1471267644257384,-0.0662213805139197,-0.0329086141553586,-0.1315491838450734,-0.1500930277216452,0.134965979786949,0.1971670114900171,-0.0004698805410877,-0.0885395276680261,0.0542301062831956,0.1587909954893366,-0.1046622407154244,-0.0358774025783147,-0.0395217842566612,0.0778164418700013,-0.1758760317563938,0.043100198800418,0.0818600752659608,-0.03695264689549,-0.0938477288170836,-0.1507218710238539,-0.022556193987985,0.036028108246295,0.0546255625619189,0.0111438246521162,-0.0564338143219492,0.0257276271690651,-0.0048765450014359,-0.1919728975173772,0.2013373857903859,0.0382859386721619,-0.1159167295511699,-0.1846093504745216,0.0144900018011751,-0.2045474301364582,0.0285104460314019,w1
0.0657767659654039,0.0852228049683306,-0.0187317379724694,-0.173686053893997,-0.1850526881386811,-0.1753684056160497,-0.12137158877029,-0.2019077739471978,-0.0069338194279044,0.0582793191509282,0.0873497155775207,0.0303913667766919,-0.1766719757076856,0.1686845293757281,0.2015142968060435,-0.1021783083198528,0.1337285115826871,-0.2437053030559881,0.0010427111749713,0.0701542258070545,0.0258028758329754,0.0393716188448414,-0.2232918328875562,0.0912902068716831,0.0569465186177459,0.1065821029069072,0.0380566379415443,-0.0977107450967003,0.166648603837663,-0.0596370937737736,-0.0112784885267052,0.1298064401951127,0.0133997080996647,-0.0197561416018015,-0.0626248106646392,-0.1248384633458938,0.0556472512598543,-0.082374718470264,0.0132570669416785,-0.0050250510864637,0.0048373648517827,-0.0434692198847308,-0.0109012183106856,0.0260038908366199,0.0910049913381968,0.2025030863137427,0.033810492205957,0.1562897323524461,-0.0523038644835554,-0.1295205460616776,w1
-0.2345043991972955,0.0380738269262885,0.1112937025797787,-0.0643933959004902,-0.0897418909661254,-0.1966788298302012,0.0746332889566534,-0.089991522917687,0.004285345521161,0.0161789306466673,0.0330864860779028,0.0080548735987588,-0.1507445761261044,-0.056322940850826,0.0468092657838707,0.0046129938583638,0.0893549933366832,-0.1383143787084493,0.0306562316699591,-0.1127346341332222,0.2350240338873854,0.0788531263756365,-0.2252434360525222,-0.1072092715530582,-0.0722672411374888,0.0964436477220488,0.0151960032013971,0.0737880770479418,0.1461355524419857,0.0278178935031079,-0.0662295269632952,0.149348322606387,-0.139619849245508,0.1011193591887155,-0.0162732322173253,-0.1646471104098576,0.0414104190968515,-0.0516568484815804,0.0273225633664978,0.176443451129288,-0.1928741314632644,-0.0170107198386766,-0.0658168558815183,0.0060103684395218,0.0754491020130857,0.0798199402111018,0.0899703946548431,0.0598376913767306,-0.0386023986826053,-0.1841934045522338,w1
0.0220885873810814,0.0065787987467429,0.0178417493856026,-0.0427230832772136,0.0272296075710726,-0.0094736347584085,0.1621399104894299,0.0781403340584143,0.0605260978843112,0.1526520887898751,-0.0235730762024095,0.0524175558045827,-0.0525310698915405,-0.007595404489917,-0.0628863744103876,-0.0547422269408505,0.0838417268907067,-0.1731679305716024,-0.0314711527413994,0.0690636170331551,0.1452775688646772,-0.1166128194755378,0.0342974191264589,-0.0481131493576813,0.0870398231620046,-0.0609450591619338,0.0035624848178027,-0.027778513287552,-0.0271440345816395,-0.0443896700396798,0.033078285438564,0.0379415378002792,-0.0280023382155768,0.1037942310026009,0.150557109476943,0.0615266014122811,0.0824199464850262,-0.0179520760167076,0.0189218302015162,0.0038067852937684,0.0608616496791687,0.0536704414889757,0.1027898006829298,-0.0949667124990783,-0.0512556011597459,-0.0552443520282855,0.0035534817733054,-0.0475363382272317,0.0188235408392647,0.0303079292472105,w1
0.1958888835670147,0.0685013061700442,-0.1018222894219431,-0.0896540418415588,0.0052013540237488,0.0678007854348225,-0.1218001663779775,0.0227359747207713,-0.0037443943165328,-0.134404654364531,-0.0301064092850304,-0.050555527903052,-0.0691378199511376,0.0879939125975986,-0.0126309068899921,0.0233506495333347,0.0187400153135958,0.1030498350365148,0.1549336314008207,-0.0012716172324629,-0.0247480336330316,-0.0200617691047584,-0.1211656033534347,-0.0845921648586385,0.0760233406386509,0.0694538502493115,0.1298032694077659,0.0973500532725882,0.0623584977363658,0.0408652298253269,-0.0756883586797737,0.0322842588333303,-0.052864086661651,-0.1793183844110805,-0.0579042769272176,0.0136240186758733,0.0737709046430792,0.125922105075839,-0.0547514919001861,-0.1338372142680319,0.1778545307930399,0.110806663592658,0.0444076544953195,0.1421729969843899,-0.0182110353221599,-0.0965718338322689,0.1260071625741161,0.0390147047564728,-0.0362794051127066,0.0048122492844682,w1
0.1823688426156054,-0.1591316698773552,0.0573253457462435,0.0714731863706075,-0.0767983578227339,0.232758214012461,-0.1550284332242846,0.0103594340335116,0.0543591951553362,0.1246587759136716,0.011287672583739,-0.0145341975018732,-0.0003485040074937,0.0149680863830106,0.0081203634591811,0.074773570784642,-0.1007931265160819,-0.0430842969714239,0.2481630824684415,-0.0375590851492859,-0.0988690933679231,0.014176350254191,-0.0466009422093909,-0.048658470493182,-0.1199146403336797,-0.0054952264449734,0.0638838903384101,0.0401630480007196,0.0178481901312512,-0.0179241903441045,-0.0883494856387934,0.0385162959963153,-0.0248996121115801,0.1420674184418642,0.0291433660269583,0.0099570517958734,0.0571201597119921,-0.0047811639593283,0.0900495489263244,-0.0569636125045167,0.0139297780781561,0.1151342301966661,0.0211043986000301,-0.0906667482770876,0.1011490309808768,-0.0168571413324996,0.0037813794970197,0.0020093328780828,0.1157689891408969,0.0394926288179828,w1
-0.0398731132362515,-0.0337185530133171,0.0464772329030071,-0.0557266770870698,0.1337050506616595,-0.0523729776455499,0.0123453648766512,-0.0386526835893367,0.015639513486,-0.103658380576479,-0.0665322786650477,0.0696718473798743,0.0336013285903507,0.0954899119106177,-0.0302745375586544,0.0603215106702326,-0.0745716244189003,0.1383785038820374,0.0685244956276306,-0.0241672940079708,0.0300580430207267,0.0409792820328799,-0.0240446636934696,0.015854310884664,0.0460396924965737,0.0707529839606826,-0.0692442897764408,-0.1287686656558988,0.0309650128935367,0.002621789480586,-0.0040365988341045,-0.0064380502675529,0.072203690893614,-0.0467639050789654,-0.0017594122416685,-0.0356965041175793,-0.0931122262180032,0.0211167188900623,-0.0077647840621185,0.0638798184175431,-0.0395773971011304,-0.0714463072008788,0.03997178269378,-0.031966740382831,-0.0991819769189477,0.0642978623917196,-0.0113880520731574,0.1434724915944165,-0.0758551374817707,-0.016104633692583,w1
0.0390623328632978,0.0143008407356075,-0.0453549488682074,-0.0143116415099298,-0.0316564604669738,0.063623973016703,-0.1746849270827785,0.0013933343963977,-0.0629412830417745,-0.055839182098968,0.0401268854081457,0.280829945036475,0.1685873190974174,0.1844195764172639,-0.0006896663636117,-0.0204545240724739,0.0307824388236442,-0.1411372768666237,-0.0243204643626097,0.0516020000973125,0.0772121794466754,0.0902419918662814,0.0447671127780523,-0.0481011684819474,-0.1123694833892595,0.1469224746694405,0.0715327037981876,-0.1822800952989348,-0.0180377672717152,-0.0797671210527188,0.0310809598901091,-0.1085803198805927,0.1080620316329792,-0.025113373361069,0.0309232814886865,-0.1232189795968255,-0.0198904707794529,-0.0992297374263696,-0.0960270359901544,-0.0115139821229095,-0.0077553908489266,-0.0221599308505439,-0.055736312919105,0.0795284533404914,0.0201444179073738,0.1128076635959836,0.0463726694317331,0.0885698400206842,0.0030510904000214,-0.0890126400300983,w1
-0.1301245339308905,0.0391554919109009,0.036468891774977,0.0005693333911601,-0.027831039804821,-0.0376638833575995,0.1192190514400407,0.1215084828051689,0.1112409236206049,-0.1146904593047552,0.1956794262430677,0.1671111487743999,0.1271353160139184,0.0179561917830765,-0.0819761506756261,-0.1056839599007901,-0.038916144746324,0.0218723186995647,-0.0125737602115856,0.0461042814925162,-0.0328157330128658,0.0009545120593483,0.0273702012789743,-0.0736812927693607,-0.1062022091750985,0.046998010183566,-0.0350865520387858,-0.095668553483986,-0.0513670593471116,-0.0326165253511026,0.0613692646663236,-0.1584253878271734,0.186700385722865,0.0279180205607531,0.1489470214953503,-0.0250020291508337,-0.1514889561097813,-0.1404771959500516,-0.0177328066544614,0.0638708239017324,-0.1314137411485565,0.009661796461945,-7.310816891913375e-05,-0.0301853100438432,0.0330474719211407,-0.0070611158366374,-0.0247616665346367,-0.0373362076920219,-0.1152740935803282,0.0912969224548222,w1
-0.0395611521049331,-0.0586078061136436,-0.0246878948444235,0.0522057088623626,-0.0389180167314672,0.1846756179432499,-0.0051988380727033,-0.1412409096837374,-0.2209314156572501,-0.0779649611977369,0.1652191981803494,0.1009667123752917,0.0185348895292704,0.1254232364186803,0.1359267692986838,0.0848612354917071,-0.1298949141194068,-0.1337308027744737,-0.0767269943046294,-0.0047857903696915,-0.0445154764534312,0.0697122341191069,0.1357333968689563,-0.0078775212620748,0.104482029108527,0.0511134411498241,-0.0836511544096586,-0.0749401080224212,-0.0733419426534707,0.0634656276880959,-0.0727565140254946,0.1202905300305788,-0.0292254820854784,0.160709170965597,0.0246793808700451,0.0252494500864757,-0.0265184084293866,-0.0308809924616445,-0.1709060235383258,-0.0018536763068798,-0.0097333235516808,-0.0718480188165658,0.1571284449694568,0.0852683280975051,-0.076396602262725,0.0567179450405846,-0.023755679953675,0.1032855143321108,0.016464935256813,0.0746877544622623,w1
-0.0788148169013847,0.0579196633348562,-0.0202291818802055,0.0104421812219214,-0.131905754041464,0.0088897855688287,0.1178902907501163,0.0058282843141629,0.0318967192196717,0.0567201897318129,0.1253964570045571,-0.0696118891015416,-0.0472198940144334,0.0768245615747762,0.0132676465774986,-0.0456077445412653,-0.0507266838793099,0.0126965762520268,0.119972736611535,-0.0372817639168666,-0.050744574254497,0.0449977849699511,0.0799958629122472,-0.0197561973691993,0.0580408676262173,-0.1044381635236877,-0.194101093434349,0.0087215928289357,-0.0086007884670426,0.1222056275920444,-0.1044592478119244,-0.0474008399377945,-0.0601100226127639,-9.173936725571705e-05,-0.1126799812012198,-0.0812898630604425,0.0454459835513759,-0.0196155541446811,-0.076269516415575,-0.0060493503566222,-0.0210495578641886,-0.217043155559723,0.0968475680489522,-0.0390062884372435,0.0506335991834125,-0.0976592328471122,-0.0617382004120755,-0.0047651568909984,0.0493304118412836,-0.1468294380600097,w1
0.0267417342418869,0.1145754036763283,-0.0269352979947361,-0.037308334372357,-0.1665144130480989,-0.0150312278801191,0.0378526242444727,-0.0247350661555766,-0.0065692779717812,0.133793648038229,0.0480053045198638,-0.0549790829498051,-0.0306502191538728,0.1357805108284382,-0.0718756739438109,-0.0379618071523445,0.0734909504657872,-0.0701240713147218,0.0599796126079145,0.0084238193892073,0.1187366824846039,0.0153681122970319,0.0345565510388652,-0.1041761272258217,-0.0043267954234166,-0.0619359464730869,-0.0642401575202754,0.2200968743736646,-0.0464526032438961,0.1085945956700495,-0.0682432544095783,0.0929844973527761,-0.0326633567063606,-0.0327518958402921,-0.064615197475632,-0.0242366729105175,0.0439607767014853,-0.0069181198888265,-0.1205602888550923,0.0506916081186029,0.0430078758618608,-0.0309464521784356,-0.0294202451076513,-0.0044847345420033,0.0277902873947906,-0.0340113212405051,-0.0887010762612773,-0.0273367806997018,0.0796804241180086,0.0928983180901994,w1
0.0349445513073634,-0.0319866059767508,-0.0296873281153719,0.0661604361670214,-0.2451163033092763,-0.0203255169448548,0.0848925267504318,0.0516842761754971,0.1286450697782836,0.1232505235391044,-0.0057210282074726,-0.1949985578471073,-0.0546541822362481,0.0226325878917276,0.0888822735440889,0.0433526796350545,-0.0448782664991248,-0.0652218849561283,0.1100679592512121,0.1466371268272635,0.0199049697822777,0.0895129346206281,0.092913301473141,-0.1672349769418575,0.1389001014429278,0.0635021859957436,-0.0871635659497213,0.0485197273224238,-0.1264829422845706,0.1059842678863964,-0.0728378416906641,-0.0010007757912717,0.1211997370143945,-0.0813131952338722,-0.0521683950970421,-0.0611666756603548,0.110195770625659,0.2292432053773871,0.0033881448798433,-0.0720201227332052,-0.0059034302443328,0.0156059715235935,0.145328040983585,0.0817608187648848,-0.0154158437322334,0.1913391052584579,-0.1763101706010014,0.0604612749006535,0.0695822925731796,-0.1213025395388795,w1
0.1080288912571537,-0.0255860531755628,-0.0023334301336493,-0.0098208582870952,0.0248332160626058,0.0031818334082956,0.0178380582630947,-0.0737997338282264,0.2243139660226376,0.1319320726230361,0.0524515785640298,-0.150164584625694,0.0608143567187748,0.0924354956986797,0.1128290982946465,-0.2018911384349553,0.1410189294193867,-0.038696430259664,-0.1279688994912492,0.1477005984254251,0.2164558171502571,0.0336467709036946,0.033713868698006,0.0211304066923053,0.1424084047456207,0.096391396883962,0.2011532541690141,-0.0625572118001482,0.1374701039032777,-0.1173329586654816,-0.0662001881407966,-0.0487015495308361,-0.1210282880353949,0.0568504077141824,0.0644839497702815,-0.0852065788965877,-0.0543449783511908,-0.0020815665015185,-0.2209833279330407,0.0040324667595825,0.0355116841837821,-0.1188493963653223,-0.1153172972022887,-0.1479840098878012,0.0658243786745335,0.0208602345620203,-0.2074878180820226,0.0351327023269651,-0.049362186224729,-0.0867816912091106,w1
0.0187414535075997,-0.0968096981844084,-0.0080196761146491,-0.0563653892125926,-0.1179524128862635,-0.2180329693209575,0.2306604974247681,-0.0289455982181338,-0.0646844750974662,0.0204664407554924,-0.067329480251064,-0.0720881237840344,-0.0826546663171386,0.1136783278427051,0.1487186003018052,-0.0607918319973184,0.0568814101192634,-0.1487388245726202,-0.0682811103315253,0.039267469709657,0.0394636964990715,-0.0385866922429998,-0.1819802152016426,0.1747001620917474,0.1135663935655239,-0.0959287965636595,0.1755137119662961,-0.0927705061262625,-0.0052266462269491,-0.1703849328724923,0.089567925804907,-0.054344510314926,-0.023217827610385,-0.1738500579633237,0.0004809201661335,-0.0689801624204999,0.2415283661128584,-0.0728108672271985,-0.1858111293887575,-0.0246399247067578,-0.0157047797318005,0.0510889409325773,-0.0150441056347005,0.0619560201407384,-0.1377672245223379,0.1067659288850732,-0.1342518067576352,0.1273975809470323,-0.099261445497462,-0.1589051161917512,w1
-0.09065189348773,-0.0791825610622498,0.0275845906008136,0.0114374734084102,0.0444501579728264,-0.2260937607829687,0.1244997436955134,-0.0885553256608065,-0.1023842002474088,0.0430806342416141,-0.1401239328863237,-0.037590336945227,-0.0006707366854241,-0.1665551640103426,-0.0057829457561902,0.15885334156808,0.0042490196672207,0.0526396343317547,0.1510153815152666,0.0904637445918117,0.1567933827677818,-0.0520811793132084,0.0182960758669733,-0.0180784630318457,-0.0660115838762138,-0.0409202854661659,-0.0877137630359158,0.1466141751028723,-0.1088534773550785,0.1056177461039215,0.0783647295953583,-0.0609051648424849,-0.1833020969326536,-0.057814759934109,-0.0748870191069158,-0.0479676729556569,0.0238970279584859,0.2101571173271964,0.0691800218245746,0.1010741371510196,-0.0009586884964047,-0.0745042640276233,-0.0531745801426358,0.0922601765732158,0.058088132246067,0.1275236156880014,-0.1138709022422623,-0.1043469338513254,-0.0537149024131189,-0.026928839532867,w1
-0.0254720268437936,0.0776879451486982,0.0375045501099266,0.0691150203591649,-0.0424523111016272,0.0644507539118978,-0.0185078244647605,0.0568739891013597,0.0856079124362431,0.053185139959298,-0.0475285485261995,-0.0821270138210207,-0.0075525071233265,-0.0063568783313571,0.0335978155455416,0.0827560433409353,0.0561085728797307,0.1408150014715916,0.0534534152089853,0.1204939972645034,0.0426853221199613,-0.2093754530104495,-0.0048020801393952,0.0770844700365236,-0.0339702972326765,-0.0022139341384073,0.0961225215385094,-0.004811618409782,-0.0514578551755568,-0.0169397446282289,0.0895147354032579,0.037595983035218,-0.0734499726909014,-0.0267050825299158,-0.0472706888908829,0.0840409885302242,0.0189765060197629,0.0776225724179557,-0.0006694298940657,0.03014553705951,-0.0205429707668054,-0.0768316293749366,0.0142438132211591,0.0821072490868883,0.1560765453279582,0.0062481851977849,-0.0384049981196737,0.0181014560627733,0.0399059803345436,0.0568651231633592,w1
-0.0482643232143416,0.0777333041196507,0.0034700810993929,0.1335316691765053,0.0409700711451331,0.0565354491547326,-0.0075331363547957,-0.0093590773329925,-0.1273397874736663,0.0335315083043553,-0.0278009751583306,-0.0162202531320555,-0.0940922046870946,-0.1247142611245938,-0.1351074422192426,0.0532309689550348,-0.1257257228610032,0.0164317757752671,0.0096837905655338,0.0831738104706575,-0.033014199289931,-0.1613733314855786,0.0507447583531473,-0.0997916436375675,-0.0884068429533146,-0.0136596050780078,0.0968467723917975,0.008904421205195,-0.0589348418365251,0.0889648661687961,0.0632199155247701,0.0731241466718721,-0.1355345557043533,0.0502192361924034,0.0134985439887551,-0.0486402036276851,0.1335590841835862,0.0530842695157454,-0.0124701053648045,-0.0359770812476049,-0.002380653518449,0.1287627212230739,0.1572903470193293,-0.0449011265312773,0.0584404367187374,-0.0164119453417095,0.0767878157613659,0.0111276077035895,0.0402564242470426,-0.0647834001641484,w1
-0.0416590621449682,0.0790088630158489,0.0629408986755133,0.1085712074101696,0.0718865696027251,0.1844091776525135,0.084161932135569,0.1215066639440226,-0.0478430703360788,0.099618194174653,0.0385265904312174,0.0436416273660231,-0.0304981973291604,-0.0670895888079787,0.2062039139331959,0.0850641102661527,0.0366445477207198,0.0323399672099627,0.0669412317413672,0.0432093319811799,-0.1378881201114191,-0.0642940810521963,-0.1323337064150841,-0.0261764859131492,0.1325008835038506,0.1274810871704852,0.1708268099337184,-0.1693250225563301,-0.1374021420235327,0.0940855863293935,0.0627486190961468,0.1568711624129397,-0.2064949231349722,0.0156924859254248,0.0640999062428731,-0.0022087196527221,-0.0400814871211041,0.0967956913180889,-0.0628011164490261,0.1047056059331432,-0.017782363412898,0.0395197446566904,0.0774048608613084,0.0098289455774256,-0.0659730415856237,0.0176143141086499,-0.1608680943115804,0.0815008937362629,-0.0459398228315504,0.0122349438127423,w1
-0.0803489119075956,-0.1128644159250255,-0.0105469230958893,-0.0163380574143849,0.086240746457759,-0.0368303630762542,0.0817000832527606,-0.0763277420249754,-0.0828244748156484,0.1126308286239269,-0.0299931921804005,0.064391828916678,0.1272688290266746,0.163647858919668,-0.0011385990966069,0.0313030410632149,-0.0102249550052299,0.0580304695804782,0.0302511559137792,0.054387855223147,0.0812352948558628,0.0134170161475498,0.0178076054404198,0.0203940195886724,-0.0124489509058912,-0.0205377973202594,0.0512977679118379,-0.0557736157823693,0.023032230211948,0.1399805494097575,-0.0336482081422921,-0.1278163998016031,-0.1313530108884164,0.0805368064497894,-0.0904444849942915,-0.0541813647696402,-0.1266776351378764,-0.109560820845502,-0.0368159933792622,0.0629959173074111,0.0228630682197283,-0.0020155016600232,-0.0576714176930479,0.2030344212499999,0.0120524524321502,0.0291032463992369,-0.0859377230063326,0.0742614910976227,-0.1803240418235083,-0.0988039942130099,w1
-0.0399072963425147,-0.05323551319004,-0.0084343749124176,0.060326806912731,0.0377133489200722,-0.0618966125639417,-0.0060423606875085,0.090818625862644,-0.0631489261899125,0.1606170213458961,0.1558318028051278,0.1512762495376275,0.0472754525016616,0.1186541256131476,-0.0666973057617831,-0.1149409371288476,-0.0463683643568704,0.0078012961988112,0.0335127620725047,-0.0100822509581226,-0.0490814457485711,0.0750577461363858,-0.076559856449173,0.0363154992693014,0.0600054016400078,0.0979715365267935,-0.0719301079783677,-0.1048395150691646,0.0397266077612997,-0.0877228542610484,0.0086317592951336,-0.0888506441600798,0.0717522353516683,-0.0762670933152209,0.073006377902657,0.0359804191524277,-0.0085445414751775,-0.0290094314014239,0.0501656575833267,0.006961482302052,-0.0607198833311036,-0.0687896263087251,0.0207759151675034,0.0150404551685566,-0.019426674238726,-0.0037604075685294,0.1167362041525724,0.0527868930344006,0.0488476817456037,-0.0167542831556753,w1
-0.007378036556368,-0.0243317020835291,-0.0157244943249537,0.050299165092132,0.0806993356131444,-0.0930765693724622,0.1289428909256428,-0.0659097029659651,-0.0746248710986225,0.0214523897344686,0.1954799208264742,-0.0815861226457003,-0.1223793800223624,-0.0302147895987818,0.1301458402489437,-0.0537899676744362,0.1457216170826126,0.1144977977575221,-0.0630609902919196,0.0727400385758186,0.0415927405083994,0.1739205955533269,0.0834435818030448,0.0092239301652037,0.0984468802153547,0.1356670777265123,0.0655638064454915,-0.037148799941159,0.0984014737645188,-0.0766228936783226,-0.0193739157153962,0.0793700748287852,-0.0061376248259718,0.01822744228358,-0.0285491306419463,0.1110521074388239,0.0690815800550071,0.0975697665111393,-0.0486046687285327,-0.0990182962950917,-0.1275764216483132,0.0315278412616859,0.0101687539101627,-0.0393060802079215,0.0273238071016985,0.1664047390432977,0.0910093906343592,0.0555287911318813,0.1228043092761387,-0.1172271102706325,w1
-0.0216815559945726,0.1262650284591774,0.0542951218498474,-0.026650007712501,-0.0125273749451836,0.0685899254620227,0.0281468047986258,0.0362782706050377,0.0994733329007888,0.0156210085704792,0.1045761451134449,-0.0817397806908643,-0.0195016083280322,-0.0232732740065031,-0.0321311570172244,0.0754671867247794,-0.035592627189377,0.0572182838101132,-0.0443215910367294,0.1107068204523546,-0.1859706224571021,0.0722117470406096,-0.0686727534865136,0.0093677250587217,-0.0563576553336367,0.1371175131310505,0.0491174636580385,0.0195958720195698,-0.1556350966486167,-0.014881065117908,0.0331837479699156,-0.0428961966513957,0.0485061215885748,-0.0370695080441118,-0.0289451876044973,0.0152128217489736,-0.0160357575022673,0.0525850264279575,-0.0579783007280133,-0.0445157528026726,0.0569430020706093,-0.0689204598008412,0.0924978443994094,-0.0506575937405728,0.0863765542895233,-0.0719044411812839,-0.0638440248070879,0.0030046411597836,-0.1218417053845276,0.0480808474366425,w1
-0.1604781476842417,-0.0596995645215616,-0.0944132975420206,-0.0265484500368499,-0.0431933504520779,-0.0984671200910424,0.0033098023750291,0.0464904049293379,0.0943313770000611,-0.0403120911230489,-0.0269195778899067,-0.0598955486520824,0.0231080170309152,0.0545510088517798,-0.0172969970801935,-0.0167132971349509,0.116140524385207,-0.0883327226029742,-0.0138823310803714,0.1192197513436326,0.022267415808531,0.0477497401248143,0.1567120615510136,-0.1876240142300929,-0.100860323366788,-0.0098365737519022,0.1395964635103254,0.0446375422775649,-0.0224269515538013,-0.0384259082022769,-0.10671087492716,0.0961890429371584,-0.0033528532342935,0.1141305973600221,0.0140720325481327,0.0104155837536802,-0.0056788073076367,0.1277097465019142,0.0459590946560237,-0.0211769837149806,-0.0602231280043841,-0.0846708693714093,0.0141134861745143,-0.0429860938363532,0.0372030018317399,0.0573140944719569,0.0455537566621594,0.0607786731950858,0.1188373496814291,0.0761456818908847,w1
0.012476293753498,0.0804528622832863,-0.0202966272452943,-0.1135487943040553,0.060256761565865,-0.2882228350118281,0.1405185483972675,-0.1446173790505404,-0.0497226782164155,0.0479655016207506,-0.0268218017427953,-0.2560272193260594,-0.0116798574410073,0.142600525841572,0.1554622732199242,0.1258162271697717,0.1248259484588032,-0.0424637900213751,-0.0113052808600671,0.0115186152004027,-0.0479499485806853,-0.0189536721924239,-0.1422573345966412,-0.0865849498629571,0.1264825934534331,-0.0273042380785049,0.0237052861011599,-0.0534269827998995,0.0927506839458654,-0.1635300496019239,0.0382296143486612,-0.0165204923291517,-0.065579523001684,-0.1119929761784915,-0.0881500551605725,0.1497324560667887,0.0788732047632189,0.0643408470743976,-0.0304803194579531,0.0278180697457819,0.0752305757492512,-0.0616198542831875,-0.0020168850600146,0.1435746021066186,0.0724228275290682,-0.0086251164987785,-0.0500934932308677,0.078596732040515,0.006262398416471,0.0410889759998801,w1
-0.1358135747752545,-0.1173795636229101,0.022556860618737,-0.1423034238819772,0.0454924428993981,-0.1889253577883173,-0.0251135499970849,0.0515672710020446,0.0727062248839531,-0.0785547350124298,-0.0877544829252077,-0.1685749471875776,-0.0966997473998401,0.0788724370503883,-0.02862725437721,-0.0868432716879842,0.0165689166106626,-0.0896789583238832,-0.1733623814116899,0.0172436031329312,-0.0661874641893917,0.124886066626459,0.0039726569903858,-0.1030017881523196,0.0976644723687653,-0.0648327533009538,-0.0612526002940302,0.1067530226215595,0.1204166457777474,-0.0319006079808068,-0.1198294190276187,0.134547833641948,0.0235726348665974,0.1364587306546271,-0.0844141911597876,-0.215841365155381,0.0153105705193463,0.0091216183252909,-0.0880514853244454,0.1497468656970823,0.0846638191555082,0.0186110100095173,-0.1094787467886744,-0.1162933192671335,-0.1595392583872285,-0.007092798298055,-0.1749175592363288,0.2221328349578484,0.1076287992261666,-0.1378670898013395,w1
-0.194763868055635,-0.0657603861492007,0.2182302274972301,0.070751502290245,0.0038318832440004,-0.0712248010459989,0.1168828083185077,-0.0960719622307642,0.1078365163016579,0.019902975728448,-0.2305116315447304,0.0148637170017721,-0.0162470906613583,-0.0349163178276511,-0.0280207157830509,-0.1106899130453414,0.1525036778316262,0.0535405114274877,0.0235078424823128,-0.1021379672910255,0.1092119596686151,0.0716066389468469,-0.1615001923433413,0.1699290971996979,0.1743196034556652,0.0304275405057441,0.1645086855484992,-0.0036042895197359,0.1916196316942514,-0.1034827774055576,-0.0256608592152082,0.0027243498198337,-0.1429919911551872,-0.0037677821802265,-0.1245588075471929,-0.1244881435436341,0.0084570335459011,0.1617913665843775,-0.1308543175974244,-0.0854186948765531,-0.0952163851555095,-0.1198038691682214,-0.2024739990057515,0.0489105856866144,-0.1051931048691642,0.1725314821024767,-0.0776864305942965,0.0204255966512751,0.016987894415854,0.0507426237514002,w1
-0.2052879590187229,-0.1465128466655991,0.0184997382179451,0.00412475715711,-0.1764326009059593,-0.0633713973286714,-0.0263319756847482,-0.0264417843053532,-0.1245709602512463,0.1868476742965058,-0.0204748075071574,-0.1246997716589866,0.1523213636845177,0.0039293932808132,0.1671734106280123,-0.0411548480887098,0.0994813370492269,0.0275639340083059,-0.0901447054336841,0.010405879340439,0.1723788207931768,0.0621901583062471,0.1337612759134651,-0.006842521552444,0.0797811156378562,-0.006896417428747,-0.0906940211542458,0.018488306458307,0.1221416511537875,0.0691747113231484,-0.0353566119193603,0.078389734243465,-0.1137897298555094,-0.0821281268065337,-0.0160109348626447,-0.1023075555600375,-0.0722240481194251,0.0405888844376608,0.0571817718227719,-0.0033394430998989,-0.0293856560243099,-0.0808593926540245,-0.1839675798008833,0.0874868344515747,0.0029186835262867,0.0744260179411591,0.0211561883428755,0.1128686134382813,-0.1444992456313236,-0.0998981332372875,w1
0.0393424809072414,0.0372028115584206,0.1406133977211993,-0.0632571273360425,0.0969250591213628,0.0656519827264455,0.1517329410872359,0.0024196573552131,-0.0318407833813177,0.0401888083744869,0.0028988525075926,0.1411106831159995,0.007561810320351,-0.0164611662470392,0.1146291775026386,0.1911934707011223,-0.0704494743833578,-0.123192907059211,-0.0097036867590164,0.0493435910852058,-0.1132502734440608,0.0520609300257309,-0.0893413073907097,0.0418691265009182,0.0370081239977537,-0.0242942621342739,0.1053683591836188,-0.0175212178253888,-0.1128913159991506,-0.0378111101884063,0.1218704725156394,0.0578572552711638,-0.0350904480090297,-0.0187432400396017,-0.0956895855122997,-0.0199618093930689,-0.0140665683838133,-0.0111162060228718,-0.0528764100422893,0.0180949646920077,-0.0691484351421453,-0.0248980647300233,0.096864545128969,-0.0375838950037466,0.068183164743962,-0.0287305211463911,-0.0309527482670166,0.0577321421297252,-0.0684105481965302,-0.0392715021531192,w1
0.0635341346290999,0.1004311907398706,0.0466089661183507,-0.0990591976681537,-0.1280265583655586,-0.0055533810209686,-0.0867844902463846,-0.0512783417366278,0.0103247012537919,-0.0281084917736571,0.0100144589233726,0.0496951224982444,0.0060192187157102,-0.0288020712056558,-0.1151880365724154,0.1864550286748323,-0.0959873758508862,0.1304209521595582,0.1199528582514567,0.0872571398800638,-0.1390897330612301,-0.089162512911094,-0.06510758770486,-0.0183901274742534,0.1329151331288072,0.0253593916399847,0.073051182423181,-0.016852272480841,0.0431279016618382,0.0747722384938923,0.1213987525760953,0.0324892599209067,0.0149314580281157,-0.1149427342672849,0.0503230235179094,0.0564893423351758,-0.028525293140843,0.0079825859126744,-0.156926239726278,0.0146097247084204,-0.013815427700465,-0.1070148333286887,0.0432467221513441,-0.0478458381633509,0.136243094747328,0.0599736643549129,-0.0111456162278592,-0.0217133566254856,0.1243844785794896,0.0017841093740272,w1
0.1021913000259992,-0.0324040333157576,0.1352861440026471,0.096283321993287,0.0565748401260226,0.0261512019464155,0.0540812623434295,0.040051773022995,0.0618554413421705,-0.0122879941065618,-0.022070001282983,0.1545181132767125,-0.1920808684262572,0.0067463918755374,-0.0825023204387836,0.1596139763011475,0.1012134703537546,0.0019939943904537,0.0988612222792139,0.0362618359509886,0.1282072616858567,-0.254639664451102,0.087589360017857,0.0158074268497899,-0.1509050091807495,-0.057771514931293,0.0628005909135409,-0.0240594522491492,0.0958827998993293,0.0042400158183755,0.1773943020765748,0.062252428785159,-0.1285361389026141,0.1009537897203056,0.0800751247914455,0.0045052015724188,-0.0470071706230013,0.0463092835831259,0.0584144697767213,-0.0449398937430873,0.0209486783740576,0.1952047251266709,-0.0990836307050265,-0.0781379892927554,-0.1333234797544199,-0.004437002660411,-0.1013818350325626,0.1102633220068741,-0.0679941451772901,0.0169706869174089,w1
-0.0703484932867316,0.0503813694564984,-0.0079709470722676,-0.0929721585356058,0.0645595765493116,-0.152682564719857,0.0343981398073913,0.0495339740410317,-0.0110745882270563,-0.052433419720985,-0.0800888377607196,0.0926683457498005,-0.0517059618977337,0.239223100969997,0.170750807878128,-0.0759441420105259,-0.0663478569416013,0.0860508910247555,-0.2224471222931111,-0.0966153992595905,-0.0888241521526661,-0.1385604699928149,-0.0225194815212816,0.1097594719579382,-0.1129492976791883,-0.1137068812432213,0.1260936374641367,0.1631203080818747,0.2344484640086352,-0.0391715862540652,-0.0949854852824476,0.0711517220310234,-0.0807578910827666,-0.0601127507727777,0.0189037997038854,-0.008305364854911,-0.0162873965234086,-0.024899098465865,-0.0008977158615515,-0.0533935290787548,-0.0680338088728009,-0.0484759388456461,-0.1020511386491258,-0.1077843397160639,-0.0896373413126681,-0.0360734144555097,0.1290490095454196,-0.0548175433339939,0.0465466687215448,-0.1064200167799267,w1
-0.0917275514330346,0.0724695552975251,0.010590150940922,0.0071534623998391,0.0248928867221687,0.0765305401469149,-0.0578443694963583,-0.0549785749733132,0.0588543775993775,-0.0817351466561762,0.0956507871449852,0.1480092354237993,-0.1180652981431822,0.0554267980052598,-0.0921923332913499,0.0209832519203053,-0.0369298866178086,0.0897197046228912,-0.0856580339903176,-0.0366787459429961,0.034423777148631,0.1721810947860701,0.008620077872795,0.1059107534677199,0.0347006958004136,-0.0487361525622173,-0.1037605274216955,0.1235916271524487,0.1309597798025942,-0.0321722773273347,-0.1389604819637797,0.0021589156004725,0.1716506414170786,-0.0989828378268388,-0.08490913689921,0.093606849106215,0.0145543213226878,0.0021308554630534,0.1578920321828003,-0.1045017905115426,-0.0231425235710667,-0.0639909005436703,-0.3184995012146105,0.0192878770214157,0.0329657616454492,-0.1946634417487481,0.2369457639501371,-0.053891918248954,-0.0379983900350468,-0.1431170441969556,w1
0.089123802716077,-0.011974290441856,-0.0667144497480623,0.1725394274549686,0.0383536334906774,-0.0412359554212603,-0.056120900143481,-0.0925041856030711,-0.0026255467459092,0.0340457779882711,-0.0701076205449581,0.077487586798102,0.0035268861561003,-0.023663049013254,0.0820256990737792,-0.106361116885289,-0.1277437522154015,0.0404959590163579,0.0465878962057221,0.1375790371913341,0.0474018397239623,0.1435709617966516,0.1004510526635119,-0.0012706313729617,-0.1122707496872346,0.0753974370802661,0.1370946572590226,-0.0142410278399317,-0.0757080970486459,-0.1190858926497963,0.081296773748441,-0.0460300337363299,0.0213161281608385,-0.057564598969933,-0.0108611212638129,0.1234114689029924,0.0872775980489917,-0.0148307387142475,0.2324626263044368,-0.1034738049739516,-0.0791581465179663,-0.0297571386768171,-0.012340267344949,0.1026664689942465,0.0298712941531171,0.1421696125958753,0.0953985752943981,-0.088893394813271,-0.1384108117488292,-0.0748763668281054,w1
0.0875953012057818,0.0979359786597254,-0.0481339941629423,-0.0278290766575349,0.0491593483941672,-0.0950732073506753,0.0744900979116895,-0.0791123419962466,-0.0123326429832087,-0.0611017766067782,0.0534791968411926,-0.0899006501852436,0.108530592296444,0.151514260721827,-0.0521708834745104,0.0756984143095758,0.0270478387278135,-0.0324690066220069,0.1322703338757903,0.2903169614611656,0.1922715290800631,-0.0550066439521962,0.074852969559153,-0.2234130284869356,-0.1297318689854622,0.1782578002087219,0.0581143262569875,-0.0408252164849672,0.0637209279495731,0.0507299297453304,0.0612406726519238,0.0526594734390169,-0.0617562286536004,-0.0168315109033626,-0.1096859674863356,0.1568725863386093,-0.0576738823109474,0.1600189529933759,0.1956653527209787,0.0386152281224312,-0.0392617483191806,0.0274705665631631,0.2021707670484653,0.0501936652227159,-0.1393619562395008,0.2001771862044912,0.0987858328045228,-0.0349984631450229,0.0193950121874289,0.0047423195766472,w1
0.0436709693887661,-0.2015348098521247,-0.016125490946186,0.0988367626135367,0.1810758308853848,0.0343221548655315,-0.1000587635316236,-0.1182986040339249,-0.0942952071631131,0.1264394935888455,0.1890730180748112,-0.0673430334435663,-0.0283115930242854,0.1102673428992931,-0.0721497328692899,-0.0196387523913743,0.0653081463698111,-0.0565619147451258,-0.0582171465766774,0.058757344581974,0.1206767312876915,-0.0548026640623084,0.0528556240777946,-0.0099619124689197,-0.0961247455944964,0.167158621664279,-0.0173013951741748,0.0426008163885294,0.1018409848522943,0.1608280362051278,0.0148944865616492,0.1148084631220929,0.0580808046498168,0.1351920205520577,0.0024533223950806,0.0655972165850778,0.0116527513066349,-0.0392317787841545,0.1490199554417997,0.0545731202964824,0.0023250003455655,0.0949317493733037,0.0011131812441003,-0.0621678977657744,-0.0576168474407789,-0.0214090791477727,0.1134279893123878,-0.1051481589300308,0.0951883310085981,-0.0028456288043779,w1
-0.092932669621275,-0.1065518032614518,0.009397686889832,-0.0040065633252349,-0.0280118005309681,-0.0081865820826394,0.043486871525576,-0.0800753901511695,-0.1102159083061957,-0.0508281375866066,-0.0623138950336069,-0.1155000352122724,-0.1127006924596327,-0.0986373277615058,0.091822196673665,0.0140954161668966,0.1281825427469506,0.0911303951409775,-0.17397439967951,0.0744346709599068,0.2009240815886147,0.0417527134171145,-0.035098486959717,0.0967143433767092,0.0401480405126161,0.1811620509067557,0.1363144814572392,-0.0282740020003559,-0.099866128661548,0.0750510559505648,0.0443553580599148,0.1293883964750201,-0.0990931485119195,-0.1295086825363791,0.0965447069120417,-0.0812649984674685,0.157148861493938,-0.0877290081592276,0.0459820993085763,0.0781201282119869,-0.0477934677672834,0.1535648395362073,-0.0502828814958222,-0.1301220564624185,0.0303184952618682,0.0613892508970552,0.0405423489787482,0.1146784765802278,-0.0806008282478395,-0.1491523284951201,w1
-0.0927649758198315,-0.056076394063546,0.1243832421158426,-0.0237234172159746,0.0331782751473875,0.019406872847728,0.1613558485679106,0.1068547634878952,0.1986858067005434,0.1452876357088948,-0.2374007342996681,0.024223954122801,-0.0299170828717676,-0.0570250827895422,0.090237307449938,0.006741992671146,-0.0203472117346976,0.0325610761852852,0.0887809717244545,0.0464653544892151,0.1859221776064406,0.1219752719046337,-0.0921754147380253,-0.1118426494819017,0.1192281069789881,0.136705192492253,0.1755578774462828,-0.2277048788620457,0.2178008568961286,-0.1305924989876516,-0.0111576143769579,-0.0959046246692151,-0.1349265473342842,-0.1526141334140859,0.0556971837795751,-0.1191056080969781,-0.0020804107131529,0.1644133866575572,-0.2218886680130368,0.089688764760917,-0.2150841660967196,0.091110363135752,-0.0383900824445236,-0.0272736513614557,0.0692494252773062,-0.0457074159919496,0.0146587780578585,0.0620587284168213,0.0366122261125508,0.0596816312330569,w1
-0.1622582252032749,-0.0835751944239423,0.0796422725112769,0.0825336453341311,0.002869150626802,-0.0983230547748134,0.1990278278537132,-0.1223584272040609,0.097705112183778,0.0684583410035866,-0.2672440300223868,-0.0695316021805444,0.0736984162394758,0.1301596722473015,-0.0442487978466195,-0.0967534827499095,0.1564989656308708,0.0748277635374082,-0.2387504335114708,0.001917813284888,-0.0382295772278842,0.1255113238948121,-0.1934066382420234,0.0896140200998357,-0.040626647558424,0.0562925768229986,-0.080180637069639,0.0512618521133447,0.1462194078258198,-0.1141242594159196,-0.0256903599764647,0.1365190878954238,-0.1298899674076276,-0.0988954737247778,-0.1158492052889262,-0.102462034592348,0.0659087775690992,0.1655906449371605,0.0014244772106569,-0.140949229495218,-0.1117072769265599,-0.1914227520508524,-0.1790167864546009,0.0451581622419964,-0.0420752518267244,0.1273895289169988,0.0086495763091963,-0.0244271816025869,0.0154797338680196,0.0742346967278813,w1
-0.0458206980170793,-0.1038725784421508,0.0738303576189216,-0.0894608575610856,-0.1184331890009822,0.0061170778292117,0.1349904420158329,-0.1288082645425155,-0.1393430307910928,-0.0203333050835906,0.1116820560953612,0.1876291080874313,-0.0256014784671958,0.0081146584465978,-0.0818437692204452,-0.0826707613727071,-0.0597474970336539,-0.0579124044503317,-0.0445272498220932,-0.1159903542995127,-0.0408162803666241,0.01385282914342,0.0636656375060288,0.1233415452612191,0.035420742681768,0.0728671225833424,0.1343342223986458,-0.1483620963691102,0.0301576619463955,0.2045986760360211,-0.0134245040699582,-0.0088116834363059,0.1014715060792527,0.155594844836988,-0.0442483382173051,0.0559983655414924,-0.0621310046159118,0.0453920986577972,-0.0869735699264594,0.031496332252073,0.0636907391238476,-0.1095370710532197,0.0442025460657594,-0.0097010044561913,0.087721364918821,-0.0102256897131804,-0.0891303050316562,-0.1062926820564907,0.1355324819153235,-0.2193650432221613,w1
-0.0703579367316136,-0.1573807788044048,0.0060589722434033,-0.0674102276021259,0.1142485549050921,-0.1056444737985914,0.0163827950381172,-0.1310616133880859,-0.1125723334134343,-0.0549314144516773,-0.0186940138388698,-0.1159400118285181,0.0260158645226644,-0.1171316374674804,0.0334592663498463,0.219011677061596,0.046567678140502,0.0130950575360753,0.0468675691120447,-6.57199270001235e-05,-0.0296690734478169,0.0815367441469623,0.129659926940105,0.0981438355150765,0.1182734567833656,0.0117340989793402,-0.0614463664838119,-0.1220279786687252,0.0772104547783872,0.0222686081452807,-0.0301062533951241,-0.1257837784345295,0.008134546947134,-0.1113132120392254,-0.0705618673507537,-0.0009476002483844,-0.0260949477192753,0.0898542066752356,0.1073421333300614,0.1321108575844495,-0.0082081603012009,-0.058756631109098,0.269935285189261,-0.0122993743349639,-0.1473487933148848,-0.1023540362736311,-0.1556871636536677,0.0223668768328977,0.1214364825382745,-0.1445440018871449,w1
-0.0204439631167068,0.0408409540905458,0.1394243247152894,-0.0313993963832378,-0.1772032740774346,0.0380683318548266,-0.1375150958618763,-0.0840211219183929,0.1353746128721935,0.0897357805466455,0.0839136891804643,-0.0368501241081699,0.079113011916153,-0.0290973861078293,-0.1044894732481384,0.1922868206047366,-0.154510215104564,-0.1860318423543935,0.1443724874354763,-0.0882196937295007,-0.0633114590045615,-0.1317324075273192,0.0351799426285608,-0.0072080396902849,0.0391983652328752,0.0251936534113845,-0.0597527308902772,-0.0752610210619354,0.1357791631038972,0.0248790407103632,0.0103830137422466,0.1263447991951152,-0.0744347313085759,-0.1478776563608876,0.105633660582877,-0.0718464171032449,0.0646195787683952,0.1175392268926109,-0.1269774100744689,0.049586270126971,0.0762393704792107,-0.243855356969528,0.1905281355420107,-0.0877052334740619,-0.0931013141632778,-0.1135739579617212,-0.0692817624929367,0.08145622981915,-0.0957815238172811,-0.0642160334264942,w1
0.005440546608629,0.0380422201585977,0.0659315961064604,0.0122201772094716,-0.0511372590992001,-0.0894242649917991,0.0607573901407792,0.1719008200522002,0.0990277675690471,-0.0560691975557368,-0.0077045902633653,-0.0343290002622239,0.0400723533048716,-0.0359995027885589,-0.1110579549845851,0.2186902814501123,0.0466563779341655,0.0458124093763939,-0.0404827704729062,-0.1959723757676947,0.0963770978324682,-0.134084034247883,-0.0221309855128823,-0.0326888477435022,0.0134560227976176,-0.0027475393514571,-0.0180050451585311,0.1695599498447488,0.0912849814169815,0.0580319707396691,-0.0140084176725128,-0.1147901168745067,0.1110234061045063,0.1150368804069152,0.082343979638295,-0.0329332403811126,0.0872949524547878,-0.0452362318768089,0.0056418859292853,0.0317085239661226,0.0573213837076146,-0.1061051403693294,-0.0223058747139101,-0.1366388011809368,0.0755541110808634,0.0580031018943753,0.1199337727726926,0.0114860129182376,-0.0101975783059377,-0.0820176652873282,w1
0.0331444342997962,-0.016295824068132,0.1050966574533412,0.1277401916858617,0.0738606505485013,-0.1793552476182055,-0.0639456983047979,0.0412774122606926,-0.0667255889531367,-0.0145588923508244,0.1638645147268067,0.128802162270695,-0.006264209741628,0.1408596221997359,-0.1121858674781492,0.0578686038235701,0.063945153106244,0.1420082405979799,0.0363612546739012,-0.3108833729738758,0.1466966132995617,-0.0726787500847338,-0.104548004410296,0.1908153802025146,0.1179419447365121,-0.1663673767209195,0.0069642214907824,0.1968704144921755,0.1309588616482667,0.114581536399316,-0.1673485146694597,-0.0431810050773511,-0.183357904642833,0.0041527393903979,0.1419223365282723,-0.0533631403035319,0.0212608860046328,0.0064841791353363,-0.1490943026567196,-0.1015653918259781,-0.0184701979672342,-0.0205349310045244,0.0969611896880513,-0.1283166874877944,0.0319102613256273,0.186872976604729,0.0766400942322759,-0.1128736250004503,0.0642444214862314,-0.2116718866170245,w1
0.0249931985482712,-0.0299560469987073,-0.2074984278482096,0.1067788595203142,-0.0266446685062239,-0.0965139923133362,-0.0554006946804165,0.1778287670013589,0.0403053188082427,0.0530764239553833,0.1693860317227229,-0.0518328261018949,0.1208743390634639,-0.099474455746931,0.0778854967933687,-0.0859091944946663,0.0550979621664253,0.0732814257984153,0.0115052030530755,-0.1426176944533707,-0.0225444925556059,0.0409176580323996,-0.0382486995122082,-0.1375310296215472,0.0734611679906616,-0.0142007197404188,0.0074625034536092,0.1834769592165381,-0.0708282536399135,0.0165179545542913,-0.0538854485298005,-0.0456655423634438,0.0293097428420336,-0.0169869750023238,-0.015643330447452,-0.000924822191062,0.0589303278301982,-0.1096470841702587,0.0068342532023316,-0.0194696185151076,0.043256688828398,0.1675281050168146,0.0390638089219323,-0.0518451150875338,-0.0329138920920661,0.1434272432787915,0.152006167637268,-0.0514314496583218,-0.0793004577159516,0.090561802521321,w1
0.0957296493861108,-0.122640620120218,-0.1271204766831844,0.0036552863156856,-0.0910635903391502,-0.013236358746147,0.104319929527484,0.0671793056927245,0.0559145707297808,0.0929506412507315,0.0860202802676056,-0.0347395962035961,0.0102071247333465,-0.0697156714352765,-0.1637923409781522,-0.0004515270570491,0.0301415692322685,0.1547263923295501,-0.0155527354900262,0.0467207118791973,0.0732885704075589,-0.0527270958127773,0.1239889462691238,-0.1530984022934271,-0.0706815223481018,0.0709713384368381,-0.1586438478775744,0.0366559124493959,-0.0020997293832107,-0.0351694179242991,0.0350571784755582,0.1119662566029801,0.0561245394093436,0.0475767920501773,0.0046003962301144,-0.0708943864386448,0.0692895643684071,0.1534818810643786,0.1814754734464123,0.0339851011947293,-0.0837818233847641,0.1046646692009516,-0.1516423742033071,-0.0126815806132872,-0.1786741203996039,0.1450001052283124,0.0552364353372914,0.0838799868959629,-0.0601223575649477,0.1255484850591645,w1
0.1098526431086832,0.0486536390028627,0.0671585201065403,-0.0118553230657027,-0.0406162297776899,-0.0429141460882433,0.0713719182440797,-0.0765359810006938,0.1214021527402034,0.1875046909006527,0.0537746562974349,-0.0511613501718618,0.0412104895285303,-0.0786056322518264,0.0016305671547396,-0.1831579370200671,0.1203455910094348,0.0331902761523831,-0.1305734246179359,0.2183211734573295,-0.0728880608281492,0.0273603175247907,-0.0669619053688832,-0.206110778294718,0.1699869145061437,0.1337711171020427,-0.0100100054231607,0.0359296081738568,0.0231579844544902,0.0230453900262426,0.0759310198542987,0.18534581802422,-0.0965077778846131,-0.1743425845748528,-0.038481211337633,0.036834523492069,0.1740088495211738,0.0757286410912653,0.1023425842590022,-0.0551998126514053,-0.1460469411762821,0.1165003446965542,0.0203726534970831,0.0841889464936983,0.0893111549128271,-0.1177861740056531,0.100624621773903,0.0229101668022632,0.0763941536496032,-0.0072590316487699,w1
0.2225561216595437,-0.1785120044475223,0.1408888363259186,0.1648462097379812,0.0142826572500684,0.0109606363943172,0.0487128233975441,-0.1453261368334711,-0.0068043903922792,0.0238727844616805,0.1219367337566236,0.0909642926442719,0.0492316229306746,0.0045397619977366,0.0772378657427845,-0.0507525473721502,-0.0576420390161462,-0.1282619585008598,0.11028960873608,0.0145401047076689,0.1116824979031139,0.0270136387996237,-0.1028112139773569,-0.0530192753561815,0.1165969155636437,0.0858535939394425,0.0292259956385464,-0.0937390306425531,0.0505237418550944,-0.1002908062744767,-0.0247820891346474,0.1088017074837431,-0.0768627251332187,0.0040266096938747,0.1099809546763601,0.0439803484732927,0.01474132391347,0.0316613513023927,0.0761994249706339,-0.0021445629013439,-0.0692561075984991,0.1152861740597499,0.1793798419501065,-0.0492219802995801,0.0392557428396242,-0.0570465298594272,0.1560019429780266,0.1100129022823793,-0.1708107923304003,-0.0408523468451926,w1
-0.0661453188777371,-0.0066032014291752,0.0937452220319538,-0.0477729617754175,-0.0578988110163167,-0.0371484087407155,-0.0551209967487195,-0.1163584074855404,0.0817842404996074,0.0225330800592723,0.043952197063132,0.0473274802808247,-0.043120948112065,0.0134629716363494,0.1521184026204344,-0.003079461820125,-0.0068007128353676,-0.1641641278264369,-0.1973201125624985,-0.1391586892935698,0.0187094354563638,0.0906869710569977,-0.0297638103452274,0.0863316600898263,0.1520372914194075,0.1328398948564547,0.0840472792397279,-0.0181291884800681,-0.0654930300757117,0.1431293925256158,0.1642164571398484,0.2131004127333696,-0.1281363952676104,-0.0148623530868165,-0.054225421369628,0.0171153025264037,-0.0644948823531381,-0.0032476524253894,-0.0648873058469629,-0.0048028396100221,-0.171128746012421,-0.0798809233798754,0.0954596935677754,0.1504183627019319,-0.1466101754755262,0.1163853141289988,0.0571229421808943,0.01948080839587,-0.010303961937514,-0.0385254302595801,w1
-0.1385360714627306,0.0440374400340784,-0.0740485772707886,-0.0526313605873343,-0.1212740378877956,-0.11575335722687,-0.0897534204902965,-0.1984767384991954,0.0450651745644928,0.2218487342184747,-0.2911956219388672,-0.1678463050338185,-0.1169468246429868,-0.0753809475729892,0.0490241823651563,-0.2434308948345723,0.1754132376790009,-0.2241224919478165,0.000760216164315,0.0255206264082225,-0.0576894064395209,0.1737361960591573,-0.0196597055182165,0.1353259194163927,-0.0078222163058733,0.1492969661599479,0.1224192377296347,-0.0036199917278806,-0.0328566059390578,0.0687353191328062,0.07450652718153,0.2029951829515197,-0.1876962917899265,-0.0209898840193253,-0.0562175198037314,-0.2716408042556053,-0.0153764384091522,0.1639809905752276,-0.0448423198677294,-0.0834747621452682,-0.1392419425683914,-0.1617547325549139,-0.1571822878372946,-0.0284215900007417,-0.0653246868650811,-0.0046614700790308,0.0066618172552157,0.085175984230708,-0.0590712917391215,0.067806618716752,w1
-0.1985888475873054,-0.1309352952515143,0.072776108709787,-0.047501517850024,0.0762263371834802,-0.0200866243459304,0.1244967836115816,-0.0053208379196106,0.125806837265881,-0.040836856929315,-0.1452352602138128,-0.0427088132188223,-0.0472164061502259,0.1329586082875083,0.000912818821917,-0.2202755924712681,0.1977521429079816,-0.023891770345142,-0.0250037780929421,0.0755664011476213,0.054281209812804,0.1995541882212808,-0.2059624796422093,0.0725039468631866,0.1745022586040081,0.1418657628883053,-0.0382300839845019,-0.1223400807054926,0.1948742403533827,0.0890773510639868,-0.0377868979951768,-0.0381879161647544,0.0140713653090553,-0.0596027008056557,-0.1302095546872954,-0.0840975922658276,-0.0607175855229996,0.0328198458587665,-0.1017805952234156,-0.0911833542234148,-0.225948550106912,-0.0386057562306932,0.0079362364548097,0.1456156225080616,-0.1214606774249564,-0.0354115082498165,-0.1254679705998254,0.2026090663072774,-0.0495107628557467,-0.0111044702042048,w1
0.0190192732176444,-0.0504606441286629,-0.0694095233309217,-0.0865638683867542,-0.0743267099812235,-0.1304272563283151,-0.0098915651032933,0.0922588073144183,-0.0938575189017443,0.1477786521818166,0.0603786928891693,-0.0034895314642506,0.1354909028155141,0.104221652506741,0.1031240145527367,0.1764693797540525,0.1493114287871086,-0.1341003739379489,0.1189372494018065,-0.0296209018578038,0.1028891894427364,-0.0789482654075769,0.0520509897737392,-0.0744995800131712,0.1336920107153286,-0.0568938926308282,-0.1254866834425813,0.0276888619328455,0.0524421600367115,0.0782246086733046,0.1721191637268558,0.1130810245036032,-0.0323605417758721,0.0226555684176104,-0.1122725374830827,0.1190525983868158,0.0655349664996406,-0.1698675364574479,-0.0595942580792509,0.0580428244731507,-0.0776670501846994,-0.1287426289711809,0.0572385137806681,-0.2297487704737643,-0.0591299474523897,-0.0151213009838777,-0.0346269538553782,-0.0376740727864367,0.0558583753596826,-0.0570451110841239,w1
0.0017916297082041,-0.0365394000398032,0.020058944415637,-0.0343564465668356,0.0747176350745522,-0.0912987387330972,-0.02293938779418,0.0162191121139752,0.1157136081747841,-0.1006447125921865,0.1307806934027756,0.0388093901744303,-0.0232425599604354,0.0084024842602401,0.0972440849431506,0.087627734395023,0.0186020244476337,0.0393162504720702,-0.0372347702377998,0.0520373217654707,0.0284292006691713,-0.0186099548546334,0.0772398938370769,0.0013352762140517,0.0651429569984269,0.0576984407364209,0.0478028336134098,-0.0229727216756141,0.046231884744806,-0.085711210378437,0.0960848082358018,-0.1175861460386711,-0.0528133498396513,0.1188035903280502,0.104977609542812,-0.1458584188957921,-0.0798543426805027,-0.05865073695527,0.0583821210465508,0.1514545885649214,-0.0626993932350786,-0.1138805623810925,-0.0103060277188207,-0.0808592733486347,-0.1363493890378097,0.0736696591329353,-0.0403775344346106,0.0090289217046154,-0.0012348707539936,-0.0290550240889443,w1
-0.0167721290679756,-0.0092184484634604,-0.0979967194763465,0.0385778189197705,-0.030551739773791,-0.0508136045601513,-0.1152594934407208,0.1749418339831625,-0.0031921895401352,-0.1386496361957633,-0.0881078314758446,-0.1094561591270997,0.1181770605977296,-0.2286307223306378,0.0967289990845005,0.1282821321507851,0.163065194689699,0.0793452322148303,0.0043885032353406,0.0743228275287707,-0.1239389719647289,-0.0504302663495152,0.1053613945426137,0.0715976837372325,-0.0838003221616947,0.1116513956826427,0.1174355084542376,0.0088094314676689,0.0340059966048851,-0.0477831021663256,-0.0951998294337679,0.1761239494765752,0.0976533760858876,0.0717044993285574,0.0776155028794769,-0.173310441804772,-0.0094772616464034,0.0337176081792773,0.1391603181036299,0.1139866583941129,0.0986657609904903,-0.2177343342686177,0.0121644754519752,0.0830046356898147,0.0405128404068997,0.0517864365868141,-0.0476426182841853,0.0826983663404023,0.1448274943582993,-0.0068077322066528,w1
0.2531664697634757,0.2099824826864548,-0.0894644583984488,0.1274191006916448,-0.2393768753980673,0.0091145579386397,0.0086402638418332,0.0512037209943526,0.0042523261978562,0.1039889872826047,-0.0854685093704689,0.0380985756518141,0.0499766902841777,-0.1145168158131165,-0.0143998302789315,0.1765955769189406,-0.011967340117823,0.0247009219224092,-0.0119010380559684,-0.1258263328484523,0.2490748251662832,0.0305480192795313,0.0987353554394915,0.0421902665063138,-0.0431653374194773,0.0251535828222203,-0.1381198002596509,0.2407983763881462,-0.0701643548594172,-0.0093646993493448,0.0298188328120677,0.0054883996894211,0.1375431025230206,-0.0954893404727141,-0.0933894769886639,-0.0234042648066154,0.0661901992856279,0.1523616753019663,-0.0502425696512903,0.03899087582666,0.0618682815091526,0.0146451079808794,0.0032242184572073,0.0117643464421224,0.1220445143445323,0.2206765977762381,0.282820140442903,0.0784261984807464,-0.042386080124787,-0.0785590356185292,w1
0.118593270957721,-0.0775219286637697,0.0113108459723154,0.110576987913757,0.0733076773979585,0.0781079562245333,0.0608829117998605,0.0486208031051615,-0.1328242265615648,0.0591853181864017,0.1043761049677516,-0.0222317013743155,-0.1562061380982849,0.0561148580776233,0.1254793083394655,0.1124880403955383,-0.0430098328492926,-0.0161961203124212,-0.0418023776654519,-0.1765378022943029,0.0139033884174261,0.0177511768521134,0.0816919243344215,0.0869809403078286,0.0546679176283914,-0.0091665080896644,0.080078657232729,0.1059077016805908,-0.0540341983799491,-0.0037093146806202,-0.2532468963369507,-0.0627016696882425,-0.0330493894534625,-0.0650611360615715,-0.014696499417649,-0.0475222353286686,0.0379123768988668,0.114705651809983,0.0308864492073424,-0.1526111152452882,0.089974956957391,0.0031629553201388,0.0354148857442475,-0.0341894852007129,-0.113986392188315,0.0666230024565017,0.0582784751091049,-0.1399786670061847,0.0316294432062636,-0.0112205637558068,w1
0.0065739917794523,-0.0317032078269713,-0.0608212976962933,0.1094164530890259,0.0337056969314092,0.0080036783726189,0.0290430403423045,0.2155010382218502,-0.0412754016792332,0.0138830983387021,0.1345574488342124,0.1268461612369873,-0.0089579579138059,-0.0781683395954356,-0.1970748480785599,-0.0156407768060627,0.1691868434068335,0.0992081691621829,0.0557090236912756,-0.1821867434858907,0.0782749304174958,-0.0533899018098148,-0.076581823585938,-0.1212232532951535,-0.1422402361250972,0.1704789765081234,-0.0862504554251259,0.0593301588303126,-0.0492309588539312,0.0942952683971905,-0.1138246455526028,0.1472664728652865,0.0596305191748966,0.0491399976463872,0.1308663093879133,-0.039338850715761,-0.0084786649411017,0.0056398012102116,-0.0650899503323974,0.0345009324098961,0.1221576474668623,0.1795233705815232,-0.0196255202391845,-0.0407402166437038,0.1038610916349194,0.0324207183888658,0.0089060692220501,0.0082836148851191,0.1291820528332896,0.066931302038479,w1
0.2585990012255127,0.0988484720031518,-0.0954136747212058,-0.1352655611469292,-0.0159609324285874,-0.0378006975253512,0.1060988960356382,0.0051159090769097,0.1402818929244482,-0.094883626656215,0.2791427701910619,-0.1362183059109228,0.11290269852113,-0.2264275326431165,0.0794240390929167,-0.1649790404663532,0.0037383432849933,-0.1579130262804846,0.087045395313264,0.0165556350013253,0.0439353359576087,-0.116711738997829,0.1186537351270972,0.0854671057138899,0.1354869841886006,-0.1089594428045006,-0.0319446722223014,0.0262404314723538,0.0987946395663784,0.0642848323844044,-0.0881909624471382,-0.0475905107910596,-0.1050352055797701,0.1211091707625991,-0.0510952482277027,-0.0525221089973821,-0.08935435617285,-0.0262547538515048,-0.0801539562000075,0.2353972099390464,0.0363204829715307,0.1152164890111834,-0.0348354348980317,0.0011155333385132,0.0478699987067767,0.0803626375407856,-0.0575987478888882,0.0364520141963008,-0.0530049164357137,0.1109171974771145,w1
-0.022935922458356,0.1107007537035989,0.0107992293550316,-0.1364291222435514,0.0796885279962947,-0.0488648614583302,0.0720179323350309,-0.1071953306666227,0.0325140785548381,0.0776344073567093,0.0741630607594332,-0.1269263833392742,-0.0046267073834592,-0.0249775675911129,0.1509357624715349,-0.0522700744833342,-0.061060907630904,0.1016216920389729,-0.0653311132374706,-0.0943362700597009,-0.0607541095061021,0.0254064370067886,-0.0364729842485806,0.0284494176896476,0.1013556083651817,-0.094890995915423,0.0807178406102699,-0.0729288041682352,-0.0617848606540578,-0.060063577706873,-0.0396365863610438,-0.0510943439996146,-0.1975264397319709,-0.1233013050107631,-0.0397495349590567,0.1556152102105712,0.0043535999140439,0.1024432637707201,0.0046758622703608,0.0007279140266659,-0.0563343052821855,0.180842447825486,-0.1136287380121494,0.1029307730969837,-0.1086565032559758,0.0179635238769825,-0.0826178669734491,-0.004231539441416,-0.1286971387892302,0.0586069803119323,w1
0.0395876737759404,-0.0595861070711481,-0.0609197768394686,-0.0563722632584651,-0.1274395351053996,-0.0745336879868413,0.0153350686532279,-0.0844083080187143,-0.1698320023414149,-0.0389653689740551,-0.0137126442124228,-0.0174066023967762,0.1150110521802864,0.060363461202585,-0.0696755114554381,-0.0510161678551214,-0.1479796329024647,0.0440971862014594,0.0719344945849298,0.1165748053897063,0.0958814653549438,-0.0260622506198329,0.0126643541674633,-0.0569576813901423,-0.0069302693291925,-0.1129204159529106,0.0401632024370285,-0.1129487575585912,-0.084778920430338,-0.1454901993848397,0.1951661649131522,0.0646937399520778,-0.1224359572779589,0.0067608972451866,-0.1273788854447602,0.0855854227693463,0.0015179578525972,-0.1014957175897365,0.079579594201305,-0.0431471920887118,0.0276181463782807,0.0316524734316158,0.0281133889455061,0.0408695449480146,-0.1784440030189722,-0.0579419566270675,0.0278791197272145,-0.0628581136520509,-0.0287082067717496,-0.0279248725516948,w1
0.0970034019141447,-0.0394410591754976,0.1084174671233482,-0.1079907855384165,-0.1271465837939454,-0.1840345016271612,-0.0238355640100728,0.0882473958617315,0.1135161286960528,0.2184452394691933,-0.0841068965990388,0.0021318573733443,0.1142283713536708,0.1342597704930183,-0.0194042140397461,0.0201066074984805,-0.0697985459306966,-0.1237276567664692,0.0726393217394648,0.0841944654430765,0.191867324063537,0.0113504780782842,-0.1337836193334208,0.043828438937784,0.1106722745028578,-0.0460212308291366,0.1742088260087075,-0.0585747552303981,-0.0403097219910938,0.0121230298398359,-0.0859597898730056,-0.0358771748618685,0.0420292029886838,-0.1119679228887287,0.0774109834215825,0.1054025334871337,-0.0802880828304231,0.1233271742135813,0.0290939638363346,-0.13362241311524,-0.085761376899252,0.0886546430845439,0.0145720311177594,0.1862523629084128,-0.0382765342111494,0.114566364074133,0.1203721874966463,-0.0723633096106279,-0.1340631789592368,-0.0762414295906104,w1
-0.0882673184197275,-0.063446803244915,0.0176072705281364,-0.1445998406187396,-0.0535871426846608,-0.0741184700664459,0.1888638323854286,0.0644875077780402,0.009800428446863,-0.045066787903457,-0.0219257948449243,-0.1841484841619297,-0.1311938580952553,-0.0470236007454848,0.0792848661723764,-0.0594468117867122,-0.0526088474924241,-0.1095857707031143,-0.1195900322435547,0.1939871410730402,-0.029212299535351,0.2023617373778548,-0.1733412168310717,-0.0738083783361016,-0.0358085553623596,0.0276353397937278,0.0389363073936736,-0.1607070773000076,0.112002326808924,-0.0985373482778581,0.0880370135149406,-0.0819073511527105,-0.1834292122780195,-0.0173658042543684,-0.0930325879010413,0.0384918263302422,0.1625373525017381,0.0023596321148506,0.0049872303903129,-0.1841498642313102,0.0318747297984336,-0.0773638266800458,0.01747842150124,0.0798155524018543,0.0158298195041433,0.0570545874272139,-0.1532776755590368,0.2193966787579291,-0.2022465985110688,-0.0587688024278342,w1
-0.1598886667447511,-0.1532163623683896,-0.110852297336226,-0.1351114878619383,0.0518624071645781,-0.0071195776649402,0.152045646052034,-0.1002597957049613,0.0087882430095702,0.1025112943758041,-0.1138628346711274,-0.0768904019119562,-0.136329168219853,0.060413388116749,0.2135070612201596,-0.2313474478127543,0.2464375408009558,0.0851670137921166,-0.1031111392006549,-0.1133498155936266,-0.1381761571478259,0.2440035363416549,-0.0292147692768476,0.1030764923051348,0.0089406703672494,0.2236906971427095,-0.0724652210528318,0.0048044570845876,-0.0438541596215018,0.0783913148963587,0.1445653472732046,0.1713638913559889,0.0740929248700283,-0.1599212351963003,0.0588187662356062,-0.0619235698404832,0.1293957336350904,0.0476149322145004,-0.0162470072370248,0.0766433734182204,-0.0069867055193746,-0.1237747530521039,-0.1491559059669771,0.1852117735761018,-0.0894732166010949,0.1575572714499288,-0.0920676073758578,-0.1026823723024298,-0.177733415309145,0.0154194464455119,w1
0.0561571096016927,0.0945477297272685,-0.1492669707750762,-0.062378313581981,0.1722515310958434,0.0608547876108327,-0.1078894442077848,-0.1662057997815328,-0.0588098899109413,0.0881374077223296,0.1411852469123352,0.0239034255033318,0.1259015895943561,-0.0226160076968898,-0.0791488505093041,0.1887261929867222,0.0785253147051342,0.0406800488920754,-0.1336565551189101,0.0433229298096302,0.0155055126952323,0.1265735158623239,-0.039452646514974,-0.0394857085984719,-0.0506364435823576,-0.0114426004320844,0.0468835359635544,-0.0887720623493709,0.0066801836084843,-0.0517007962397364,0.0842434741104868,0.0017104312308136,0.0640327595857024,-0.075398056144916,0.0235308000167037,-0.0681193862589112,0.0750185067858247,-0.0631852538787406,0.0702264114864294,0.1033564218828437,-0.1089112422047667,0.0554146324868637,0.0018419973191542,-0.0949277939488182,-0.1751058457779012,-0.0726917764474169,-0.0392997828701167,-0.0677769583904475,0.0672987539887226,-0.1729088734300475,w1
-0.0175918524027868,-0.0066007840524209,-0.1479711512605558,0.0084124567845878,0.089686983266462,-0.0401371768012481,0.1109305797265048,0.0199437709896478,-0.099064515771946,-0.0863035343506353,0.0006574134264412,-0.0044433817777117,0.035318048928194,0.0281505605577215,0.0790171034656698,0.0293078061069313,-0.1048273322459781,-0.0864549590631765,-0.0156186927165169,0.0110075374801695,-0.0239235813795948,-0.2049505797795039,-0.028922184491141,0.0968821508305315,0.0613059191557733,-0.0477481899274122,0.1474459688382215,-0.0637642534557047,0.0883596251924636,0.0156578916071837,0.0525702902569629,-0.059105533868753,0.0697079320835381,0.2091883307958522,-0.1050447971581227,0.0236763852363823,-0.1318574142867168,-0.0285105715857524,0.2498867999247633,0.0208110508328055,0.0517220622221462,0.025578455076513,-0.0605611527249997,0.1569900779990246,-0.0737868590980265,-0.0930329575707653,-0.056072369820409,0.0187943623980453,-0.1335961184773793,-0.0285625884575194,w1
-0.0723793469720487,-0.0793981774253142,-0.1980033729864941,0.0821203339108791,0.0889594013137362,-0.1198577418256623,0.1130824558856725,0.0168843708605402,0.0315276431742083,-0.0369389301423092,0.0431802527287241,-0.0083667695911778,0.0275206332792043,-0.0086678536206912,0.0104431816999487,0.1158093871520342,-0.0024523357101109,0.0988685688345698,0.1582671225211481,0.0890006074956107,0.1323947117030642,0.0331960337372727,0.0819150181739823,0.0141745831720602,0.1447872523914907,-0.0403405518290334,-0.0035765704899982,-0.0350741914175514,0.1656541986063132,0.0984754064486224,-0.0944580656811196,0.000417706517198,0.0389331005747687,0.0498703621801253,0.1403110757482578,-0.0816878735726264,-0.1629855731806976,0.0442526246199767,0.2298787035393921,0.094600023372824,0.0984516538043781,-0.0436308426823826,-0.0864551382133052,0.1289128259440959,-0.0876913376663571,0.0330099186399205,0.041036120676576,0.064628015267606,0.096955836615593,-0.0612891934892806,w1
0.0742918139193246,-0.0646268688828628,-0.243209317937432,0.0891535029266395,-0.1250827193117829,-0.0794282673794272,0.0556375176338239,0.0187797137881097,-0.1292199500947255,-0.0386351467878249,-0.1152129370394331,0.1134707580538007,-0.1535848826082197,0.0036518066059912,0.082930039137465,0.2217403242681464,-0.1566356452818138,-0.1194978841226869,0.094815587002721,0.0190056006941071,0.0699959214609693,0.2425015822827762,-0.0054819718859734,-0.1623022722314462,0.031474047034891,0.027958801120784,-0.0418782462360471,0.0050196090503614,0.0138072975265684,0.0447433452154246,-0.0939124401791601,0.1203869159080454,0.2874297973149692,0.0687659679816828,0.0935939145820738,-0.0700280860712391,-0.0152470972326621,0.0476151664984405,0.0203578700930334,-0.0621962098829446,-0.0352644163682403,0.0685374731770384,-0.2404609452590403,-0.0220717797823301,0.0978693111429214,-0.0880350576758693,0.113995396412373,-0.0018107853056713,-0.0234651629038446,-0.036682150988228,w1
0.1253511536483258,-0.0401315803326107,0.0042369684729075,-0.1072917418748699,-0.0077337620559813,-0.0619156445082364,0.126391972838428,-0.0833365605496706,-0.0565834444736702,-0.0343653876382116,0.0973965507907456,0.0613938512898269,-0.0073102615024493,0.0459555557559589,-0.0574810592851659,-0.0403496057329153,0.1549946699698434,0.0898527872508234,-0.2269754968773596,-0.0217304259142981,0.08642143561174,-0.0141820555821328,0.0464416611258593,0.1540785652450592,-0.0304642931162925,-0.0355690268232574,-0.0974232958962921,0.1384251838053047,-0.0027228029428999,-0.0792744561432831,0.1049749006132206,0.0594138696554536,-0.0725160356666589,0.0233342869490532,-0.0056941714983482,0.2497046095895323,0.0662823348605236,0.0199723298626799,-0.0224440670326731,-0.0464005896813029,0.1071919540676715,-0.1124449454308047,-0.0288985176653888,0.1089467367521113,-0.1160512407388081,-0.169407281959558,0.0265080589736937,-0.1195302359736707,-0.0574837831127498,-0.0018806747682312,w1
0.0514736829636875,0.0844326519919809,-0.1076574065651615,-0.0461070015673186,0.042235507561769,-0.0172688651651676,0.022688277035697,0.0116746129832265,0.0886233801380979,0.0139799960015643,-0.0406659016608235,0.2222658169987799,-0.061286602089685,-0.1378381935564359,-0.0111653252832358,-0.0933779005961727,0.0395551633695353,0.0454961675060614,0.0062021786440271,-0.033414016095643,0.0123969842229,-0.1487054103703657,0.0143990123091723,-0.054945692155086,0.1492094944682278,0.1400470730069668,0.1467300291113759,0.156811176030325,-0.0454108121674794,0.0096936766870156,-0.0990126551853641,-0.0312974846777694,-0.0994766222766526,0.0982355741765301,0.0131063348409426,0.1309251453082403,0.0033131768687008,-0.2001188247211318,0.0260614932150424,0.0838221491707403,0.0812646371360198,0.0200826563151915,-0.1508722270820443,0.0055796309601164,-0.0665690439700242,-0.1559138359784532,-0.1004455725980864,0.0054761546930413,-0.0081380377306369,-0.0116614106856064,w1
0.0505874693569721,0.0434747449915534,0.0249462688571856,-0.0514286235141266,-0.0314377624458712,-0.0413267534607188,0.0130936747442913,0.0326295168746744,-0.0922200485874671,-0.0565812143709625,0.0778591000934959,-0.0240301799228588,-0.0308783348925705,-0.1894704015190257,0.0960961211717839,-0.0489935254936076,0.0425274412103888,-0.0128189202605662,0.150772076449498,-0.2075917765762789,-0.0576218043234685,-0.1312189278939191,0.0447191071306329,-0.0076290640670323,-0.1180593149861785,-0.0686665537695017,0.1026961008968234,-0.0311975805412672,0.0193088178534925,0.0229017250103678,-0.0265388891427107,-0.0364833666599012,0.037156964872259,0.0495232674694883,-0.097988833177439,0.2362780714793637,-0.0970880980913928,-0.0538978857952225,-0.1184037363078372,0.0340920915394924,0.0644454887528978,0.1308812654124582,-0.1525242760520485,-0.0458880865552937,0.130796459850694,0.1425781522932856,-0.0284404838751105,-0.102368253506969,0.110602955558492,0.0777212441024935,w1
0.1454580980785351,-0.1407151306426237,0.0395003075300814,-0.1535842700054262,0.0961555369899991,0.0257646528997821,-0.0185778225029633,0.0927468484450285,-0.04399009696477,-0.0740495784224284,0.071473814730419,-0.1019792347332181,0.1324333515903202,-0.0819989053542278,-0.0717312849320021,-0.0011284771739366,-0.0571765429956342,0.0889716025994082,0.0524767290798493,-0.1111663717102283,0.1052262189866352,-0.103856785209003,-0.0636774356095431,0.1217950586003925,0.0789853141022861,-0.1694733947874014,0.014479876088417,-0.1781745098778564,0.0435213128685979,-0.0883141127025269,-0.0789348970645134,-0.0349020188557459,-0.0010453146704069,-0.1691428745077539,0.0610368790842629,0.2157025221204932,-0.0298284783832917,-0.0273943746838088,-0.1437668939432848,0.0905721375804891,0.0049465056800226,0.1788198199511575,-0.0989806128477758,-0.0071276161432645,0.0381005683805396,0.1935137390518824,-0.1010173376758428,-0.0211602196696224,0.0420732312778667,0.1746637062633189,w1
0.0446067826927328,0.0757770428171572,0.1184086562408614,0.0746196131100699,0.0933125988014485,-0.0375191727854724,0.1184004030745566,0.1014978344577808,0.0886705591513533,-0.0521209893057686,0.011750026788329,0.1247658978024468,-0.1070413023018155,0.1114623879410941,-0.0120290517907046,-0.0200263435819117,0.0575711146186,-0.1076331540786409,-0.0238221898542507,-0.0696600068014638,0.1173918054206682,0.0334809789492841,0.0640331142887433,0.0955794835719503,-0.1284466866205394,-0.0378381170177375,0.0466499347275165,-0.0966329000118836,0.1746800943082015,-0.1514386136332294,-0.1237371937484535,0.1548394755049392,0.0304074387966913,0.0530979153273449,0.0412943662780207,0.1242793717887624,0.0215502127211213,0.0494087192852328,-0.1257978346146374,-0.0477919093879382,-0.1837363094893817,0.2663260117404364,0.0220351453007349,0.0430783510408665,0.0267220842239534,0.0186820269363455,0.0762351536625121,0.0897530689912445,0.0269590087541097,0.0535909791128646,w1
0.0247235902607757,0.0118905236117306,0.0434827091504339,-0.1277775320914167,-0.0911710701105515,0.0619006029245941,-0.0775431467110232,-0.0255395227887557,0.1436346661351333,0.0205029618824394,-0.136756696588899,0.037315202471428,-0.0713211578140324,-0.0852630941160643,-0.0446781833965483,-0.041986985433547,-0.0534787771987807,-0.0395858376345062,0.0550929063530803,0.2008173824245024,0.1701789077110622,0.0191381555578784,0.0105927122402497,0.1313928328384479,0.0954336853491338,0.083029619727731,-0.0616975757699737,-0.0430760593124247,0.1320262380000422,-0.1209985480483199,-0.0439568952723074,0.079000979803456,0.0116109866423112,0.0649317900333731,-0.1490358333491571,-0.1480246329981161,0.1192047457667242,0.1411498937693472,0.0072847000670378,-0.1234729747845363,-0.0630215334587442,-0.0326116473984633,-0.0528401502328631,0.1967475338803146,-0.1300459932046415,-0.1205362730016496,-0.1259896708969759,0.1183290278031381,-0.0001463505500804,0.1241149016981562,w1
0.057829347786479,-0.1015336234854459,0.0958558007374827,-0.0383650237919907,-0.2030196696153016,-0.0308445590407368,-0.0681020345210286,-0.1008438825583245,0.1753208203478234,-0.0368156045224874,-0.264370818602641,-0.1367755064834346,-0.0967518419497918,0.1838568696692755,0.1900406723735607,-0.0629386635581387,-0.0488948048472165,0.0477211564024755,-0.1625965000123796,-0.0033058943498426,-0.1153451402495342,0.1242628867426748,-0.1139862807142815,-0.0587727744980559,0.2232225953887706,0.2026192649168417,0.0486018527886483,-0.1556781532845841,-0.0114259965280079,-0.1124073804180865,0.0614576068788191,-0.0873674033121461,-0.1988977811749084,-0.1357772803571398,-0.1845883687538315,-0.0516393899255179,-0.1361315167931762,-0.0880230342884639,-0.0964369754534212,0.0383829530604214,-0.1659327835849312,0.1244236242994736,-0.1500721836462395,0.1679000955459071,-0.0034913577309401,0.0382538114067761,-0.2197176368166815,0.0467626595524005,-0.1543290780852837,0.0044136206812374,w1
-0.0505173444114359,-0.0914760715126465,0.0342411375578702,-0.0990909597352966,-0.1698423514300154,-0.0738347833363488,0.1917270518404165,0.0509243379597798,0.1587802560671849,-0.1151270236492003,-0.0670219065082622,-0.0724438685769657,-0.00228226872835,0.0301769477343728,0.1468187766280246,-0.1945662049961873,0.217737054890753,-0.0768018508675544,-0.1944770008505039,0.111867533578438,0.0961013021482019,0.1760517072715013,-0.070811421557453,0.0905490393709817,0.1788863875069594,-0.0432899810836126,0.2196063543309209,-0.1808518918789575,-0.0261949124660813,-0.0070039163980727,0.1547258290827472,-0.0071402966992806,-0.0957375672786191,-0.2265873985332456,-0.0937154759049972,-0.0019812374272215,0.2408420061620784,0.0310473008318303,-0.057843993667567,-0.1071853457682014,-0.1883689550139882,-0.1264869342962813,-0.0352739396449992,0.0985332582888597,-0.0936461204761549,0.0408738522094802,-0.0390131733905146,0.0441126326607904,-0.2249374091164176,-0.1242145243069361,w1
-0.0125625057906077,0.1243488181124354,0.0329637947340068,-0.134983058044852,-0.0213781749177806,-0.1142659872164505,0.0615210625254324,0.0798555287430008,0.1404934041768507,0.1876126671244845,0.0657197493023647,-0.0373840082424972,-0.0667169391794727,0.0509671437687988,0.1220936448130567,0.1031323081856984,0.087662961480094,0.0386141845487902,0.0251274495426573,-0.0539287522093576,0.1616608936353414,0.0192729093098496,-0.0524217363392341,-0.0116626155346001,0.0330408005896816,-0.0697909495838636,0.0668390318415028,-0.0277437036265231,-0.0907890479145491,0.0579970347747724,0.0699523411660094,0.1677360536852274,0.1833080038486442,0.0521541111314708,0.0031471196115413,-0.0838388265308576,0.0400181492084487,-0.0320084756845414,0.0737091882103282,-0.067740930670065,-0.100538035975075,-0.0508891037258907,-0.0529863954114528,-0.1123792007831539,0.1404702015204008,-0.0068250767297614,-0.0158265334972156,0.1056988603122204,-0.0183698450590318,-0.0543155125202335,w1
0.0559325289730326,0.0909277476252656,-0.0260796976193562,0.0687848150012173,0.0323004245000492,-0.0082436783216587,-0.1417953071746427,0.0241623120486629,-0.0528334871376328,-0.1364021600221871,0.1002756981115467,-0.0728048108505439,0.0809006784903619,-0.0931162157127904,-0.1855003097674444,0.0239938600744142,-5.184308379472296e-05,0.1245894531243468,0.0558142521385528,-0.0344746204263232,0.0601329182299544,-0.0457616843911408,-0.1039998487190207,0.0145977389784095,0.072408692797885,-0.1384493235047991,-0.0353045955412027,0.057840796851886,0.0569807406523876,0.0289071845566015,-0.0225446660035616,-0.0971546404147706,0.0618995554399666,0.0080732760807072,0.0573065723631872,0.0897258490250167,-0.1179758464527794,-0.1614517087446103,0.161305915591055,0.007630271052787,-0.0087027278682572,0.039200004843658,-0.0706212745613543,-0.0785071643024584,0.138297894453066,-0.1206182753070714,-0.0611116458382916,-0.1374456730071296,0.0187302991287408,-0.0274432192543073,w1
-0.094254259509933,-0.0402733808437897,-0.1168426744385775,-0.0834417365341774,-0.0427131197959297,0.0945421952062789,-0.1953991075275372,-0.0918781564740799,-0.0462179587986073,0.0051208070265308,-0.1037227118320343,0.038258688780387,-0.0688926234594343,-0.0761698412082638,-0.0662941650246606,-0.0572911582321019,-0.0708232307732871,0.0666672261864267,0.046849801913866,-0.0436083849667306,0.0380990384124485,-0.0024366338447311,-0.0624240343815423,0.0738053625052819,-0.0593611107459593,0.0532476286372016,-0.0525507621393691,0.0297084476105008,-0.1609582412238329,0.0190339758528641,0.099719330057032,-0.1148434115365531,0.1071862057388304,-0.07958339789991,0.0282632047973314,0.0060240086465602,-0.088122032961426,-0.0045830072888946,0.1627685830787009,0.0443243879773342,0.1524356216227931,-0.1743726842257111,-0.0212638954106199,0.0336814110648875,0.0387219252516132,0.0059060779360134,-0.0117318480480078,-0.0737870623339922,-0.0756021042381492,-0.0028999785755077,w1
-0.1223470333296101,0.0958819102013019,-0.057384215707648,-0.0047136186161545,0.075968004825463,-0.0203103274770574,0.0323487422102966,-0.1804999749086113,0.0730585907570012,-0.0430949162436727,0.0004630662386772,0.0333076941306413,-0.0696112306909853,-0.1345313677007907,-0.0233931476331644,-0.0436050461862792,0.0772170060144966,-0.1093285940742729,0.0538373257750209,0.0699680984457857,0.0346080908643198,-0.0024609153441769,0.0550943918421237,-0.1237348680188203,-0.0722440145184521,0.0599592189344591,-0.1145519461695762,0.0479454643729527,-0.0149014609956246,-0.0324954291058503,-0.0067285372162241,0.0683302712013957,-0.0168880024293308,0.0746542449193339,0.076602168362434,-0.0435021484926338,0.0060382258236453,-0.0960357720761212,0.2037545936113672,0.059363452023234,0.1104832777322853,-0.0690612745852738,0.0013676288018196,-0.0857999042471571,-0.0625823947728975,-0.1172627378383262,-0.0603776442030999,0.1343081040893712,0.0426160344734943,0.0243560619975508,w1
0.0744697345347124,-0.0833205921839665,-0.0539779922850613,0.0360571032683156,0.0686673480475825,0.0793549724659465,0.1136900689477456,-0.1170716317399174,0.0258102433240922,0.0745212681521537,0.0543115741852943,0.0988494947414432,-0.0798040220027734,0.0461096832314177,0.0322472852910872,0.017999408913473,-0.0573139596562753,0.0385517789011897,-0.0767210963607566,0.0818523094787575,-0.0325273696426515,-0.1010273184419048,-0.1406772562446677,0.0686911037672012,0.0628072329535534,-0.2584858147193367,0.0570444225405947,0.0361567672130836,-0.034832475117544,-0.2094874334113098,0.004001115982535,0.1961910530018701,0.0443007010004352,0.0046192166973101,-0.0238019586129924,0.0618389855024662,0.1101731988312173,-0.1069599253909053,-0.0710600666084163,0.0187247774558386,0.0252108011674437,0.0448225984438619,-0.1032426815648309,-0.1331636334432651,-0.0583342984563075,-0.1087734296821124,0.1126958312344239,-0.1581467505258801,-0.111202940778323,0.0407941649431298,w1
0.1246537472468654,-0.0764535275407596,0.1127372157818551,-0.0567687166728247,-0.1919287209785697,-0.0471184925074018,0.0740226541157175,-0.0049545021114004,-0.0476350423730096,-0.0835629911246801,-0.0537248012047701,0.1960277258543928,-0.0170944256613757,-0.0235145877940377,0.1963516175154173,-0.098181597307612,-0.0464117014443041,-0.048137595730561,0.1062074900568561,0.0231684818470232,0.0373488421746528,-0.2311540260039095,0.0540514189575273,0.1128828317106703,-0.0905768325049767,-0.036267543827758,0.0377160766259535,-0.0718875173069271,0.1261505452900589,-0.0374444446692649,0.039575977614085,-0.0784303536252689,0.0823395257040321,0.0641692773413659,-0.0372131354294338,0.152906665324665,-0.0344474646562384,-0.132118972978693,-0.0957953871964906,0.1009777948716105,0.0168156905120702,-0.0270314239756207,-0.0493361979949047,0.1222419161844674,-0.0717196778614888,0.0557348570679503,0.0041691454070767,-0.2577580883835656,0.0997386296639613,-0.0171619246540153,w1
0.0083997452414568,-0.0099171077121185,0.0770990138924326,0.1262554258083337,0.0158998283903093,-0.1064389367021977,0.0358126155213175,-0.0547252277075646,-0.0648342610797844,0.1453204259397379,0.0208544061519944,0.0215481108818364,-0.1181912991454789,0.0147553164384046,-0.0703753458205019,-0.0706519226091447,0.1350835700744515,-0.1564563686337663,-0.047166824930599,-0.0260481498788434,-0.0399877319440608,-0.0877980435101901,0.0789327230895148,0.0152233888668597,0.0576608896383066,0.1092843699805492,0.189789948773524,-0.0242381217172517,0.1059015557286908,0.0325612102588853,-0.083864913134357,0.0874673668729499,-0.0984380578986678,-0.0965241584735269,-0.0990451132917101,0.0999927297751435,-0.0125354980111723,-0.120750075509446,-0.1675170180074268,0.0435024473997489,-0.0043194263356127,-0.0238019937606051,-0.1361691427138513,0.1178572164743914,-0.153724581581928,0.0443838443864941,-0.0398279680692155,-0.1668419181230089,0.1196941293660537,-0.0746552107370596,w1
0.155987917314828,0.1072255252041122,0.1010329152273319,-0.0805160391623536,0.0558130720738316,-0.0586592281651401,0.1061399113002684,-0.0515147957757155,0.1136414706976589,-0.1055620102562564,0.0481309611354549,-0.0456091603322278,-0.0545197894531747,-0.0541485547849048,0.0257026760061106,0.1878779782730505,0.0707686028962753,0.0197333193890384,0.0974359506782844,0.0470667179945753,-0.1085712565457188,0.0597725111752191,-0.0220508577655186,-0.056837458632243,-0.1151320150670165,-0.1889288323598496,0.0676790514348076,-0.0615005689501853,-0.1315545822783825,0.0523836372321136,-0.0461075470126719,0.0158488896010559,-0.1481168744104529,-0.123542450945998,-0.0832729955302749,0.0793728819722297,-0.0360656397014974,0.0045381116490579,-0.1016365604631529,0.0038505745830938,-0.0944421801081363,0.1129355272974377,-0.0019568010729818,0.0317865114489326,0.0824201763553543,0.0706840454992666,-0.0401465613016224,-0.2113019159613502,0.0539151883021429,-0.0160305076648168,w1
0.0556608131351487,-0.0988896524241322,0.0280901245367766,0.0299321702406642,0.1262910989220358,-0.0737037091477426,0.0784726287729782,-0.013158607519241,0.0420321137190063,-0.1061209641745173,0.0079059655483466,-0.075258126059141,0.1240304130638923,0.004437270317082,0.1503983650074825,-0.0366399874701365,-0.061706039307393,0.1296238510157459,0.1167263500284951,0.0172250843110965,-0.0014338130290343,-0.1369668401777862,-0.1750354142722012,0.0892870096725659,0.053473311735708,-0.0479649128524835,0.12039070644441,-0.0884126561226959,-0.0046049531946179,-0.1433234766084632,0.1615313382327188,0.1409489746295807,-0.0304435890388822,-0.127507247986429,0.0201621849751056,0.0768128981675749,0.1208719758293636,-0.1301167974035439,-0.0496112625391265,-0.0092036931866215,-0.1023151241118235,-0.1045378769537212,-0.1181440766300234,-0.0553639202731402,-0.1177080844091062,0.3254054895255551,-0.0821892622692858,0.027495863360161,-0.1147952072778817,-0.1238071696574012,w1
-0.1652684563174544,0.0398317139722727,-0.1140218796870173,0.1173302141670621,-0.1238239351546061,-0.0430250965699305,0.1537395591566061,0.0823261513877612,-0.0057524830994076,0.1193727744249539,-0.0375703412353169,-0.1960488153183595,-0.038661062800183,0.200805050422567,-0.0018709056926213,-0.106318960326542,0.1662843709128419,0.0020089318768187,-0.0446156889252749,-0.1099846014099436,0.1262226224018185,0.2006586883002755,-0.0968529448804978,0.071002471948146,-0.0912644281862147,0.1528541340342296,-0.0819530385398853,-0.052230757673994,0.0622823542329413,-0.1152081962127769,0.2327704864387183,0.1775489668911252,-0.2374358576569492,-0.1836921949751083,-0.0346813489730829,0.0637903292674707,-0.0642075006613719,0.1533992615034562,-0.1932558874067551,0.0153018730495996,-0.0348079959483286,-0.1008221185028911,0.0662098063909846,0.1886532706698626,-0.1800796417595603,0.0335171967769486,0.0679382279902842,0.1451193447121676,-0.0950731558495506,0.0115237066672172,w1
-0.0014269653529245,-0.0399459620889402,0.1194772488387856,-0.2060257176638184,-0.0682643011488416,0.0092936275591083,0.1304957421740243,0.0010621248790371,-0.0767452002709787,0.0118392114349753,-0.1673877575397459,-0.0092662098574593,-0.0455874454432949,0.0981610372909375,0.1061918653657914,-0.2022684859647704,-0.0126790736797633,-0.1535192602185561,-0.1242129156027791,-0.0244267463216612,0.0908441298850567,-0.016096207586566,-0.1607875696072309,0.1832869521284453,-0.081952377962474,0.2542976282142417,0.0462683602749119,-0.0653964612137884,0.1750629549247626,0.0870745918028155,0.2106800247705123,0.1050368517846623,-0.0398218964674075,-0.1404458075522828,-0.0853558785156734,-0.0324501354327373,0.1852494910489622,-0.0997374032635836,0.0026207589471063,0.0748225004842922,-0.0877441007533658,-0.0838998298165652,0.1005228052327204,0.0420782776765725,-0.2404784679152903,0.1826492263653455,0.0699982262219628,0.0676858492088221,0.0430301864745048,0.0085661079579981,w1
-0.1448020031837365,-0.1185028007274202,-0.0143803033367784,-0.0167915626326036,-0.0279058900214003,0.1173233963391667,0.0549034688467789,-0.0382554530265758,0.1738416249868783,0.1614228906733078,-0.022277524975803,-0.0124163809767636,-0.1743908625402572,0.1748471928292434,-0.0116393237220447,-0.06773217179553,-0.0368309943917908,-0.0398800435749298,-0.0465707637355812,0.0907083937053512,0.0505605186181654,0.1062161334503885,-0.2008775927825322,0.0651451331323045,0.202893927364286,0.095812928394332,0.0129028569596076,0.0094186660189985,-0.0469887027278495,-0.0405650833691078,0.0390993250446967,0.1298528528652661,-0.1135433351642138,-0.2283927189867357,-0.1931330006158921,0.0952044559732346,0.1273328967936506,0.116669548396626,-0.0491708374482635,-0.0978384440153308,0.0013272504012586,-0.1119543336620412,-0.1726985823970554,0.2119763303772308,-0.1779668852755445,-0.1359795935789877,-0.0675214442888942,-0.0059979292476152,-0.0924400176774185,-0.0625423850698232,w1
-0.0792937173649172,-0.0840380722112051,-0.144539418805717,-0.0841778385238358,-0.0028461264590244,0.0243673706059135,-0.1281300689575845,0.0635585070152483,-0.0667973355101042,0.0575553315451822,-0.0067070001704318,-0.044752104591048,-0.0011029868344695,-0.0996448776912401,-0.0547724784835561,-0.0657312118350675,-0.1069309073659467,-0.0434972960748466,0.039215096940241,-0.0224729062878959,0.0251709327448234,0.130726143265144,0.0545223145911328,0.0862330482073272,0.0432684551564678,0.0105172822668621,-0.0344584252992129,0.0873114555733434,0.0789184946752273,-0.1113922223948664,0.040945924079852,0.0264052501984439,-0.1391219027552331,-0.0663209681926958,0.0969179326192841,-0.0151788273254936,-0.0997279073877543,0.1359539539895345,0.0033570712695039,-0.1561965561587244,0.0646275756299843,0.0501087208602833,-0.2038734315942671,0.0486416279455683,0.0312405622272074,0.0528265114154752,0.0105236868448053,-0.0580797704138674,-0.1913691909281366,0.0579654683989278,w1
0.1364628609122955,-0.0461812816844606,-0.014773494162626,0.0013776192107013,-0.0765861505811014,-0.0387254410108432,-0.0029354010806457,0.0773163104240514,-0.0793970773912918,-0.0787586857762898,-0.0247346078483582,-0.0447051740678022,0.0091313198270913,-0.0809260684893684,-0.2020233574040754,-0.128489200618577,0.0540647759645862,0.0296846777736251,-0.0383731607744871,-0.0253568706595082,0.0883630587267979,0.0435445320596321,0.115218654994027,-0.0815790299610038,-0.1287097262398916,-0.0295499028957064,-0.058623141677258,0.0674668495775669,-0.1468666684754755,-0.1111400813483566,0.0171870402811966,0.1444562690133404,0.0795099158838013,0.0271404184285651,0.0238998429831974,0.02163605399924,-0.1368330517668632,-0.0116508725387351,0.076672766825984,-0.0097315460956127,0.2304772853825922,0.0668523930235653,-0.1323365604578693,-0.0670947319763129,-0.073868414532356,0.012828483780159,0.1824365692764337,0.0297464351819006,-0.0343544951863889,0.0028210210863496,w1
0.0503816620186911,0.1457975604396916,0.0694448741463456,0.042278773967003,-0.0140149002337563,-0.1854974993546971,-0.0715173744478123,0.1972647734028426,-0.1350089504426067,-0.0347976834594582,0.0118738483495057,-0.0705278597243013,0.007593126492755,-0.2082066599832674,0.0801665986448638,-0.1011041362045356,-0.0130654738440543,0.1397177887491223,0.0524744512017934,0.0194791340044742,0.0040738650960146,0.096328686645962,0.1830440005609327,-0.0230010550323815,-0.0153739670535383,-0.0089422252981981,-0.0519660799845379,0.0783284568746777,-0.0389928100290964,0.0752888527762228,-0.0628407960781815,-0.0999198887619821,0.0316596126094621,0.0473353982750039,0.1302802291965237,0.0181579796953541,-0.1122388901660405,-0.1316729511360529,-0.0828980083543746,0.0409497074462618,-0.0988906420435752,0.1101531007939136,0.0763621276419785,-0.0902639084661345,-0.1183880689443542,-0.0383069870310434,0.06328963192038,-0.014717910704868,0.162672442197705,-0.1162852599648633,w1
-0.1253807265290807,-0.0546922818838687,-0.0135734160882259,0.0727815565520377,0.0666042420962469,-0.0591515588222661,0.177237325688831,-0.0231021778261762,-0.0797510714767597,-0.0076568165027532,-0.12184771709699,-0.010394603730737,0.0695974317718327,0.0458301766764088,-0.0989661918314758,-0.0123177081421385,0.1322495551433221,-0.0330325758118378,-0.0289395147127175,0.0446327679771986,0.0377546100475934,0.0635791959749282,0.0273512496994721,0.0585761174130235,-0.056785100530859,-0.1315243265291483,-0.0761666569034893,-0.0069591035701517,0.0892820129424654,-0.0195660871309141,0.0158447341818831,0.0006124727518503,0.1156672984660115,-0.1960956180409809,0.1064714743165185,-0.0159098346867121,0.0745957112652684,0.0214119453848307,0.0404072572748519,-0.0262530171006393,-0.1217105217431684,0.0665660862796146,0.0559949913772723,-0.0762548920505309,0.0643448862123951,-0.0448798327437364,0.0734270916660155,-0.0921066308579807,-0.114426995987945,0.0706221344459199,w1
-0.005557989243608,-0.1474125375644476,0.1267592889352656,0.0651007647863815,-0.0670491727060101,0.0760773820044922,0.1148513918218093,-0.0600134147533385,-0.0618705321377409,0.1202437683858437,-0.0955688366079543,0.0086502533220107,0.0921092377203045,-0.0189192778222619,0.0691749362512204,0.0874990241186772,0.049071216154114,-0.0947332601917104,-0.1500812100405079,0.0730527083651141,0.0062341979560044,0.0219677831704512,-0.1105811043293888,0.0466837557801399,0.1379381390993178,-0.1661318003476095,-0.0558818622137054,-0.0871330243318452,0.1018499212493005,-0.058942928189723,-0.0139270600585579,0.12711430099247,0.1873615695804483,0.0775705209312363,0.0121884319848986,0.0012522566455895,0.125535091662598,0.0381246935868197,0.0177396389784152,-0.0292566798865325,-0.0385453566823368,0.0953857114891449,0.1123317244901208,-0.1223383904945497,0.0295309134325381,0.1243444199712385,-0.0844292313519336,-0.1872896480567186,0.018074524205046,0.1227031031862583,w1
0.0367436802802994,-0.0157626342114804,-0.0005489325704401,-0.0537322097514104,0.0115098709827957,0.0119941714940268,-0.1945598834387296,-0.1135281762449239,0.0122129033099401,0.0389179631751863,-0.0474897697037263,0.0016313117934016,-0.0261217179419527,0.0107840753063702,-0.1159194510937539,0.003450955226523,-0.0812310651504202,0.0848079524576977,-0.0227807707878135,-0.0279046434255271,0.0539874383922039,0.1227257890869733,0.0012651601451826,-0.0395274351598227,-0.112369120244099,-0.1539329996403091,0.1183017798310236,-0.0640529247734055,-0.0601198291216724,-0.042179583802328,0.0020380717786608,0.1053271329803135,-0.0445983288572962,-0.0535352866587702,-0.0573910646458078,-0.1751869608544382,0.0012971504514554,-0.1499730832917513,0.0068956889722356,-0.0850248233026216,0.1609390459938942,-0.052988796373647,0.0292326217364237,0.0757079812515369,-0.0395066172584103,0.0539146287587823,-0.0344279006991943,-0.1298961759611654,-0.0264674848425154,-0.1476198349156747,w1
-0.0755728585293928,0.0149752921054414,0.0462963613665451,-0.1114047326869649,-0.0516794376011283,-0.0960129584271796,0.0002694633696627,0.0253926400263002,-0.1611021449531232,-0.0213526417414281,-0.0524471740813019,0.0308611897341717,-0.0014943415417368,-0.121724415775874,0.0702240382283997,0.0901594398024795,-0.060401091985872,-0.079169408320997,-0.0388305278286543,-0.1539355748649172,-0.0894977483739986,0.00272029516546,-0.0234166769145013,0.1504115199149608,-0.0420615760149454,-0.0044565264280018,0.0615215025257171,-0.0066184090278325,0.0602652916715016,0.1535035766100638,-0.0064222527221224,-0.0672890936877625,-0.0378981011805127,-0.0116448433368978,-0.0410627964203877,-0.1000409527252243,-0.1049186746732303,-0.0663750514882149,0.0121681147844475,0.0340459130804259,-0.088196112988728,-0.1124166320505498,-0.049539678892575,0.1829942488963486,0.0207741938052752,0.0771561256214288,-0.1903261693327091,-0.2285869499375736,-0.0377205007569737,-0.0671177902938162,w1
-0.1444103125846959,-0.1104083822256489,-0.0281871020106723,0.0637826210558434,-0.0088010420805932,0.0017689778254311,0.0113882141912987,-0.0072563903713031,-0.1101242857306765,0.10802880175108,-0.0718539563680084,0.0310655839255091,-0.012982907982093,-0.047148057796488,0.0752577354892978,0.0832811805349015,-0.0846886921434499,0.0033622483523225,-0.0068780456006026,-0.1274635782361073,0.0569329023921114,-0.020629105533679,0.0525349140801095,-0.065685976796065,0.083281216724882,0.0301924031639877,-0.0593188472735382,0.0534422325632947,-0.0977200415013879,0.0075064678580006,-0.0581750027271318,0.1429166815011122,-0.0067486386624845,-0.0182513204597779,0.0200583742151572,0.0114687323231454,-0.1885163459973781,-0.0160340723774639,0.0498141242872635,0.035749975238739,-0.0426204349397821,-0.1698334478606246,-0.1061268484359896,0.0591680209564446,0.0028713184565703,-0.1457276429452717,-0.0316795817705534,-0.1018798990758736,0.0267019322738852,-0.0149286973614077,w1
-0.0654379784081516,0.1080580986393923,-0.050042230118775,-0.0602227176189451,0.0027064334329984,0.0609736286805281,-0.0381817632060778,-0.0994335828403631,-0.0063044079411154,0.0489598617000213,0.0471212714830394,-0.022119486244,-0.0625579032361215,-0.0294956064375477,0.0005224492965459,-0.0317758220364345,-0.0518573568893846,-0.1249292622193943,0.0694483938584153,-0.0045986712945199,0.1424545533720156,-0.0938234694119176,-0.0931597335675178,0.0990506772125296,0.1033289283407199,0.021912120288683,0.091027774887091,-0.0894436314902799,0.0142834024609284,0.0949395526591582,0.1934038085594719,-0.0619317440414582,0.0111019824807135,0.1361961014958845,-0.0465221894626888,-0.016193538192876,-0.011158019348173,0.139629208253058,-0.0689065601361842,-0.0020769988007143,-0.0661153899667242,-0.1559456586238303,-0.0835670101083158,0.021348963339791,0.0270721869690481,-0.1438709335484236,-0.1598247962181303,-0.1353559473089248,0.0416155579607887,-0.0788354216491742,w1
-0.1399692509275202,-0.0429473453368306,0.0608011154515635,-0.1191276229934862,0.0728612162498991,-0.0402992876869244,0.1384050274615321,-0.0957087078627551,0.1361597242136394,0.2181884527803815,0.0217590110638886,-0.0761767470992401,0.0278109558143717,0.0657583930006012,0.1490225122170023,0.0193678155361427,0.0249765202352433,-0.142356421813461,-0.2056067540817722,0.0622311333430982,-0.07685762373651,-0.0264070959598918,0.0880628885251477,0.2100172506274412,0.2125076685733977,0.0157417471727819,0.0419087469397298,-0.1269572874351414,0.1267483169970489,-0.1073323272619116,0.2307550077170028,-0.0280105928649942,0.0435952214156983,-0.0205351156647714,-0.1412320618632765,-0.0664818982215819,0.1005559502589717,0.1021129158298855,-0.0581369172028885,-0.1035497166103755,-0.1131792724640636,-0.2102133485043942,-0.0400878725664893,-0.0497737138806225,0.0057857985394194,0.0092297151658939,-0.1270592360392763,0.0395310324367455,-0.1009790829643171,-0.2011356159241741,w1
-0.1380315049416987,-0.1150656717206262,0.0818742661359391,-0.1595964002676587,0.0507030095825012,-0.0507180053517628,0.1294806445955292,-0.0728253250687151,0.1985808117624308,0.173072284766676,-0.0200372722728488,-0.1374516777955358,-0.022865683182228,0.0800971401323298,0.0836520566120499,-0.160642427377527,0.0643771873644503,-0.1070771110996048,0.0458293760652578,-0.0745669231127237,0.1886824280068632,-0.0037523956625724,-0.0667241927984562,0.0243979076380024,-0.053044272325362,-0.0822350900240022,0.2245077311943264,0.0127167915600285,-0.0412331374349526,0.0010103305878697,0.1521562991121806,0.192191670558346,0.0438436136602968,-0.0240483255417925,-0.183046295229819,-0.2080550835672006,0.0128130002898515,0.0523561881927153,-0.1318263165991251,-0.1576532652179157,-0.0065048116720303,-0.1092938600958364,-0.0732740506144152,0.2208743810511607,-0.0550979676297475,0.193951954821634,-0.0907672589045391,0.2073757387345878,-0.2520437528975429,-0.025586410438681,w1
-0.1629622335802793,0.0930587265267572,0.1025122280894832,-0.1805813180705857,0.0621540796997725,-0.0791944749818056,-0.0754074716050968,-0.1243230518181906,0.160006069445219,0.1309997714628269,-0.2027196696650959,-0.0693297883588411,-0.0585479000035233,0.1726111771820464,0.163250892522766,-0.1309498274530131,-0.0567679963828154,-0.2164671397662888,-0.1501764259892983,0.0109361559923897,-0.0730584147899641,0.0679332853117438,0.0511525631680299,0.0917662615299923,0.0499264388184187,-0.0598730433981709,0.1053913142309122,0.1237514450939687,0.1510627586869368,0.0785803338180584,0.1587409972211799,-0.0131332261341597,-0.0535396682937033,-0.0650693329381694,-0.1534807471630294,-0.0158373722841365,0.0809847277130088,-0.0700550249850699,-0.0889508423345991,-0.123857499307654,-0.15835249917161,-0.0810218475544641,0.0161452193095468,0.0176552264226709,-0.1824892082753853,-0.0171583794206326,0.0013071474725928,0.1364532769541014,0.0281007650478721,0.0675057354157926,w1
-0.0441536349905906,0.0190081961113289,-0.0386098805065094,-0.0346132026500654,-0.09538562582193,0.0015053369419396,0.1967276947506539,0.0529298919857485,-0.0267223223668417,0.1587459516267988,-0.0154864859560743,-0.0915680785552187,-0.0332420822716032,-0.0693906918148618,0.0956012165535938,0.0386456924357598,0.0522883460760292,-0.0947214116835351,0.0768271252236558,0.0799367076238798,0.0591226811518059,0.0114986308184712,-0.1257894378267,-0.0082656991093695,0.1574180736602286,0.011486572642611,-0.0464640396545407,-0.007451706178453,0.1091686479557549,0.0212352880813164,0.063357668178401,0.2150051205646783,-0.0859228565915062,-0.0115745654505425,-0.1033200780803713,0.0251786641753404,-0.0650135510564789,0.0834491737248039,-0.0126787464452761,-0.0875395160235268,0.0011799232656307,0.0918819393611702,-0.0628819254121497,0.0083767361520615,-0.1494895353193238,-0.0120590018072935,0.1036985529020429,0.0388484330258536,0.1047265443081384,-0.0262166585572255,w1
-0.0129245685981987,0.1156981934262426,-0.0862461626885313,0.0761994675266402,-0.0021864233942085,0.0479334829716184,-0.0327671402233804,0.1456243340733403,-0.0748279576888241,-0.0930857895087672,0.0343653923583463,0.0499103898247286,-0.0733488319964604,0.0044730392642732,0.1175631739195599,-0.0403836472100542,0.0789972448278077,-0.1055103394674351,-0.0069671226013712,0.0396386628334303,-0.1008911001125661,-0.0575415832898626,-0.1518175027323011,-0.082529876755546,0.1017437909368566,-0.0516625478203287,-0.0666771996447482,-0.0043144268271456,0.0220314781039982,-0.0483558217075827,-0.0548677884803524,-0.0148442764115443,-0.0031737508335958,-0.10826122619638,-0.104311502561786,0.0597542384615508,-0.0075192054741154,0.114074129889758,-0.1225199642190471,0.0098797941912735,0.0725196029491262,0.0145919735813179,-0.0970132558978296,0.1713909642633486,-0.0371267751326055,-0.001027404289277,0.0859675454866053,0.0258543310923164,0.0037772608617048,-0.0078611350728125,w1
0.0142015514695131,-0.0662352800063474,0.0270193302394086,0.0541916949877912,0.0574168581466273,-0.1170291342148945,0.1382061315485185,0.0872872409458919,0.0143677243640966,0.1969403878100094,-0.0402038574934972,-0.010791199633048,0.0663877761665747,-0.1289261746604981,-0.0580706332538042,-0.1105474338604505,-0.0908755194954511,-0.0764035446266496,-0.0339562388377794,-0.0552573120477859,0.0502417176331831,0.1104280465024754,0.0601162713774431,0.0173103432623623,0.0965831508189995,-0.0019235634335324,-0.0549658684062557,-0.0171528987807635,0.1341899288363305,-0.0725109797707088,-0.1257035132960235,-0.0179832738893611,-0.004487134420147,-0.0471033629898836,0.0317695221297114,0.1086710344633344,-0.0787580787404714,0.1047741537124319,0.0147859029815769,-0.0311217079830141,0.0028551546260081,0.0618585190972239,0.0897784879435039,0.1054424316620003,0.0028267926147675,0.1350074763778437,0.0397802406796574,0.0813539238681961,-0.1248677510138335,-0.0225088940838353,w1
0.1078574848305011,-0.0016998216699448,0.0718002337372005,-0.2021319949745703,0.0994806117476729,-0.0759533900097536,-0.061305528739082,0.0814272387254655,0.0092823337658562,0.0703559952559137,-0.0473540346456326,0.088056717842478,0.0788527410174978,-0.068730781545968,0.0303759746885271,-0.185046324039569,0.0525080812620296,0.1361469092421501,0.0106799755663173,0.0097089427212711,-0.1471960161938532,-0.0674069453195324,0.0719653351293531,0.0729546105297365,0.0653952800012481,-0.158956076899234,-0.1196074053812831,0.0193318307778589,0.0373167876474825,-0.0767929786239767,-0.014242070922318,-0.0853079621724077,0.1833411786880559,-0.1874641968251845,-0.1014243678008776,-0.0976891400609477,0.1004451164392254,-0.1890244044338685,0.02777169875091,-0.0372422791769475,-0.0908709989647305,0.1315375432373812,0.1941052463238384,0.0609240833563402,-0.0712810210296949,0.0427344553049549,-0.0166110496992586,-0.0308944381250901,-0.1056741889973457,0.1071331848903607,w1
-0.174305995271041,0.0076411604084446,-0.0404194942771477,-0.1430155806814241,-0.0289431952201632,0.1486615420299306,-0.088528958626079,0.0994134460887644,-0.177521574093869,0.0796955176601096,0.0040127804166208,0.0698260642279682,0.0346041486181746,0.0310079815534381,0.0142107035406598,-0.1172966937348927,0.1140232987171997,-0.0198554265003223,-0.1304806244835151,-0.0072880334873315,-0.0052036288310935,0.1218757580088713,-0.2196153590760639,-0.084038937896178,0.0373404808867772,-0.2547078812398038,-0.0264923605470398,-0.0146592411170096,0.0567027946828787,0.0829602306661386,-0.0422794824782967,0.0933037101732398,0.0231728857883524,0.0011648065223566,-0.0677304810951783,-0.1246851361796112,0.021874776258674,-0.1127341462958888,-0.0527978098694699,-0.0061125203866904,-0.0085858735911167,0.0473644973478373,0.0760377897546664,0.0922914428581632,-0.0339526305670254,0.0365961979769403,-0.1717403888920818,-0.1791336710400966,0.0854895550315981,-0.1010287167127618,w1
-0.1016061055716937,-0.0098525611428477,0.1120192123109408,0.0017200367508599,-0.0288044211080414,0.0113645488546799,-0.0387757176963797,-0.2367870588311168,0.0352661822952818,-0.1103291090561086,-0.1050045156331904,0.0759309774676241,-0.0074806356775508,0.0464631076179801,0.040002584812857,0.2672627156842881,0.0587250037036497,-0.0877545784706873,-0.2083474190851357,0.1141560440339866,0.0709349118399162,0.0137972246410383,-0.0918387772789538,0.1201750231081582,0.1576384565459929,-0.1504072756487109,0.0236234531458003,-0.1072233904991969,0.0928225922797396,-0.1142020872076426,0.1108115928294391,-0.1652391585015095,0.1108006707693743,0.0848146629141777,0.0489857780896551,-0.129307030166592,0.0895238234992791,-0.1138780369352563,-0.0936383126429344,-0.1448678734970386,-0.0620821765690581,-0.0090249905724807,-0.0586215202706131,-0.086870333861367,0.0178035435088494,0.1758184923657446,-0.0012682525001063,-0.0326673667303967,-0.0650286879666746,-0.0036317590712533,w1
0.093384814939341,-0.1544606307960458,0.023305984098507,0.0097269837946766,0.0043156616560199,-0.1248295032117028,-0.0134309603205897,-0.2072144398965607,0.0865153014826716,-0.0976021911262814,-0.0208416404932614,-0.0897888510016033,0.0203285090343217,0.0166781599821511,-0.0615623347664885,0.1061972192336772,0.2556603658785525,-0.1094750783074109,0.1116470547364642,-0.1097242658948658,-0.0117592591571621,0.1226473255312038,-0.0594909202511423,0.0626661404156704,-0.0124494918176018,-0.0165228803872242,0.0825553110635436,-0.1127104166049088,0.0295005831099241,0.0484752292003273,-0.0293702586138858,-0.0049619541864971,-0.0008973045131573,0.0849753438450531,-0.1826782578950284,-0.0775386269296317,-0.1385220394496705,-0.0045133540219488,0.0299557625854971,0.0451033251408154,0.0814735439806822,-0.1162172517291232,-0.0617215595904381,-0.0154372334108474,-0.0131952984450708,0.0737677525016241,-0.0601818528590528,-0.2545583381545624,-0.1221824819892368,-0.1216190815088482,w1
-0.0162454011897662,-0.121212497189573,-0.0774706594911178,-0.1550452800161878,-0.0219946224271586,-0.0641014112723504,-0.0410298599334681,-0.0606117599385991,0.112385366484171,0.054880863808902,-0.063336380551905,-0.0897826533549967,-0.0145016302928117,-0.0648452376548145,-0.0822266155504957,0.1679766713039854,0.0912168408377955,0.0400163339155389,-0.1017080064601412,-0.144826429643641,0.0435454965794063,0.1944820461108307,0.084284366242138,0.0443046593520446,0.1044398611080875,0.0603608518514351,0.1271806907077422,0.0317103928299606,-0.0920112810519815,-0.0446623867759871,-0.1090731028174903,-0.2115742281525941,-0.1320627466169461,0.0481455163178148,-0.0854091510516278,-0.0925304475501614,-0.1323916113622623,-0.0285868801349042,-0.0013003514941809,-0.0016763073856467,0.1014239067022764,-0.2105316255660927,-0.0030388693523614,0.1254567905445645,-0.0948149674384199,-0.0324010461104977,-0.0786981108553498,-0.1260984623161238,0.0300140468419114,0.0394150729689756,w1
0.0817243444849724,-0.1681902865236655,0.0923446006423521,0.0457524287971098,-0.0516257939139697,0.135306981993035,-0.0687077978016168,-0.1051576348949265,-0.0673714250103411,0.1275888403335061,-0.1000362992449739,-0.0903048454773517,-0.0272976698066401,0.0720269235710383,0.0260123065489805,-0.0421799777270936,0.134579463106398,0.0669864057194311,0.0041923933254899,-0.3082773520992261,-0.1027929756876341,0.0050861734620982,-0.0857651610012368,0.0957819831731582,-0.0672061906575941,0.0076540663661239,0.0095834562542396,0.0622884425981185,0.022318094272227,0.038090935289591,-0.0568022446156524,0.1357838709445789,-0.0444656379650838,0.0742767836702803,-0.0049214871261947,-0.0828676583478307,-0.1033500629259808,-0.0286767822585747,0.0593987670727792,0.0772478962781814,0.1507846471149987,0.0004919004350752,-0.0814933751234458,0.007478355886775,-0.0421449950110316,-0.1162846433510599,-0.0021528321264382,-0.0653442498973028,-0.0813673788858875,0.0458790430119825,w1
0.0483029483322779,-0.2036930487326171,-0.0474198873590076,-0.0311665010915744,0.0686706793035789,-0.0426873606828732,0.0253860196359048,-0.0091845239098861,-0.0769398360339333,0.0008630177062271,-0.055067940840074,-0.161802658532994,-0.1055871235751796,0.1331136024094324,0.0603932495244788,-0.2167512531333892,-0.1098718571906077,-0.2055826942381681,-0.2323527267211381,0.1015992925915508,0.0132233752827691,-0.0259326154207582,-0.0699945567677798,0.189920305016722,0.0363763959576171,0.0025236561164759,-0.0734157321415721,-0.0166800673327435,-0.0242040983503186,0.0917393079922659,0.1274315996350969,0.1248546768684181,-0.1679899850010779,-0.1510264307517103,0.0231077603357708,-0.1613623809114884,0.1148826986657576,0.1347577637353218,-0.054662031570105,-0.1478666113025947,-0.1417704643208874,-0.1490744183887201,-0.0750980800025295,0.2026528140256341,-0.0059350331451893,0.1394552313162314,-0.2225916650734744,0.1759391899293688,-0.2148936425479255,-0.1936197375691745,w1
-0.060790980243844,-0.2033890115323824,-0.0558147483256678,-0.1303596444982908,-0.065803037160698,0.0776927512407572,0.067165157223714,-0.1257319752537539,0.0700855666815536,-0.0400211556526336,-0.0660459321134545,-0.127104838813155,-0.1509169189853169,0.2316569592072212,-0.0849580284068404,0.0429713117991614,0.1656555042426375,0.0898144669646734,-0.2606471608626552,-0.0694616621144209,-0.0837464136032713,-0.0383889375933666,-0.1555616177608347,0.1147041653820723,0.2504519016552401,0.1512588963663821,0.2085883705305806,-0.1067044469835978,-0.0944160703615032,-0.1194798212977697,0.0907215710269463,-0.0873632595406001,0.0417666435213491,-0.1939740224481307,-0.0205257566038651,-0.1987773771974916,0.0255747237159272,-0.0391281570704262,-0.1837367920407592,0.0079010982636157,-0.2093971973686221,-0.092954129529479,-0.0637079455149987,-0.015654194060489,-0.027319337984255,0.0415870763223698,0.0071288637317454,0.069903126019142,0.0489192137309387,0.0937027268945487,w1
-5.040389453935037e-05,-7.567396759643168e-05,6.409749668390946e-05,-4.912782698902429e-05,-9.216520574982216e-05,-2.367209899065278e-05,7.136094203421125e-05,-4.942626814746437e-05,3.674063881099046e-05,6.629652893603365e-05,-0.000160463576359,-7.858466175487765e-05,-0.0001172907736987,2.659554814724151e-05,8.008237117115961e-05,-0.0001909084718227,8.131268378659569e-05,-5.095820866939021e-05,-8.582981184699535e-05,2.736204838023065e-05,4.164902671483628e-05,6.770875336075527e-05,-5.19038383391483e-05,2.6309861017360625e-05,8.878093882872966e-05,0.0001205730241958,8.520634466526096e-05,-9.989256813398347e-05,8.664706941547081e-05,-5.77356005295469e-05,4.698821579571368e-05,6.711896498415662e-05,-9.781624559615112e-05,-3.4905098047832296e-05,-0.0001001307958711,-0.0001309690137132,3.106656935764959e-05,6.743125611608002e-05,-0.0001205230863128,-3.782526415281615e-05,-7.569835884348697e-05,-5.634829381956418e-05,-6.135483957752774e-05,9.767344240822518e-05,-0.0001042413375204,6.570246605557177e-05,-7.286832806483217e-05,6.010946595851919e-05,-0.0001103380799932,-4.882936453010276e-05,b1
-0.0261297109897112,-0.0330578309499735,0.405225764058946,0.0434939790481016,-0.1903411368373898,0.0045717571409952,-0.0231081633309046,0.0144566678373298,0.1609528391708515,0.1532625332219226,-0.263718299090892,-0.1029020610444022,-0.0488575039640544,-0.0817849276546112,-0.122147846990984,-0.0051315849658272,0.0360179989914608,-0.055581132792768,0.0635301034046245,-0.0155236461268856,-0.0697695308325915,0.1014699016133797,0.131198557814878,0.0526229485482115,-0.099898461887497,-0.1363651253043394,,,,,,,,,,,,,,,,,,,,,,,,,w2
-0.0899823450609456,-0.1098821394521616,0.0130712300479528,-0.0055275012013819,0.0287218851576125,0.0583093815139751,-0.0775395128390528,-0.027745531690576,0.0105896310940682,-0.0030753551028698,-0.079415431794105,-0.1020047091186614,-0.034759474349974,-0.0863210859618766,-0.0777060893129027,0.1088790054432929,0.3193950660267581,-0.0960334929891302,-0.0529192773955909,0.0122574506296791,-0.0169799650233908,0.0659096714924648,-0.013493132772133,0.1126947838726261,-0.0547899147289703,-0.0579181227038995,,,,,,,,,,,,,,,,,,,,,,,,,w2
-0.0409336991864107,0.0561778114181361,-0.0443405726476454,-0.0512818055193357,0.0485344549347422,0.0379570432741118,0.1888890078365633,0.0440953457146842,-0.0437974178329138,-0.06171385547186,-0.0273900692193186,-0.0404981699175626,-0.007832130395341,-0.0510012066482477,-0.0217492812746211,0.0004156988334062,-0.0396125661122208,0.014500556483629,-0.1606858719351236,0.0266998766942938,-0.0763150992474083,0.0506471493164543,-0.0293914416411565,0.1147110655333339,-0.078078181275535,0.0450110744935372,,,,,,,,,,,,,,,,,,,,,,,,,w2
0.123918129295224,-0.0464340113737152,-0.2059964968939573,0.2037058688975358,0.1020007655671793,-0.0933156885850293,0.1290739912659368,-0.1309681809729201,-0.0159667678723783,0.1171127042800163,0.1133508713867212,-0.0585050104418092,-0.1430001654610791,0.0285943544633049,-0.2977844194671064,0.0874395524988983,0.003861743414217,-0.0391348503037483,-0.0356420002018641,0.1177540792101561,0.1134072100486629,0.0684736106462519,0.0127234580650337,0.063044334635014,-0.0503456261657133,-0.1826162865839307,,,,,,,,,,,,,,,,,,,,,,,,,w2
-0.0708363645905594,-0.0676125714579664,-0.0272865068226358,0.0597196735923443,0.0446275840635831,0.0827914885626087,0.1479422674454162,-0.0451562451083949,0.048710205027374,0.0754839435158313,-0.0024405612297887,-0.0959235504608689,-0.1010543716077399,0.0839392078028756,-0.015310663549465,-0.1009526795703718,-0.0638713479827313,-0.0037490079543421,-0.0891868212114991,-0.0657760077805452,0.013804333230759,0.2484317962616617,0.0130214866934473,0.0988897366319366,-0.1764053151678348,0.048652823359274,,,,,,,,,,,,,,,,,,,,,,,,,w2
-0.2747289128997002,-0.1760737518189633,0.078832655353739,-0.166514440572734,-0.0085682204731854,-0.0219876029561068,0.0784695148540413,0.0310604096584037,-0.0029461703913319,-0.0251280836105436,-0.1157764379279692,0.0254862598896369,-0.0604626823245436,0.0121896422374838,0.1002579164531737,-0.0973993044484697,-0.0363366048082793,-0.0607478433779512,-0.020199295119008,0.0284457256883511,-0.1164281118144607,-0.0136701280948049,0.4753857900883256,0.0051916209653087,0.1457899681280141,-0.0108209178739928,,,,,,,,,,,,,,,,,,,,,,,,,w2
-0.1648136971588759,0.1126031554799602,0.1623649589601652,-0.1321974711520901,-0.1176023757341063,-0.0761435307263041,0.1042050261831176,-0.0444809471674735,0.0148775498368856,0.0111205254425975,-0.0100625691015626,-0.1358703421653867,0.0306550365565762,0.0605884827626256,0.0795474145294565,0.0680372528681269,0.0303173615089998,-0.1277871616393116,-0.0192627532476672,-0.0117028379892249,-0.1652871212881634,0.0572846073649862,0.1381490274715414,-0.0865818273547574,0.1906889397909469,0.0320971070664685,,,,,,,,,,,,,,,,,,,,,,,,,w2
0.0581637536749116,-0.020310491454503,-0.0209316941372583,-0.2612678454627783,0.0113049593058788,0.0279716218064592,-0.1289496570198963,0.0115376769376173,-0.0065909499679952,0.0591460331717781,-0.037327375761205,0.0253436691364024,0.0573884064237337,0.0548548801971684,-0.0642861514517193,-0.0038370426903826,0.4657010925082541,0.0277056391842508,0.0606245890752037,-0.0244898377184959,0.0202189567754648,-0.0989556820646546,-0.0217184947002252,-0.002638108899357,-0.034551216425317,-0.0179114352916617,,,,,,,,,,,,,,,,,,,,,,,,,w2
-0.0452688342930499,-0.1263265085358728,0.1591567342862445,0.1889573004249312,-0.1411143852619408,-0.112198821037495,0.0453757449077512,-0.1793901515275172,-0.0645054895021324,0.1155575910227803,0.1255504159038352,-0.1762893483462402,0.1583533064027508,0.1268349354696559,0.0834591001067005,0.1176080275945884,-0.1532231207330286,0.0416755500447243,-0.1089231954824628,-0.0148434901348308,0.2425035500002961,-0.1579212844444575,0.0767404051389778,0.0419508758010847,0.1151864056159315,0.1164264772878367,,,,,,,,,,,,,,,,,,,,,,,,,w2
-0.0754480251605757,-0.043501832017421,0.1174117189945352,0.0523660865398526,0.0855891218703896,-0.218863511311908,-0.1592611672592969,0.3186272757249971,-0.0910015853002933,-0.0542797664873544,0.0606545968261183,0.0079765980366172,0.0032230653456398,0.0014981498821208,-0.0668994937384608,0.1089404881320115,0.0903082391720882,-0.0725993569604605,0.1151720156667751,0.0581220986518675,0.0146378324715608,0.0711549017706952,0.2512617921385,0.0063417653853986,0.0910018472481813,0.0115222009564738,,,,,,,,,,,,,,,,,,,,,,,,,w2
-0.0518561877517903,0.0076544244481034,-0.067354236790851,0.0422696199766517,-0.2874866965985733,-0.103161141023409,0.0363046260369427,-0.0469601046273416,-0.0301284909988191,-0.0347553783195478,0.0021044556642478,0.6609593972859316,-0.0873127731958699,-0.0156730843898637,-0.0521145609922574,-0.0296970132999071,0.0016137374802999,0.0301703198505586,-0.0336977097913903,0.0138168429745358,-0.0010024934638449,0.0706481603883586,-0.0105859743116266,0.0210239095458959,-0.0422243496118976,-0.0246417268095881,,,,,,,,,,,,,,,,,,,,,,,,,w2
-0.0683567440987282,-0.0718896678738198,-0.0188381057669428,-0.0214815031142934,-0.0375643077507881,-0.0094408336096344,-0.0916998029351745,0.3892633020703698,-0.0345696443214409,-0.0406456828360069,-0.0730708575650975,-0.0221438671838983,-0.0773330768960493,-0.1607793956445599,-0.0178616867334413,-0.0997762547823427,-0.0079430352911456,0.0415561919254286,-0.0668658763425523,0.0051135787773858,0.3630966159097776,-0.1124948795117388,0.0092916998527721,0.0602827577251535,-0.0207119910875845,0.0027432880751184,,,,,,,,,,,,,,,,,,,,,,,,,w2
-0.163031814927688,-0.0030829538543465,0.0789090171264729,-0.0585604582544975,-0.0425152388124346,-0.000169054393794,-0.0118481529941552,-0.0331726357026095,-0.0713529590599838,-0.0523548958835197,0.0177712615316774,-0.0818613708031759,-0.0251088430260678,0.0154882902557452,-0.032629911647678,-0.0909995205080352,0.0849119995378781,-0.1356588204661679,-0.0911679568573692,-0.081149187331411,0.0798897007156027,0.0465472757752753,0.0315961377378678,0.4614104820729554,-0.0082849120252984,-0.0720248415839062,,,,,,,,,,,,,,,,,,,,,,,,,w2
0.001204158464576,-0.053512870783891,-0.0378212177000698,0.0350257939543441,0.0788438005165094,0.0542268731351188,0.0108731556354248,-0.0262852009832461,-0.027850058903121,0.0569410491346892,0.0152397282519509,0.0285525124153831,-0.0054919950972603,-0.0509932163403881,-0.0214177185643472,0.0418965145829664,-0.0356414230801466,0.0401273501235908,0.2140694883648088,-0.5516310398294764,0.0137109353744816,-0.0618962775493647,-0.0452196690155164,0.0781634012012065,0.1196039471395543,0.0933298923750738,,,,,,,,,,,,,,,,,,,,,,,,,w2
0.0656196303973742,-0.0838164736987549,-0.0561013702596105,0.0061144295482588,0.1026472129694128,0.0603437039947054,0.026016019818701,-0.0286684275662581,-0.1787687222898623,-0.0299543836450092,-0.1225919299203928,-0.0642219908655201,-0.0255588949760734,0.2087090729924214,-0.038286769329359,0.2108221445814105,-0.0826769579077459,0.090240027045568,-0.1430352020505171,-0.1792021633157742,0.1001622003772974,0.0268357812333599,-0.058875351139158,-0.0184463175429844,-0.0966921940656454,0.028074803775281,,,,,,,,,,,,,,,,,,,,,,,,,w2
-0.0306253780266876,-0.0509096901969129,-0.0007587068732141,-0.0591360201036402,-0.0155371520597657,-0.0599993187569853,-0.0649915869649337,-0.0143131286127452,-0.0928202236154573,0.7242154011151053,-0.0025315412729511,0.0237546238304278,-0.0124006560338027,-0.0051525713881996,0.0292255858206609,0.0196500770588636,-0.0056687529980281,-0.0660284663663349,-0.0326160756859105,0.0184649261892192,0.0022307968547364,-0.0766274852843988,-0.0308479019954899,0.0073807458518169,-0.0002594104256764,-0.1063212868954007,,,,,,,,,,,,,,,,,,,,,,,,,w2
0.1229347413393346,0.0488168851262758,0.0361338521132215,0.0341523774972917,-0.1555409409529024,0.0155701057324272,-0.1084330494725069,-0.1430598878784104,0.0054136573451054,-0.0348899583008579,-0.0860157788744608,-0.0548014194878999,0.049908063791368,0.1938981124967299,-0.0357817245586315,0.0783734456581779,0.0207880338584066,0.0697903449588809,0.0103828661886643,-0.0230788084804734,0.0591483454152665,-0.0435684240089238,-0.1112307803656068,-0.1021941888295756,-0.0276673578913309,-0.025119384025851,,,,,,,,,,,,,,,,,,,,,,,,,w2
0.1282031974617575,0.0979952306316136,0.0007586375824645,0.1068341846833969,0.1038477572682192,-0.0981122252397076,-0.1082650084450141,0.0581067566221202,0.026253652351451,-0.105330149721285,0.0692165651617968,-0.013494169075471,0.0920566605028511,0.0542611358070459,0.0247095675186988,-0.025263584015463,0.0368056226505123,0.0318438327963492,0.093388797442216,-0.0007322703344714,-0.0885296099576128,0.0168596702338617,0.0295496882523915,-0.0360749828358268,0.1206959647088529,0.050406701591014,,,,,,,,,,,,,,,,,,,,,,,,,w2
-0.0223967687754741,0.015429585155028,0.0300276159122179,-0.1314088656626477,0.0104010267922236,0.1352020757954771,0.0162992845916968,-0.0065332155058331,0.4534912860416638,-0.2117133852237521,0.0630984193395466,0.0274058320492957,-0.1194043185023255,-0.0111757947073816,0.095347288127097,-0.0340362407577246,-0.0563676169813996,-0.0032519386665198,-0.0717505346826291,-0.3492985837966227,0.0479735171629335,-0.0463416999184558,-0.1077585941262194,-0.1080215729345037,-0.0957212392789025,0.1028097643378616,,,,,,,,,,,,,,,,,,,,,,,,,w2
0.016104950294645,0.0076194615502484,-0.0382001565279776,-0.1062979770722431,0.006878036855874,0.0791423092222751,0.1559177100606034,0.1302136702331954,0.0140524097125083,0.0339235444676502,0.0095614266332752,0.0425723014306356,0.026607525175913,0.0023675723358759,0.0077895470700357,-0.1214588340009737,0.0401624828479257,0.0829790250652226,-0.0162350085841929,-0.0138708859209686,-0.1291387261036154,-0.1660042672765941,-0.0004034599770616,-0.048759845279398,0.0754273227179478,-0.0437761081782373,,,,,,,,,,,,,,,,,,,,,,,,,w2
0.2756223966526109,-0.1969763832481934,0.0403102249272594,-0.1499827096234202,0.0351100520906247,-0.0053091544454014,0.0510618458039095,0.0908151642976169,0.0274760081573671,0.0932909254416013,0.0534346663938211,0.0625192154326097,-0.1580897542842184,0.0220819526808327,0.1856577428253167,-0.0701112412828616,-0.013971420021026,-0.1438404961071447,-0.0063662764851744,0.0530566866427485,-0.1065411952035308,0.0950874759597203,-0.3478020197405901,0.0282350178295823,-0.0339902561646847,-0.032193460537622,,,,,,,,,,,,,,,,,,,,,,,,,w2
-0.0216818252882816,0.0183418066937894,0.0282153907537331,0.1197665820695543,0.0907655042442364,0.0534010066573289,-0.0363471517329725,0.0200141719313171,0.0892959558529635,0.10102717501937,-0.0368635498677911,0.0429376362496348,0.0296803997935663,-0.0250828590121162,-0.0399610811566595,0.0057661594514327,-0.0644361960155087,0.0596787902349787,0.0505168866312781,0.0469682078964007,-0.0279931045226853,-0.1528286646374993,-0.0254700084618736,0.2056885661452692,0.1074807826074653,-0.6073626134575046,,,,,,,,,,,,,,,,,,,,,,,,,w2
-0.190427884243368,0.1308898588414105,-0.1459287152392807,0.1176754742614555,-0.0627677875763291,0.0236776641671601,-0.0270379623071673,-0.0621039696975143,-0.119858199279785,-0.0650187945335225,0.1797674220295172,-0.223921674524182,0.063146440457849,0.1693582891253752,0.1061590118681692,0.1414605111667723,-0.1880754967892018,0.1906664475312198,-0.1112939034694928,0.0780041193228192,0.1541880688200666,-0.0889644523103185,0.14299351873651,0.1226847546016216,0.1340576916050963,0.1509183394372236,,,,,,,,,,,,,,,,,,,,,,,,,w2
0.0162813017290601,-0.0198205978049291,0.2567085765801523,0.0566414202917643,-0.1034731010073965,0.1473949246110177,-0.1871898051547394,0.1509823658083803,-0.1585487782974887,0.0381273469676834,-0.0975772434339918,0.0597064362167046,-0.0082713239376816,0.1286469208589929,0.0952203226795147,-0.116451832720834,-0.0143737304944893,0.1054344514172077,0.0552709872312633,0.1235805402406119,-0.026141740545391,-0.0847932548554444,-0.0063228434522407,-0.1415561743863081,0.1143356571360176,0.13685696883956,,,,,,,,,,,,,,,,,,,,,,,,,w2
-0.0417979670798417,0.0521520328609821,-0.1231577272479911,-0.0075785680011144,-0.1808499704730859,0.1389749932144334,0.0171222216066851,-0.0099516234828749,-0.1303106192958121,0.086246112110309,-0.1914280871410177,-0.1832423975744939,0.0548208910189197,0.128209733181691,0.0023311896332293,-0.0918378239451932,0.1996595722184323,0.0891892728217168,0.0757836590872529,-0.049473735445911,0.1956002701043944,-0.1005113411611445,0.1872025667377037,0.1744491840893775,-0.0943875553018118,0.1137124350290728,,,,,,,,,,,,,,,,,,,,,,,,,w2
0.0337332869077655,0.1210797701301807,0.010473320110796,0.0361347434856095,0.0211226662694521,0.2194382667497397,0.0241685898920898,0.0323560510560473,-0.0080217127065354,0.029742832828943,0.1040313951991866,-0.0181774747673875,0.027006121535359,0.0426151351800756,-0.002051869940293,-0.1781658984585473,-0.0264473844923578,-0.4502227965958684,0.004525522143167,-0.0041730019910126,-0.0438058312729038,0.0678911983253315,-0.0108541368328149,-0.0281479648045939,0.0039751185016707,0.0379914105439916,,,,,,,,,,,,,,,,,,,,,,,,,w2
0.0545761649694335,-0.0090484045599093,-0.0435051127334478,0.0418371418871017,0.0128602044150506,-0.0965843824938257,0.0523980405197407,0.0599531663809326,0.0457011134826369,-0.0531885673879493,-0.0463896345892084,-0.047386115882973,0.1442656853550369,-0.2430678075504553,0.0132888059286801,0.0865475669556092,0.0395412744169764,0.0060928705797948,0.0550122935292292,0.0587898514371479,-0.1938797944011131,-0.024178371909704,0.0420382883657452,0.1163084977184881,-0.1016960061097515,0.0386725448592912,,,,,,,,,,,,,,,,,,,,,,,,,w2
-0.0359755127393545,0.0226959984803209,-0.0576465054588242,0.2551282201569528,-0.0173953920546203,-0.0472006599511943,0.2055070573335514,0.0624848352613912,-0.0357640427628032,-0.0518847880891986,-0.0099807366261999,0.0172851699141756,-0.1265177299166525,-0.1183171345846801,0.1018344181591095,-0.0639969313118636,0.0671811551098387,-0.0136075610850126,-0.1323978674297709,0.0187447987007896,-0.1143898762995444,-0.0765608085070815,-0.0025461064082368,0.0352942440961064,0.0316032741580047,-0.049501446519223,,,,,,,,,,,,,,,,,,,,,,,,,w2
-0.0114720490785883,-0.0744981299794924,-0.0257099192511678,-0.0575915741485703,0.0995829323700738,-0.1527657197379942,-0.076991155094569,-0.0663405548920837,0.1097087603095023,0.0037969714938306,-0.1279033254401474,0.1905098838830633,-0.1459604171577335,-0.0465538075055008,-0.0469918150312197,-0.0480040402312094,-0.0288936166901659,-0.0601179106425357,-0.0182818974513695,0.1165619336252492,-0.0815120971000508,0.0305270117673466,0.0639527526041603,0.2196107922312808,-0.1653647421411584,-0.179862667857946,,,,,,,,,,,,,,,,,,,,,,,,,w2
-0.0645325278817606,-0.08472263305236,0.0348969041132663,0.1355482241570843,-0.0234752968273361,-0.0260042918738825,0.0120926750785646,0.0081116350386069,0.0686542849859967,0.0564681079848127,-0.0102229199512549,-0.0412031451859245,0.0668524316228374,0.0713785548042146,-0.1439212319439533,-0.0324853916698752,0.0219373650634153,0.0531464372091276,0.0049992889401471,-0.021027549347192,-0.0450206417383954,0.0609435208871904,0.0506304928619317,-0.0110910257635199,-0.0332271426387268,0.0231388935541812,,,,,,,,,,,,,,,,,,,,,,,,,w2
-0.0859451195675246,0.0847734029678554,-0.0925192772537084,0.2298184667043214,-0.0108827797666335,-0.0486901859298504,0.1250804727577974,-0.0610671222805019,0.0560783188078908,0.0365563886672129,0.0537004197526018,-0.0787958663731357,-0.2806544280711964,0.0196050843845527,-0.3399587356351841,0.0366538337504809,0.0452415342165879,0.0419995573136047,-0.0023845788638025,-0.0141173790940738,0.1138481460480531,0.2004208211293513,0.0882897806765456,0.0057909989494915,-0.0189216609047058,0.0382502952110605,,,,,,,,,,,,,,,,,,,,,,,,,w2
0.0534090037068715,0.048970139376827,-0.013629222884633,-0.0895388212225717,-0.010108423183113,0.0723613680554452,-0.051485258699077,0.0498579050254219,-0.0382807570292637,-0.0378845024039402,0.0039110218527163,-0.0271631115523653,-0.5011856212127263,0.0346237427915406,0.1317945938838883,0.0700811978133538,0.0180982051018389,0.0215563246381632,-0.0352855354034647,-0.0325627943650498,0.0044482821041016,0.0891169087831207,0.0155415638480034,-0.1112142011010977,0.1753141780763804,-0.0654639247891045,,,,,,,,,,,,,,,,,,,,,,,,,w2
0.0185216822389587,-0.020252307895328,-0.0531212367011479,0.1457628536102301,0.0208745897465767,-0.0885288025891051,-0.1049131582827686,-0.0125735009119987,0.0125830607006204,-0.0873216146990205,-0.0832400686709494,-0.0696371448927529,-0.0376031904684366,0.5423423376479011,0.0141530175597748,0.0539037269263628,0.019448912674836,-0.019279277426126,-0.0659773072537501,0.0501021060921251,-0.2115026929008553,0.0062120259629105,0.0084124445512318,0.0514043244325586,-0.1158493463283236,0.0265475489637529,,,,,,,,,,,,,,,,,,,,,,,,,w2
0.0574978554524202,-0.0377404628748596,-0.0479765109408058,0.2764042020267943,0.0494333259119973,0.0632277238833541,-0.0267208783263055,0.0612670749873378,0.0519081873254434,-0.0027327006861222,-0.1071275281877104,-0.1266427824180523,0.1281518895573353,0.0929300899867114,0.0302063507533409,-0.005728727250875,0.0711340159426607,-0.0612752452888758,0.1064250201187575,-0.1102166101122804,0.1167723635368549,-0.1750788387755458,0.0710620488346903,-0.0323679717212999,-0.0629214837693667,-0.1125132775745026,,,,,,,,,,,,,,,,,,,,,,,,,w2
-0.0740739020532966,0.0029702737913133,0.1944119509230151,-0.0317792151318257,-0.117297539055986,-0.0096238292178018,0.1257315039103651,-0.0501846247537834,-0.0473131698635046,-0.1997766045877599,-0.058204117921974,-0.0688025151144684,0.1078648002710855,-0.1501429459935835,-0.2238392308063936,0.0392934961837019,0.198851481044965,0.1093704757071749,-0.0641273451143299,-0.1225760379133591,-0.0050749445527105,0.0679441574190067,-0.0492735498632207,-0.1671590699569097,0.0968010483461383,-0.0190764715988352,,,,,,,,,,,,,,,,,,,,,,,,,w2
0.0026770045448177,-0.1135621937435072,0.0920169929582149,-0.0394572461980338,0.5650091678038681,-0.0902589197486249,-0.1632571958194614,-0.0299967345616534,-0.0286196895693831,-0.0233969309029992,-0.1393858023926877,0.0601820543946446,0.0294280764066425,0.0036780960934936,0.004370371343634,-0.0344553730697726,-0.0251575567692116,0.0084543754360148,-0.0223342708849485,-0.0263040442703229,0.0004651939783065,-0.076644927706602,-0.0191217972214442,0.0086082900310593,0.0148081636461753,-0.0577968515996531,,,,,,,,,,,,,,,,,,,,,,,,,w2
-0.0481918730746161,0.0283344499802939,-0.0073018480027789,0.0813158986447614,0.0532717338783911,0.0600988997695848,-0.002910808150016,0.0055852494257681,0.0684397179718235,0.0480936355422142,0.0097136673172395,0.0374146011007173,0.0422303562696942,0.0163295957575025,-0.0259440334274419,0.0262741110523926,-0.0479658332419018,-0.0378073400732016,0.0642731608874449,-0.0022101669249498,-0.0084934539967723,-0.2306579096200953,-0.0427815481002358,0.2454484970810947,-0.3651691325338672,0.1185092511964696,,,,,,,,,,,,,,,,,,,,,,,,,w2
-0.0813387315413185,-0.0062486525534111,-0.1017681947005588,0.0934617349833363,0.0055092166262055,0.1105680217213426,-0.0791236038664651,-0.1681442412815777,0.0068337964159581,-0.0664746720577363,-0.0703993585141882,-0.0478164314458798,-0.1549129240122124,-0.0235822558584102,-0.0387665550705078,-0.1794907588222757,0.0194524742614884,0.1721143032374142,-0.0779361559657071,0.0261813873828235,0.3444184045060988,-0.0120999392910168,0.0729400370417947,0.0902573300210003,-0.1298342973444352,0.059556316703867,,,,,,,,,,,,,,,,,,,,,,,,,w2
-0.0411000162500297,-0.2118317480491531,-0.0245644268458868,-0.0228038064909858,0.0027505137569464,-0.021719846057205,0.0624485120626575,-0.0057359645328849,-0.1029844852095513,-0.0898064484927733,-0.0276358643617936,-0.0351726627817113,-0.0090013879020563,-0.0876040005310426,-0.0399210579995705,0.0257539861742211,-0.0211174196100607,-0.0170068275220698,0.4979240239353857,0.0536224750363224,-0.0546284520757661,0.0524080002290574,-0.035777529989986,0.0717997472336441,-0.0933266504818177,-0.0015689433979377,,,,,,,,,,,,,,,,,,,,,,,,,w2
-0.008809555060888,-0.0172768788615517,0.0139357943289365,0.092867787678699,-0.0043113478183114,-0.0298506616429782,-0.1026101633966796,-0.0294116262478951,0.0143570412387741,0.0212316148085952,-0.1179331573022127,0.056887153023516,-0.0035527692670759,-0.0376757696937987,-0.0052588625227429,0.0657070107222157,-0.1157745798470764,0.0127422685437914,0.0532328711858983,0.0605285042818158,0.0041241177702091,-0.2686359109321131,-0.0773556915573775,0.2295940329515874,0.1729702944721514,0.1265387078639805,,,,,,,,,,,,,,,,,,,,,,,,,w2
-0.0787833790852682,0.1065096299771793,-0.0837201387880096,-0.1518299778480018,0.0958503941522081,0.0956866943676861,0.083295037524759,0.0424054300324963,-0.0045909816725635,-0.0522524436513946,-0.0034951768382448,-0.1208785444635324,-0.1017359911703266,0.0672228726053062,0.4927920836087226,-0.0245332666870521,-0.3789707111821556,0.1268109935123547,-0.0796261168364201,-0.1017612205413014,-0.0524610990428008,0.0139887622073656,-0.0724747959179487,0.1016434839881721,0.0490510870017476,0.0239749308020574,,,,,,,,,,,,,,,,,,,,,,,,,w2
0.0274423014885944,0.0691212062755532,0.2221482893591144,0.0205697084567857,-0.1463826126080289,0.0123130994544593,-0.2130450265385556,0.0437253658506143,-0.1160551273385114,-0.0989493397862097,0.4354481665834474,-0.0434064230363497,0.0077218347354831,0.0319597593706711,0.0009472599606815,-0.057275072959224,-0.0225156121077869,0.0771080487855246,-0.002573814633639,0.0284003110391172,0.0024956944957986,-0.1175990112421783,-0.0999897157248519,-0.1040374565764302,0.1297901713313331,0.0862805316372111,,,,,,,,,,,,,,,,,,,,,,,,,w2
0.6643656206303115,-0.0624521156630063,0.0485526782849842,-0.0132088863604843,-0.0559550216080722,-0.080183394656024,-0.1159243912012611,-0.0326590096153724,-0.0226477782728825,-0.0443103731685877,-0.0722781255918604,-0.0170604154126306,-0.0313042010798597,-0.0144379987582057,0.0077252405654707,0.0304792028192766,-0.0030319210894971,-0.0767096878735646,0.0042118923198192,0.006792758746341,0.0312585533478838,-0.0243599335803207,-0.02482855308301,0.0070991878805657,0.0084066894561026,-0.0110091969015005,,,,,,,,,,,,,,,,,,,,,,,,,w2
-0.1611099101024359,0.0590647432922151,0.0302632111031889,-0.242195639068597,-0.033461425482108,-0.1083013176202638,0.0514136033152058,0.035621040767825,0.1090755457434508,0.0153360639510096,0.1054989115820576,-0.0837158455987183,-0.057974455383619,0.0154190794756079,0.0741998795645974,0.2154991463609472,0.1394639588430137,-0.2368520906829909,-0.0044714039526928,0.0509525799710584,0.1404628102219554,0.070824907426373,0.0520272058175751,0.1459276500436598,0.0081314739175399,0.080617176098425,,,,,,,,,,,,,,,,,,,,,,,,,w2
0.0415516108239974,0.176209501815655,-0.1606037163927815,-0.2084273491135206,-0.1468709835271229,-0.0002014473146347,-0.0803813460664403,-0.0590303002885164,-0.1376864626857232,-0.0242082091993536,-0.157546491261473,0.0745717220179254,-0.1821658843381461,-0.0443063907571471,0.1669791155384031,-0.0665973268119069,-0.2043663679050897,-0.012140339463492,0.0714418541607434,-0.0651770627296646,0.0169094175710722,0.0662837559261514,-0.1856348441271843,0.170523031946133,0.1270366631163635,-0.0077467626739316,,,,,,,,,,,,,,,,,,,,,,,,,w2
0.0214923433316334,-0.496837512507794,-0.0700203100289273,0.0713143024968538,0.1037924171399574,0.0612389217122412,0.1465569762387066,0.0400664356899124,0.0071388789392251,0.0129354497132769,0.0401076491164473,0.0249841607873659,0.0237645372732236,-0.0364421188420158,0.0418015097282591,-0.0116443248990583,0.0112460706398422,0.0494281088590752,-0.0337069458074821,0.0089441063052951,-0.0397067969436281,0.0213248331974964,0.0101255714833963,0.0111368778013849,-0.0033893037071158,0.0012961755880714,,,,,,,,,,,,,,,,,,,,,,,,,w2
-0.0200216444399541,-0.0274610510353991,0.1169907989196435,-0.2769196837591325,-0.0836909192856846,0.0217316138096302,0.3491949324924123,-0.0754709473450291,-0.0240882958291798,-0.0005690680646279,-0.0713307786566029,-0.011293547260968,0.0605067685667415,0.1304779251781831,-0.0572764828148082,0.0569115745979832,-0.0981015813921224,0.0019299214728995,-0.0034252227887091,-0.0252911692480804,0.1124957484167204,0.0062921643807433,-0.0186546486839835,-0.0131786487542248,0.0266930741536315,0.0913063614888731,,,,,,,,,,,,,,,,,,,,,,,,,w2
0.026439057682176,0.0327205293053891,0.0172942035234443,-0.0092130564653073,0.1337189299483885,-0.3982902836811497,-0.007619711487737,0.0360741006117132,0.025103451757617,0.0114130954741928,-0.0036274218258864,0.054295475760507,0.0774488978395559,-0.0185517831158122,0.0481379919602917,-0.242058726333583,-0.000601373548792,0.23467045236605,0.0424405235040684,0.0113126182962932,-0.0603391747025482,0.0966250153505038,-0.00808539550431,0.0095968042076408,-0.0054522361661497,-0.0025039545745981,,,,,,,,,,,,,,,,,,,,,,,,,w2
0.1038582668524962,0.0964999970945415,-0.0616220716568681,0.1594716225455727,0.1955052819633375,-0.0141904532794612,0.1914575463528006,0.1084690480317678,-0.1670629043755315,0.2041417078653613,0.0198540943269489,-0.2602818033722689,-0.0833209732909088,-0.0239860567622409,-0.0646120095538174,0.1674690288177018,0.0213829208185784,-0.0956121311126965,0.0680844591766298,0.0957981532418144,0.02957858003519,0.0026730930080495,-0.0509252732795983,-0.209489220814671,-0.1157655120773622,0.1656476912091202,,,,,,,,,,,,,,,,,,,,,,,,,w2
-0.0529093202618138,-0.1687869765446572,-0.0437528726129439,0.0030609015251295,0.0177171332015035,-0.0023972795623663,0.0124211855358184,0.0226635921494641,-0.0049569302276528,0.1120714022699313,0.1770148840730347,0.0972470543835097,-0.0772018741243815,-0.0227406120178245,0.0925858135235856,0.0492303684165002,-0.000153222408926,-0.0704538539645024,0.0152253356957598,0.0762891456778216,-0.0267650025254127,0.0566470171735704,0.1317159269636523,-0.0113525947797943,-0.1561180328955371,-0.0715114523093325,,,,,,,,,,,,,,,,,,,,,,,,,w2
0.0001581621807255,-0.0001283338837017,1.2887624276053735e-05,-0.0001650067100033,2.8236491251703808e-05,-6.098470171284731e-05,3.325382715386601e-05,0.0001137860500156,0.000144393884977,-0.0001123210266323,7.31633453732981e-05,5.219247132005476e-05,0.0001374994964024,-1.7662541380866692e-05,3.1069240736796176e-05,4.02065610179113e-05,3.699994916690392e-05,-7.62117680596929e-05,-6.691100824861506e-05,9.891623425872484e-05,0.0001644965713366,-6.614965202776168e-05,0.0001568158085135,8.923541972175848e-05,1.6683001101310862e-05,-8.86614416044667e-06,,,,,,,,,,,,,,,,,,,,,,,,,b2
