0,1,2,3,4,5,6,7,8,9,10,11,12,13,14,15,16,17,18,19,20,21,22,23,24,25,26,27,28,29,30,31,32,33,34,35,36,37,38,39,40,41,42,43,44,45,46,47,48,49,50,51,52,53,54,55,56,57,58,59,60,61,62,63,camada
-0.0552090672214308,0.1410219748262196,0.1773081898325133,-0.0349405274004444,0.1133384028234724,0.0392988695524225,0.089969725298317,0.1528795037803864,-0.0783878497026778,0.1510358821533751,0.0790620786799864,-0.1023828725395037,0.1144446287092505,-0.1340153896493111,-0.0676408030650927,-0.1358951954840697,-0.0072259557717936,0.1607384338368466,0.1515014842283946,0.0681218173868456,0.0085580197711639,0.0775208947215589,0.1745703262120816,-0.1781452339827443,-0.0181724171484821,-0.1706921654683969,-0.1342145580787996,-0.1796725572337077,0.0690660285688961,0.0726114045026112,-0.1083408046441736,0.1390541666188899,-0.0315206248265193,-0.1713715881568969,0.018744095376936,-0.1725505469694866,-0.0127977918883651,-0.0041162784807577,-0.1531718151080468,0.1249597108014118,-0.0435138017767031,0.1219488149235234,-0.1186143063850532,0.0171295432723805,-0.1335859152434703,-0.1660107645660776,0.0078220182074136,-0.0335855818534787,0.1256889138251926,-0.0148521640187652,-0.1250624556088143,0.1426014866867975,-0.0471657452468663,-0.0024880099338187,-0.1168889234893604,0.1056837624048957,-0.0713204697902176,-0.0490399713435068,0.131335756707921,0.0331980865493727,-0.1089094398539393,0.1559052766789871,-0.1412128241143281,0.0399748477638216,w1
0.0470213786263205,0.1495707991809301,-0.1319073753609614,-0.1535177035906617,0.0519425099042343,0.016122539242678,-0.0152509916964971,0.1613860085569298,0.0298598337802593,0.0164838133278882,0.1540654693031622,-0.1535447657898998,0.0058825832992006,0.1537143656784273,0.030338944259873,-0.0628983089483641,-0.1298678926946751,-0.0676510850323791,-0.0372682486535329,0.1228620293903338,0.0147952195037842,0.0904871044376573,-0.0913813018535012,0.1249664658179781,-0.1528084936399714,-0.0234173783396852,-0.0517696223264349,0.0927279884029571,0.0862787852574685,-0.1404608009789586,-0.0858513916261784,-0.0016689916105813,0.0988583180749069,-0.1220745159845656,0.0835098730582206,0.1443218369099403,-0.0788178085933743,-0.0575989133644401,-0.1305983102048985,-0.0994284452014528,-0.0976287421276814,0.0323061839980264,-0.0969541494162341,-0.1223604793545687,-0.0349161616350618,-0.1058677154111507,-0.1582480786739632,-0.128845093252426,-0.0118277175889601,-0.0187360598702056,0.1633604285803582,-0.154895245001074,0.0629967348497614,0.0043666537138193,0.1064390912607487,0.0069982187446359,-0.1127901428122495,-0.1510389580320555,-0.0887011308403615,-0.1243151572206989,0.0646685830493083,0.1583062469478986,-0.0221723877801525,0.0532574243655079,w1
-0.0007608154060456,-0.1300799642801383,-0.1290220249493364,0.0287314896475435,-0.0410611074866094,-0.082305583099162,0.0065192557009519,-0.1616720486814481,0.1429817017884064,0.1180763119275578,0.0391936724245458,0.1278013249044853,0.0870664600834576,-0.1093008002312771,-0.0896340044864053,-0.0790424649453343,0.1469324083937472,-0.1578106093931774,-0.1529390589034698,-0.1483544507432179,-0.1192774894228176,-0.1632419540776608,-0.0528398732143432,-0.0895509121436151,-0.0164734267438377,-0.0671633613622549,0.1156889614267529,-0.0714661612508685,-0.0769695001880399,-0.1666029272846564,-0.1363177394517546,0.0443711626329245,-0.1269987895556616,-0.1559190910711257,-0.0221116097099549,-0.0437958462411262,0.0824019496842543,-0.0108313899738904,-0.0751663478584585,0.0120035311161748,-0.0763035977192196,-0.0845013773761038,-0.1546232755978786,0.0209960568929976,0.0161916809991481,0.0095653159079516,-0.171724662982052,0.0597513987804967,-0.0356753092796806,-0.1137499071820719,-0.1250095980447522,-0.1564723828406279,-0.1177122685322424,-0.1373974758126692,0.0012164682012019,-0.1098349721900075,0.0180251930644513,-0.0897048920732044,0.0496390497343562,0.0213412826206122,-0.131898010732101,0.025627271666179,-0.1238707599390159,-0.1787676510396881,w1
0.0147524596467408,-0.0042234302053015,-0.028695334147518,-0.1337729914347349,0.1452106519131754,0.1569194708695008,0.150388771696609,0.1667654432444252,0.0618875078350502,0.1749114541540642,0.1252478618197547,0.026571915344035,-0.0849973541551489,-0.0775769697033379,-0.0985302846599028,-0.0123067845593779,-0.0567435458565642,0.0785093199580998,0.00821372598265,-0.0497655166196135,-0.0606019215148041,-0.171064004803728,0.1203696682942983,0.036923845706405,0.0179380625682267,0.1380640756912693,0.1013039937267236,0.1536213785413795,-0.050487100914453,0.1542789909649733,-0.036433388225818,-0.0633854866300868,0.1140528984642473,0.1630274219233122,0.0399218695643987,-0.1513260106532479,0.0282651922547868,0.1275634077941907,0.0933612189380016,0.1513312130961709,-0.054335139922272,0.0924696758924083,-0.0195791169531321,-0.1534058569775685,-0.0958226075765493,0.1119517176312116,0.0038105814493345,0.139009005871991,-0.1665657681006597,0.0313023555890018,-0.0410268242317851,0.1120968822810394,0.0691843556617931,0.0006017880614313,-0.1570605452240663,-0.1464141946210843,0.092979125413648,0.0343401032565632,-0.1601800561707879,0.1349305901528117,-0.0905417317078904,0.1706970528981087,0.0149372070172172,-0.133479702687558,w1
-0.0698034695429736,0.0513540641405662,0.0903041054917239,-0.0653190638158643,-0.0718146038336177,-0.174978751930589,-0.1503195742392309,0.0196474716428563,0.133191864559094,-0.0298502629564267,-0.0032281331249376,0.0223188791466794,-0.0900752950063411,0.07568115690434,0.009460407733084,-0.0682097490381588,0.1303759553245808,0.0732753609026124,0.0493168038572077,-0.1153404125851808,0.1309175595483304,-0.0664668930677147,-0.0013171493697096,-0.108853062602168,-0.0487676684869172,0.0248830507185711,0.0427101225406349,-0.0321401950148253,0.1448451348241015,0.0820167443058822,0.0141113913947175,0.1357757032780217,0.1113885897809182,-0.0693691512612849,-0.1441369868744249,0.0074299559838575,0.1415218307429191,-0.0384246150200033,-0.1676458954781042,-0.0304268518547408,0.1327517709708091,0.1697754722978065,0.1544026269873382,0.0120340785944438,-0.0453633269460633,-0.0800744329137888,-0.0574874805546314,0.1688566827068666,-0.1694977187095449,-0.163858114961356,-0.1764207230841392,0.0758535833473165,0.0704828212578447,-0.0462344813636771,0.1499904024307489,0.049429921492433,-0.0008522579581874,-0.118663623535734,-0.0986295951336654,-0.0175568593498405,-0.0247239872337935,0.1646437236991813,-0.0281624510827052,0.1579274596250649,w1
-0.1514150832959246,-0.1179037424544118,-0.1570754843100879,0.109759173080523,-0.1672333153235874,0.1566012872450698,-0.1260848642553297,-0.1252566395301638,-0.0122964070538643,0.1080133789649592,-0.1743452772602836,-0.1541175927105203,0.0867753883501567,0.0831115865479238,-0.0564764758334161,0.1693994348937813,-0.1022317893818417,0.0195117119641436,0.060921634638685,-0.0192810758891839,0.068056043472435,-0.1049039828122979,-0.1503620721892674,-0.1120826606078257,-0.0816901800389658,0.0258197961422139,-0.0899549749177784,-0.1690605667425904,-0.1542467277709488,-0.0457726204547562,0.0196041015804034,-0.1777887023265071,0.0233426183360278,-0.1154918283010506,-0.1165056090821655,0.126835182099255,0.1220987198335769,0.1479227447628762,-0.0984695372923491,-0.0812273069147035,-0.096812784425228,0.0166317225146252,-0.1641196012727639,-0.0953553305071693,0.1736822047325001,-0.0774147663907078,0.054709452921317,0.1443887833405717,-0.0845789257174987,-0.0616662143942948,0.0441329674966112,-0.1678944680796825,-0.1182468080286323,0.0163219451130261,0.025312576908423,-0.158381206095183,-0.0208646680124519,-0.0124526956142678,-0.161230882602751,-0.0261116744612628,-0.1364589287578816,0.0850967098308699,-0.0530448241439751,0.1271033646525489,w1
-0.0439854938268889,-0.148901263311439,0.1794326478270562,0.1100792872622353,0.1365123780833862,-0.1162709517627911,-0.0970522925752736,0.1798899608880731,0.1203526423314309,0.0063468962940202,0.1697134696665694,-0.1249581588923797,0.0705048762652741,0.0740565415298186,0.1387792064382369,-0.024413061727679,0.0034522819676561,-0.1757869243482469,-0.1568364981563398,0.00567955575392,0.0709163531470114,0.157209070441632,-0.1737048270881543,0.0152528412473243,-0.1498817734796754,-0.0184107966195767,0.0131794697059462,-0.0425096009515602,0.0211316830377407,-0.0778389229635703,-0.0801332360441321,-0.033207077674391,-0.1641327134680659,0.0857556105952563,0.0855501935641613,-0.010407010690594,-0.042784913013185,-0.000763882607074,-0.058756526404795,-0.1724911687705472,-0.0357462387801779,-0.1747347316547658,0.0011725311660838,-0.1687809156374197,0.0940004035263558,0.0325154689198081,0.0298076172860889,-0.0334303447864973,0.0733018199397338,-0.0373477837588448,0.0601519154196388,0.139257403875382,-0.1663408474404267,-0.0007325964086137,0.1678302721091012,0.0523136914430866,-0.0146312875447986,0.037031431688604,-0.1164412139985776,-0.1227332474273959,0.0720814105937083,0.0823957450186148,0.1443279950555653,0.0982652321310857,w1
0.1755738271818522,-0.1458173355146197,-0.0687485179972501,-0.1022806659277366,-0.0479327117980548,-0.0358138609374251,-0.1464819052549623,-0.0756898066840269,-0.0266258819462559,0.1018330448763905,-0.1461355281718186,-0.0100407378587272,0.172781381785722,-0.0992630232448753,-0.172560366563711,0.038343762228724,0.0447592382630959,0.0819463573397914,0.172235803407876,0.0848042403703955,0.1517525962288017,-0.1534487147146048,0.0617422887909685,0.0458821590318412,0.1488851506087385,-0.0226070579555358,0.0543363094772853,0.1159536609306943,0.1635597561570831,-0.1694260174971358,0.1724148256070322,0.0520788100065918,-0.0854750938118258,0.0875192966079783,-0.1374497322157222,0.0192584780858953,-0.033294627443402,0.0765775565161001,0.0227941930224314,-0.1209412685989478,-0.07924691820408,-0.1464112286521249,0.0508310309862687,0.1525451278862597,0.174668851644047,-0.1620292398129657,0.1130860514042893,0.1010809473625252,0.1763454315583057,0.0505844704519477,-0.0544385327178147,-0.1375087689769618,-0.0760040397054602,0.1044797001377026,-0.1351670207833906,-0.1643097788512983,0.178429887432077,-0.0395408644650388,-0.1613874777899415,0.1017979325790404,0.008983227217691,-0.1356963489252652,0.0495301204002306,0.0965178443203344,w1
0.007909501708293,-0.048356488795039,0.0307317331585557,0.0793905256541687,-0.0018507065564015,0.1037319670167826,0.1070237425775711,-0.1784707518489949,-0.0656248549754008,0.100396490863402,0.0662637526851654,0.0966856794843934,0.0669594409583692,0.0660173527756853,0.1781393978190602,-0.0727847932195088,-0.0979849434298452,-0.1115551908380597,0.0010040254297624,0.1633869826137035,-0.1691345768128958,-0.1232797171360031,-0.0661991975727739,0.1135025070020273,0.1595079288302051,0.0452140326560495,-0.1560759914054614,-0.0646534282773327,-0.0438132403541138,-0.1637700333644565,0.0500736035341587,0.0781798756947662,-0.1620020525219406,0.1478792733633166,0.0918821787306695,0.0389985714170292,0.1416535285197121,-0.1085467070677781,0.134957671844299,-0.06606575476191,-0.169838277058066,0.0616974224352772,-0.034775021715721,-0.0314348099577633,-0.0374434377203638,0.0451270896157695,-0.1545944964182231,0.0839614950873099,0.1214749221031578,0.0639561246710381,-0.0103503385773032,-0.0508243313975097,-0.0310207499930937,0.1739294027769266,0.1739145234707045,0.0816711101209149,0.0959784057141573,0.1320277269299195,-0.1362591694060108,-0.0778647310531392,0.0148043098964909,-0.1699666820257544,-0.0712550128025147,-0.0381688462705824,w1
0.1805360210947691,-0.0065633639054475,0.1412808352366795,-0.1678237256835572,-0.1102953449384403,-0.1201034512806989,0.0209351904206119,0.1413296504512378,0.1331442822635134,0.0117864859980575,0.0915976372576081,0.1595450272874432,-0.1622155616456778,0.1103583262245969,-0.0148161171526899,0.0835558255167787,-0.134901298103735,0.027514299656916,-0.0249006504938762,0.0982034662213896,-0.0630305735326722,0.0500193460685002,0.0408822609215022,0.0934213474238792,-0.071566476047572,-0.13082009520024,0.043117834654218,-0.1214263478044008,-0.0192778668185974,-0.1667023324527363,0.1174145049540587,-0.0013526097731147,0.0393547611105522,-0.1249439600653703,-0.0688922820094569,-0.0850729089973502,-0.1489727983282538,-0.1036132479467345,0.1158249104924085,0.1491953541284486,-0.0804140145910597,-0.0983492997533203,0.148035968504898,-0.144904459283558,0.0351429244598988,0.1192517403978461,0.1294200493027158,0.0160656288141335,-0.1228196833879623,0.0666020135125173,-0.0546039623527486,-0.1690343335294249,-0.1569160064356928,-0.0616694526386826,-0.1479818126315674,0.1699246343635752,-0.0348315025002907,-0.1411135374188309,0.1689629707104401,0.0083124913748076,0.1787274056818132,-0.1596098705065279,0.1088595591246493,-0.0916697132946728,w1
-0.1758918932459656,0.1314841548010055,0.0358596333739682,0.1347936064220749,0.1168240391581071,0.0506441426252277,0.0493990807750193,-0.0627840668304818,-0.0305195479277601,0.0506720788181519,-0.058258843875834,-0.0035264220586292,0.0946904735957304,0.1240281958893163,0.1058650155602733,-0.1739022692213794,0.1711630770009157,0.0251140562690884,0.1716357427793366,-0.0609554823025224,-0.0731396288110746,0.0832780224217006,0.1618008920925946,-0.1329714546678539,0.1752697764476641,-0.1043514093835356,-0.1118790792714227,0.0862665140773827,0.1439262106687664,0.0312616496451013,-0.0755340441204941,0.0301238694502599,-0.0862304766229228,-0.1417216299569877,0.1079471792170517,0.0441986237982086,-0.0692119396665212,-0.1413057638068887,0.0154977998755589,0.1685843887772482,0.165735565916649,0.1445801999673632,0.0044260729956925,-0.0146245254182937,-0.1750325814608855,0.0150288541376167,-0.0636755897435436,0.0399129155581952,0.1292432928075067,-0.041150826208839,0.0328984253333082,-0.1497795303443706,-0.1414408626090274,-0.1427869027459422,0.1037410168595388,-0.0641581763293235,0.0552980460453328,0.0723431552564846,0.1766668239304378,0.1369528786364965,0.1795623826992867,0.0442118196393192,-0.0132775130426597,0.1060582044136255,w1
-0.0917566712298033,-0.135133966780388,0.1713433543936205,-0.1255298436358898,-0.0640578123908023,-0.0467248576368057,0.0178262524055176,0.0920262676911301,-0.0444555807672904,0.0746037679361183,0.025339472981827,0.1224392543717236,-0.1725896674264267,-0.0159910933872679,-0.1391921434933606,-0.1555416425824326,0.1579953597749512,0.0916164697120517,-0.0813344414329839,-0.1489542111525704,0.1630890503377426,0.1581871906883302,-0.1208346348865538,0.1164706335727336,0.1490801621404805,0.0309140541171811,-0.0414226320057442,0.1074090754110722,-0.0516945860138083,-0.1778776073648381,0.0437142941847363,0.1212367809461243,0.1607624890771267,0.0762168788051426,0.0158151113411212,-0.1771472015596012,-0.0819739813395919,-0.0237116879356423,0.1690303960665211,-0.1339084521205098,-0.1669119614526736,-0.1033151441099938,-0.0295249367584832,0.0648742324709499,-0.0834119151371117,-0.0262062765561162,-0.0645495816858281,0.1001551121408128,0.1761244235409148,0.1353467803769527,-0.0663788009143204,-0.1694233985978499,0.0590353293886299,0.160095526936462,-0.1493956424174859,-0.0688738652068795,0.1733374883222815,-0.1685079264511242,0.1106292882270906,-0.0833443131998363,0.0322577366616361,0.0673933786386619,0.0352576240773684,0.059601668306977,w1
-0.1623294014917029,-0.0234184148126171,-0.0371239863611132,0.0866947725642351,0.1668523464066332,-0.1381121752183796,-0.1211232242463379,-0.1253984053498435,0.1771785898310669,0.1273613010984341,0.0265193005622475,0.002411173328575,-0.0204486517485248,-0.1131357138166191,-0.1612236252877575,-0.0988405839948348,0.0158338107144107,-0.0985040156964343,0.0348924512629816,0.1731286352167957,-0.083981951400056,0.1074320129024183,-0.0762257398503229,-0.1133600682960492,-0.0349606017764363,0.0009731920322621,0.0087676634798961,-0.1733100521154924,0.0044148548919446,0.0253324426356599,0.1491289213053407,-0.1559380918641797,0.0542468977095214,-0.0157259222945853,0.1648158992923302,-0.1123926243082699,-0.0664567798675388,0.1666630629353126,-0.1755580296638587,0.1070955424543082,0.0628763994737628,0.0316818364899829,0.0163472800241792,0.070580406708246,0.1045447567619035,-0.1804651697834272,-0.1665689079196768,-0.073819632880593,-0.0934250842786889,-0.1062938645374766,-0.0772304690129243,-0.06708890975071,-0.0999359216627558,-0.0699232011347458,-0.019020791390696,0.0559628856321939,0.1432717296694299,0.1635097473468241,-0.0554770338222475,-0.148150710281373,0.0721952113359424,-0.0042312222283193,0.1709940741277764,0.1069221761914545,w1
-0.0880448711753059,0.1003038228045791,-0.1380093565589143,0.1303807653686487,0.0196839550082043,-0.1131510579282697,0.0820574397101231,-0.1379590150328445,-0.1632408040491816,-0.0171277924016799,-0.0174540875664913,-0.0152401633377691,0.1270988425225672,-0.0326803137586017,0.1322894652020847,-0.0731717982726942,0.0446791278100663,-0.0113973788626833,-0.0322067336638343,-0.0632512159518947,-0.0165202100610397,-0.0772023508197051,0.0193915878654327,0.0440116345178575,-0.0229754188710971,-0.0420872427152648,-0.0815979831959638,0.1173897013010087,0.1622731209999006,-0.0975368755379852,0.1787178076569344,0.1249631996108198,0.0274212666864928,0.0350453588765116,0.120725405336448,-0.0483906528931558,-0.1428743954662329,-0.1720184011782008,-0.0728045984266072,0.1525316569855725,0.1420414273822378,0.036249617977497,-0.1662519607634534,0.0057939281184075,-0.1081810401448776,0.1060243409306243,0.0930174722882757,-0.0320927317627922,0.1544926957194947,-0.0773965498314693,0.089980260121121,-0.0875848202672283,-0.0533001504705117,-0.1461820229153377,0.146195514148055,-0.0190737370260324,-0.1640708692219911,-0.0145611633105117,-0.1656897265207482,-0.0026777210213348,-0.1568005038297575,0.149213034696654,-0.0683363456446554,0.0252698286506372,w1
0.1749767616252086,-0.0820366733997865,0.0938824697594696,-0.1183889484691671,-0.0792308175267273,0.1078582604636626,-0.1564265143763655,-0.1108428291763231,0.1780253059254257,-0.081791084161161,-0.075516832749613,0.0092506283548808,-0.0247263750610292,-0.0159692339303997,0.1387128182846501,0.0345569919774186,0.1016138007414495,-0.0651022777184612,0.1596963613795473,0.155038533258097,-0.0060061012162064,0.1270202185571646,-0.1222939275015652,-0.0695517701540228,-0.0233235447201724,-0.092792236506556,-0.0893695481823344,-0.1154531081074639,-0.0205835039085547,0.1752204714827066,-0.0368434239684365,0.0210715464071876,0.0567460739673419,-0.1604707115477076,-0.0050161444718748,0.0878920261866381,-0.1440243890836099,0.0609082421301613,-0.1573295328283769,-0.0567360827886803,-0.1592544542612432,-0.0847687707052281,0.0991501959825507,0.0370002340920661,-0.1305095224965337,-0.0900277681382348,0.0242754140290207,0.0712898621750035,0.1141858137045702,0.0097349621605548,0.0923817072734786,0.1158968920267363,0.1029013290781284,-0.0014903410424234,0.0963953894328494,0.1772029245044361,-0.0383694273377815,-0.0861760010322253,0.1230979004017773,-0.0695421828112022,-0.0964108811167161,0.0285854742368203,-0.0480094740803585,-0.0579199601060076,w1
0.1550016274829712,-0.0271151779121391,0.0939330940786513,0.148614534882491,0.0941455791546422,-0.0361401456985963,-0.0598330098040457,-0.1468158984890714,-0.0438933937599181,-0.1466652352368335,-0.1232316301411173,-0.0456547743150401,-0.0724946184150024,0.0242246835622048,-0.1096058197633055,-0.0450327788220337,-0.1166468479301841,0.0632798637599989,-0.0217598618592441,-0.0578261577557179,-0.1733814642452347,0.1498877807719193,-0.1706215591498706,0.1000988698703534,-0.1457618251294185,-0.1592299924935489,0.0444076654644456,-0.0960565692408991,-0.1317543338755737,0.1443152790901825,0.0418014439457432,-0.0164422221709695,0.0089133369645787,0.127784888828975,0.123126018089715,-0.0912541658675981,-0.0840055198935647,-0.0124671861378291,0.0453862988464102,0.104821731999777,0.134615152188596,-0.0285531931652601,-0.0576452195384461,-0.1166456546852369,0.1197980396480529,-0.0287714825256359,-0.1564707215895669,0.1052870034471422,0.0923747077346637,0.0234252613871635,-0.0139047665285816,-0.1205632796457486,0.153562865627427,-0.1181157456040811,-0.1211198152323621,-0.0393335110748123,-0.0161001642338831,0.1033429129481186,0.0649963854562462,-0.0433734757926975,-0.0933208876261419,0.0341667143502109,-0.0657935411468979,-0.1345006796165945,w1
-0.0621302815329441,0.1532440669310555,0.0674223347514994,0.062564934746364,-0.1057976500730523,0.1226819289365722,-0.0658623749305666,-0.1198153558029666,0.0678359418044479,-0.0749959207690764,0.0895396628872954,-0.1231073427227626,-0.0877287047205373,0.0660519477468226,-0.086493951858008,-0.0590432226662394,-0.0903041201961581,-0.0786771953420688,-0.1805104149183557,0.0023724921879434,0.0666762753138193,-0.0054471784365997,-0.0429273039967879,-0.059427285998007,-0.067021831220484,0.1103528327190835,0.0019852474664642,0.0486809365386907,-0.1170058775323429,-0.0276676027205922,-0.0355513871630139,0.0502015136198902,0.1158623485055862,0.1690296231215038,-0.0989719982895961,-0.1609841314215252,0.0195063372198843,0.0996479465612637,0.1793181498624906,-0.0930997793222753,0.0782448058971816,-0.0397698979062146,0.0581987126176,0.0375514779160756,-0.0924699350641706,0.033482911641927,0.1772584906864445,0.1226518844391676,0.0605905655672381,-0.1159628529526111,0.0958250754758054,-0.1743163504036068,0.0631535632950558,0.0164804247009806,0.0177721392825017,-0.0201424757612827,-0.044526287418786,0.0574838116811273,-0.1312266262643084,0.1568254104550234,-0.0456462249517803,0.0131424936382346,0.1385948418586107,0.0111492937130102,w1
0.0567953255477605,-0.1351874924492623,-0.0946626695742576,-0.1534281588287455,0.1158943680622545,0.0270196725411891,-0.1135322589559286,0.0347734110002916,-0.1043531289046646,-0.1527152576148337,-0.063790801295355,-0.0946447498953738,0.1530126415357746,-0.1484594127909217,0.0300483375378269,0.1758987855518611,0.1304956340806701,0.1409201775141486,-0.0676134866580857,-0.1498930073533913,-0.0525890812205595,-0.1695045750501827,0.0151855308803553,-0.0140351651007835,-0.1371949111744779,-0.1342114104910602,0.0384041437281518,-0.1122008487471633,-0.0997049347278137,-0.0234297204630022,-0.1167683300218563,-0.1638471190819574,-0.1450397168552857,-0.0055868279345897,0.0955869097634498,0.0478916814574431,0.040398510264022,0.1081060023622761,0.1098197077985053,-0.0465574972096889,-0.1184234716031876,0.0413397806491045,0.1785559697232388,-0.1740054110519023,0.0148030791226578,0.1574896738707142,0.0863889552320069,-0.1525043367559704,-0.1048949025536214,0.0078478620999618,0.09108841233693,-0.0268703094788488,0.120734152580134,0.0036898522287498,-0.0191241951102864,0.0233146937621383,0.0411515380069074,-0.0178442777424734,0.141153190261372,0.0802802817172694,-0.0259079509538905,-0.033879284113778,-0.0591252913840019,0.0845083466982127,w1
0.1173666255511412,-0.0874427859064858,-0.137438632461626,-0.0639425705208649,-0.0623661639267734,0.1167933447431693,0.1427588662331364,-0.1065082789508039,0.0545737456690225,0.063518618600318,0.1556343565313251,-0.1235340692837331,-0.0186786713967624,0.0248193447448449,0.0509168666576814,-0.0699548102272187,0.032387706999183,0.1102442238844034,-0.0456827856702935,0.0846337346886736,0.0944517529639011,0.0411279045466538,-0.0529227793849107,0.169913565124806,-0.0717663691971396,-0.0129861595082875,-0.1102484515131225,0.1445810426831895,-0.1626708749955853,-0.103616705839082,-0.165710913870394,0.1541913847409284,0.0595103385799567,0.0329556027905889,0.108539364755676,-0.101801972572689,0.0702716895878229,0.0516960977512079,0.1279049051263023,-0.0516681125502432,0.0278925615057404,0.1734010963822824,-0.0497568151293287,0.0049456452590141,-0.0006639783190461,-0.0479375406483418,-0.1323889379168893,-0.1630688817761142,-0.176893562235244,-0.1712574099164559,0.1442503122669155,-0.0429095808617092,-0.0745738006253031,0.0756441239488184,-0.0942895551736245,0.0781143621658761,-0.1054230827411008,0.136317950423455,-0.0532898553250631,-0.0065041644452938,0.1721582215971002,0.1271707137833847,-0.1668406604061381,-0.0328593918054835,w1
-0.1745801889209539,-0.1176725433574805,0.106564335103446,-0.0833084664592134,-0.0615729085210303,0.1403963484803665,0.0087157086020633,0.1657003376301064,-0.0899759401801232,0.0645073484432221,-0.0691867632018119,0.0328695117035796,0.0920489108912349,0.1174470360396971,-0.0558238057196626,0.1322330059957566,0.175124790153346,0.0901678123411666,0.0667117887042004,0.1641131973888348,0.1327617954629077,-0.1029454159345583,-0.0129725475582471,0.0413932154194379,0.020907833910178,-0.0051164531915895,0.173719920845011,-0.1543789426679413,0.0352819784940265,-0.0593689664121061,0.159832458311301,0.0949809577002785,-0.1389378481055663,-0.0702770983006181,0.1141576015555872,-0.0256944915366967,-0.1668696179954974,0.0180055989116125,0.0313150913142008,0.0137644482001494,-0.016635129023429,0.0102980787191199,0.1640890604773643,-0.1332408630420908,0.0588576172192826,-0.1280208768704132,-0.165759420167845,0.105710342768536,0.0648765456193051,0.0210585992224093,-0.1635267756303053,-0.0643649121329519,0.1121683769181912,0.1561011127718282,0.1033159590424911,-0.0686402042163509,-0.0606228937290683,-0.1657585498672573,0.0311828361522725,-0.1248888657973022,-0.0121484265498416,-0.0436743134667201,-0.1251578410898088,0.0618078879417047,w1
-0.0487824943546055,-0.1229064591858815,-0.0259174070576015,0.1286705003006669,-0.0812722462171483,0.0334930091551736,-0.0254458908294754,-0.1483598775880798,-0.1287890251577362,-0.0069945094192656,0.1208837720972152,-0.1617155231115849,0.1315066185502872,0.0875154956630646,-0.0453346739282788,-0.1768431270146828,-0.1163700012552293,-0.0979697926462443,-0.0764960919281045,-0.0214481101510058,0.0001657713520038,-0.1803309078334441,0.1599592153639216,0.1138155776842736,0.0565225091145965,-0.0274201119966371,0.0197210343929877,0.0002814887931048,0.0430112686679,-0.0953293542236183,-0.1168751072881805,-0.120926656739087,0.1764276161428957,0.1720034646920771,0.1208471314650636,0.0385218907790526,0.0938325068295676,0.0137576436847855,0.0577455823699958,0.0851823357821514,0.1188469432633707,-0.0382021852389407,0.1672134592615428,-0.0635562039416961,0.0643313843158527,-0.1578601813231256,-0.0250002311203542,-0.0543018930926287,0.0972771759163285,0.1607454488424855,-0.159425532346939,-0.1578246143554222,0.09118279091425,-0.065629848425296,0.1052192148692789,0.1023044521911918,-0.1485984800352958,0.0204911788321444,-0.019672265293016,-0.0651377797010006,-0.0511756798502781,0.0625263649780528,0.0272474224375235,0.058801826289087,w1
0.1195182910937249,0.1070010470010723,-0.1240535685358468,0.1695227095254206,0.0563396188575732,-0.0562147511079885,0.1417732815209534,0.1381526537224603,-0.1233556659144639,0.0473943956349368,-0.1484834943746108,0.0646253002270024,0.0452470094157342,0.0387804864960359,-0.1073168581109622,0.1193778020625787,0.1195817474674209,-0.0685068849412021,-0.0650028951122812,-0.1246244477646536,0.1199682475712168,-0.02929412356731,-0.0253863084287679,0.0722867107710805,0.0762688249329184,-0.0053262992551275,-0.0234030123473219,0.1216092515357672,-0.030711201905681,0.0462517609957097,0.1129714955381738,0.1014262890208238,0.1685850351091467,0.1436374635810659,-0.1723041201935561,-0.1586183586401949,0.1247423950157,-0.1470552204421795,-0.1126445342737981,-0.1009728930894564,0.1693917385448033,0.1566522454927607,0.0905033782841525,0.1375564430464614,-0.1637261958149957,-0.0890260209241013,0.1091476883979329,0.1329642742257961,-0.0131412939520279,0.0796931774276308,0.1491749409669831,-0.179963409959981,-0.1114650876201074,-0.0911078415835617,-0.1104009958427266,-0.1608376145524478,-0.1765561111621921,0.072483422395273,0.0646399292627601,-0.0065488428059204,-0.069628853156686,0.1138873072437067,0.0011176019458111,0.0104217500875578,w1
0.1620275343824499,0.1200099995011354,-0.0895286080925331,0.1026579408331782,0.100326080617807,0.1689147161757599,0.1225697719860301,-0.1657327632258229,0.1199939522927166,-0.090169761331487,-0.1398139306209462,-0.1260267317898037,-0.1418784857931059,-0.0244954546974321,0.0835840864452462,-0.0628855755921447,0.1151874428361217,0.0213767314458457,-0.015324099823487,-0.0912701984726205,0.0871147677993337,-0.0090875068459671,-0.0939130226938171,-0.0926634241877689,-0.0091543326094384,-0.0192495482183678,0.1600185576315111,0.0219804398520373,-0.1148430544402867,0.1231629076692375,-0.0894320967100022,-0.1477429431871515,0.1387965477816863,0.0314502220701417,-0.0721576759885779,0.0036633297335586,-0.0702674683007962,-0.020248700623154,0.1435468380875844,-0.1537235081501013,-0.1209384859586972,0.0609830603027914,-0.1209679808463632,-0.1755772839485725,-0.1557324652086834,0.0541084158714292,0.1100196917065989,-0.0696403515237263,0.1505643320282357,0.1086319476254314,-0.1244919673183941,-0.1226731977214259,-0.0770893364604138,0.0875919128116749,-0.1557156584475758,0.0897261619949198,0.0797963792018282,-0.0878258447225321,-0.0710146437984455,-0.1364976315546091,0.1616853275424844,0.0797124051869202,0.1701800225046345,-0.1651594539523299,w1
-0.0482504909971054,-0.0875337429338469,0.0850270149124439,0.0863275994651636,-0.0692998273311474,0.109457517782234,0.0809627480265131,0.0619388431340045,-0.0012933419515959,0.1636310028064382,-0.0091196913218829,-0.0266530493041344,0.0020406184626424,-0.1703990292497621,0.0438560452094573,-0.0830270050650144,-0.017068858957087,-0.08436744504024,0.1203798095650546,0.0931878328586643,-0.116694881358073,0.0844246540787164,0.0491900842144502,-0.0924350857001603,0.1064001341629167,0.1226185794525007,0.1181882409279563,0.0653151418638599,0.0276610651967442,0.0423946876462675,-0.0331579601789615,-0.052344563635258,-0.0497920740458961,-0.1781382404798224,-0.0273259041872782,0.1289593436952887,-0.0487603354850821,-0.1642367251922774,0.068724247562557,-0.0504973521313,0.0111291192107468,-0.095772808009059,-0.0936983725732035,-0.0696022874204675,0.1091306438058029,-0.1546233682548387,0.0554146606335425,-0.1551945336910968,0.1021143619700483,0.0908431203790314,-0.0769937264388509,0.0823782160256094,0.1085036561425085,0.0416460974091323,-0.1127073092941245,0.1318335354762526,0.1073263231135764,-0.0300007800925482,-0.1359863156610094,-0.1019997758937897,-0.082396329527815,0.0864162089600587,-0.0250355948842614,0.1720423299413112,w1
0.0178539231000701,0.0064346054665758,0.0632834123746909,0.0206154242838735,0.1258118339346138,0.1440644330320254,0.1276784732445694,-0.0864751683909229,0.0427729488859412,0.002941078473559,0.0383649974292202,0.1543995748953822,-0.1171827801852426,-0.0276790326874595,0.1408169105553594,-0.0337948220186768,0.0722901196287394,0.0935099697276407,0.0534884067805527,0.1307086548006599,0.159624474183815,0.1775722402123918,-0.0592036117016309,0.116972452143795,-0.1485371831501503,-0.0482131093038767,0.1504487184033221,-0.1197374996114991,-0.1060036464629102,-0.0159618630606095,0.0399943023294472,0.0856706852085446,0.1457212225699642,-0.0159246945651994,-0.0200100121328842,-0.1002904022745192,-0.1726444895119624,0.1451545432216402,0.0904726614132678,-0.1170148745614095,0.0564490706752712,0.0131144422744956,0.1281867713664915,-0.0460659784538214,0.1272336309162351,-0.0188463885515052,-0.0113143419882973,-0.0721654485473727,0.0708861993218142,-0.1132337275658494,-0.0943527574965185,-0.0927971135664256,-0.0356755624611222,0.0463889217189155,0.0339512899005541,-0.0192896536211599,-0.1720386941676246,-0.1457479605905142,0.0971418308599023,0.1302746358754472,-0.1201533902884155,-0.0132165204344631,-0.142207460471496,-0.0022356333613366,w1
0.0983752558880653,-0.0660568955908022,0.0605971699058459,-0.0064437824269494,0.1350753916405176,0.1802288717894422,-0.0965305730456864,-0.0703007783432251,-0.1596095152004584,-0.0443737238396014,0.1665383034591841,0.1142039612396717,-0.1462663414442132,-0.0690056380610697,-0.0235558963015282,-0.1757426592775423,0.0543988853173816,-0.1044873722026351,-0.1485208578632361,-0.1582268259633376,0.0103562829056816,0.0818662688680897,-0.0219968766830496,0.1443605242079304,0.0401283714719717,0.0446464783098954,-0.1275295453592738,0.1340645845967298,0.0501743045418916,0.101418131727472,0.1432389677227239,-0.0468650826557208,0.1464610677074878,-0.117238379509593,-0.1208922914283998,0.0458918253571455,-0.1165969466125875,-0.1469818535595748,-0.1292515651404641,0.1559812087111815,0.0849045764927438,0.1054716393164737,0.0368128450794918,-0.1494250222746536,-0.0358520060088872,-0.1392907542681746,-0.1336837567628224,-0.1245274274724168,0.1468901119794836,0.12520626360318,0.1744081826286214,0.0133003636178003,0.1751348692168412,-0.1631924237322096,-0.1477742012815645,0.0629616270680409,-0.075582595490632,-0.0199225797276333,-0.1728644357386658,-0.0482462029920665,-0.1162630745495746,0.04551770722451,0.0305423455571352,-0.1800663365409492,w1
0.022567423148126,-0.1693542810662866,0.1134085717662262,-0.0489536407682544,0.1336891639178441,-0.1657303071430327,0.000830819627344,0.1343130910043291,0.1405892764464913,-0.1369160848162711,-0.0423777002915088,0.1075041717516039,-0.007015694438014,0.0845931242103029,-0.1051192967438435,-0.0173679672918471,-0.1533404925857397,0.0864677532948189,0.0715290995349781,-0.0742701896220882,0.158478874863836,-0.0230195496071909,0.12708923367584,-0.1737383181215229,0.0063323598333691,-0.0317734352142753,0.1199616934826959,-0.1229354302993616,0.0243101389203754,0.1448364143113574,-0.0391340498718938,-0.0637747856075534,-0.056724290480602,-0.0960434906670534,-0.1769620008996129,-0.0202025419483078,0.0720610433610519,-0.0085854823922316,-0.1632552904992221,0.0833493790493234,0.0425864880508659,0.107509920538108,-0.0611844896103768,0.1032665940645706,-0.0392345394561373,0.0791171067764703,-0.0994880199878066,-0.1706279344577841,-0.121006580413195,0.1272213417086866,0.0698486841049385,-0.0785393195540544,-0.1689261341731345,-0.0305196980919751,-0.0653922662992482,0.0526295138921769,-0.1519794001026373,0.0079194559574918,-0.1076497693041166,-0.1786285015726702,0.1311241741391818,-0.0090357168158026,-0.0952904716400616,-0.0987406004401559,w1
-0.1500269088358771,-0.0553992871876512,-0.1256408743878814,0.0151603567901883,0.0868333984517325,0.0558711645706941,-0.1377847512902723,-0.1493685056462201,0.1681572031823756,-0.0278540140779033,-0.0404644867884492,0.0092836211647003,0.0205060391350865,-0.1196927096345547,0.0336248737450486,0.1274242014820407,-0.0127568705470429,-0.1491384489314149,-0.0597761278729836,0.1634327600599715,0.0558024565745168,-0.054262148630358,0.1714273310784961,0.019150173488159,0.1028531872734732,0.1496883540694507,-0.1448361443726597,-0.0630605165110266,-0.0757697288650871,0.1618209081514416,0.1401467698212205,-0.1034316675628831,0.152373817175477,0.1283915107097719,0.0276127285099802,0.1413896044617294,-0.0742846378987697,-0.1324546110030562,0.0050140256506366,-0.0269142203633457,0.1594319876478657,-0.1537245419724473,0.0572528048446341,-0.1233680718151909,0.0176014276471936,0.0830075808647987,-0.063164242579119,-0.1548783303730747,0.0393341005625558,0.0484815965817511,-0.1724685585080946,-0.1289380914104177,-0.068433281463436,-0.0818344614890903,0.085988139244386,-0.0472322465096577,-0.1709208326299721,0.1611454907167331,-0.0909423858653931,0.0798509890356002,-0.174721856466011,0.1000193988367522,0.0246265845093482,-0.0830913900817761,w1
0.0919329738392389,-0.0505120751073201,0.0251491448229196,0.1372025823468737,-0.0832863617107525,0.1013134289782847,-0.0803354212890928,-0.1123763876248233,-0.0500493773517238,-0.1588206959418286,0.0525750387407153,-0.172375861085851,0.1583694717794356,0.0785103875438255,0.1069464246151314,-0.0750080011282673,-0.0867287173988203,-0.1259507158657709,-0.1678200639809121,0.1144787346465557,-0.002737207249994,0.1167822180098295,-0.094184214689854,0.125293791334834,0.085604552414087,-0.0842152224745734,-0.0002789282219998,0.0358474367031103,0.0111806218660862,-0.0441748396539385,0.1204576136403775,-0.0671070536630839,0.1190964004815116,0.1767660202709906,-0.1279448816579474,0.0220473369833459,-0.1235535153046375,0.159381466003507,0.0902064920457813,0.0143354580906407,-0.0362670327807759,-0.0431814358522168,0.1505513615572308,-0.0089293260029672,0.0530881305150032,-0.1368492559838851,-0.1286962485833417,-0.1260483228157657,0.0242519695553332,-0.1326507345756424,-0.024037142235474,-0.0021767545638899,0.0881739622871166,-0.1257534913589373,0.1791994633491024,-0.108147062132668,0.114880943626573,-0.0099498991205427,-0.0144654253772127,-0.1405505050251438,0.1095649186275497,0.163265102028507,-0.0372311185607899,0.0115988604951355,w1
0.0955127697144161,-0.0185488716562241,0.1327152212860307,0.0377930917500385,-0.0247280760680357,-0.1169471497725,-0.0218325863454691,0.0242031522744794,0.0538370064488974,0.1800750738693327,-0.0515597201737941,0.0592910465096753,0.0381281205161826,0.0596496298740825,0.0432344867774371,0.1292808295508092,-0.1442418378206373,0.0274542896497643,0.0637691007329817,-0.1704687359837876,0.1692174262504742,-0.1578951673647095,0.0077321278258901,-0.0226575883101104,-0.1751018090942777,0.1312602188184145,-0.1455519147742141,0.0646848547539155,0.0150068447754307,0.146977850519042,-0.0756225946311415,0.0059408439144527,0.1260608962066359,0.053868128996364,-0.1231978990708253,0.0945699444033761,0.1587625684618925,0.1559927599336596,-0.0715632954057877,-0.1268348023445604,0.0907389100038138,-0.0353384122503059,-0.1035671295044405,-0.0322085705300299,0.0054365191414334,-0.0445678401238596,-0.1252538024494328,-0.0402717220621586,0.0190653722059984,0.0412282206020327,-0.0921640471269077,-0.0313899383998658,0.1193228406872771,0.0193623768800426,-0.0552247261740163,0.1184090056988814,-0.1777358301003563,-0.1402781795115545,-0.1118137181823782,0.1113577733697472,-0.0722814977570046,0.0035455594829636,-0.0517372341516405,-0.1596310407240255,w1
0.1700555431920422,-0.0853489219922294,0.1385252735046356,0.0104827310732365,0.0495098436228643,-0.0921147944988037,0.1159087241427021,-0.0385936111071142,-0.0801824795156291,0.0887552274017532,-0.0547411720284165,0.010690490937086,-0.0206711507181783,0.0626781332234029,-0.0715645029106369,-0.1383404246983342,0.1193070360312757,0.1155426006768825,0.0373310077961923,-0.1505312998070778,0.1395849543328904,0.1643094078046244,0.0722665757377089,0.0033268395480893,0.1273636307734556,-0.179725015287274,-0.0900284620089091,0.0006953688722287,0.110757807876865,0.0778264667532255,-0.0648295307449234,0.0653467396383661,0.0060879155643623,-0.1686245929747972,0.0148915669481539,0.159297729075362,0.0518825642474369,-0.0703207195453434,0.1047159269495172,0.1378731567436295,-0.0365103297372744,-0.1651954380207576,-0.0566364447255849,0.0490133431877923,0.0987649682723617,0.1398356425701088,0.1711820830608792,0.1140226852754463,0.0143265755179705,-0.0133720932696887,0.0008620246950707,0.067802633698069,-0.1005303473168313,-0.0942606261218208,-0.0644926104738932,0.1338887351341473,0.1420453064754943,-0.1557407007271062,0.1347555691500024,0.0830536259282182,0.1351893790261449,-0.0999334208179361,0.0597380245000764,-0.0995529459238935,w1
-0.1209325510626466,0.1599372503637611,-0.0239788770559264,0.0470556341615338,0.0339638633268203,0.0606025179543927,0.0275331469799665,-0.0409547435067734,0.1643952513731839,0.1618839565755927,-0.0127445890022509,0.1693583562465148,0.1499465127063602,-0.1448620030502072,0.1504707951288608,-0.052657878478534,0.0516010830534228,-0.1776394501625429,-0.0125976416812939,-0.1205557723177927,0.08995356640403,-0.1148226369053914,0.1004013198336545,-0.0643861878974333,0.1510905824603674,-0.0203863532737972,-0.0328543688269577,-0.0586346118928684,-0.0194592063415342,-0.0155222584653786,-0.0147386011387736,-0.0703181241808458,-0.1691108284848521,0.0525683660398522,0.0397466933249024,-0.024254203893026,-0.173964339939005,-0.1500647932108039,0.019138435373412,0.062636326794469,0.1150100710638711,-0.0748840616101716,-0.0396697242801007,0.1644504950213158,-0.0670371310029161,-0.0415513602692833,-0.156831089751795,-0.060701067574888,-0.1739967381224658,-0.0057662053702426,-0.0644593343600842,0.0013014276228344,0.1238033260602843,-0.0490214254671949,0.026149424404444,-0.1700749110986243,-0.0966945284491876,-0.1432270270016312,0.0181305886769782,-0.1216159231080703,-0.0286691214719582,0.0100958586583052,0.1100696705541095,0.0086550676847862,w1
0.1023833166697195,-0.1447033595786941,0.1687236748227718,-0.0768467776305054,-0.0284653387375256,0.156983161499028,0.1354624031864723,0.179692103203837,0.1057841104044914,-0.0534286823737293,0.1520128485027092,0.1282796745271235,0.1491311703593389,0.1556608795389173,0.0129576908689274,0.1721839396475829,-0.0625158906453825,0.0657268551713874,-0.1690099144099367,-0.0942921137746955,-0.1046856582910837,-0.1769021007470301,0.0961951370126645,0.0865680558539459,-0.0456865948393754,0.1501736437655022,0.1772448292410821,-0.0525816949625541,-0.0429402339483988,0.1560797407492742,0.1356854127711638,0.0687994359670928,-0.1735782634130661,-0.1094560632873908,0.0623322135151578,-0.1145446013932027,0.0494460196832746,-0.038956604684973,0.0323049925654725,-0.0539031233394603,-0.0279032056240529,0.1439151143943747,-0.1150602206945376,-0.177820408425897,-0.0090605112652618,0.1607992696036991,0.0336607228121481,-0.1154689188095064,-0.1548616332008354,-0.158370308954499,0.0241988849727835,-0.1115221520244736,0.0946908993907425,0.0931075626711378,0.1626928788366635,0.049203463683958,0.1667133279045345,-0.1094963944832384,0.1009777694056371,0.1791179090291916,0.0958693119888957,0.0688407476637648,-0.0653552294550653,-0.1395207160759164,w1
0.0012044977401202,0.0195791081367593,-0.0262378736460247,0.1273329998170729,0.1689303457225429,0.0984399194264238,-0.0136101999332151,0.1514057127112013,-0.045386314698006,-0.0259218640115594,0.1000008891318634,-0.1139066445332584,0.0399378127631653,-0.0879470947236837,-0.1571878360878274,0.0741575623063394,-0.0753505360751845,-0.0870764985123172,0.1590229651918604,0.0996256301770891,-0.0095451601847778,-0.1393744395148143,0.0438409042530477,-0.1422757789312289,0.0749124053364478,-0.1296609722103846,0.1558593497047198,-0.0562899430778009,0.0462369477729033,-0.1031375468757944,0.0782651365518881,0.0194497993589534,-0.1641934951845813,-0.0410027187235995,0.1371232047228009,-8.923057180693084e-05,-0.096169059920125,-0.0682732858676871,-0.0891475177953856,-0.1513683687858494,0.009500208449251,0.1309761326360859,0.0976958130943781,-0.0614729137189098,0.0501102543708721,-0.0640922574291293,0.0154785995475435,0.0344105135588256,0.0715943090344454,0.033235686001217,0.1520989888240026,-0.0672537032427443,-0.0134904611040944,-0.026535358286505,0.0052978028560325,-0.0742171330844434,-0.035342847067286,0.0337978874897844,-0.1615893364250698,0.1098466558735573,0.0361141195912252,-0.1764210584476669,-0.0975224022918137,0.0024762263793693,w1
0.1649247572647333,0.0919955245776339,-0.1272674082599797,-0.0982487030562067,0.1450730084495181,0.133894348650303,0.1188764200556538,0.144978341488437,0.0238970345184161,0.1780129908494216,-0.0317457663584826,0.0355664934550615,0.1667238811884356,-0.1232280849555676,-0.1635142086120326,0.0733312442096947,-0.1754312053592383,-0.1387610046984012,0.060283700736378,-0.1328566435797968,-0.1781112433436529,-0.0728222395235857,-0.1207368414394376,0.1570054552631576,-0.1394177752980837,-0.0190308011721391,0.0402201443540355,-0.0216054183544552,-0.0115663484787743,0.0515391839819363,-0.0595321506591184,0.1760641269394092,0.1746823649588571,0.08576216543836,0.0863850140720004,-0.077279874268019,0.1745083036330728,0.0661480654676624,-0.1569480609206247,-0.0821726491921054,-0.1509055852613122,-0.079505494134682,-0.1234139279677745,0.1177353913886254,0.0657440347460666,0.1621883711026041,-0.1519565444999898,-0.1196977195579687,0.1535854111728829,-0.0352327815714149,0.0227734653876391,0.1467114571709039,-0.0989832556843906,0.0034015367485254,-0.1651992793988684,-0.0911522676072795,-0.0965533771067869,-0.0427621257590518,0.156614378307527,0.1720760304963713,0.1429110110222043,-0.0327239980370593,0.1680364332513388,-0.1026149948317147,w1
0.1164591838799397,0.0141007746421389,0.0334889154801447,0.1228476068596401,0.0780728891282842,-0.1297795711260607,0.1262559394532028,-0.0204967975491417,0.1041866067244498,0.0475620820436434,-0.0726509393623838,0.06857106725806,-0.1080086074793992,0.1739264985588387,0.1001523812529568,0.0796502114344321,0.1795554833573938,0.1323621601601294,-0.1482311752040229,-0.130735042636977,-0.0206929680332956,0.1357343463010466,0.0928687793030182,-0.1294720575195179,-0.0308138963650879,0.0533409453961551,-0.0161149775771281,0.0882052128664044,-0.0524248690914513,-0.0224762153259829,-0.1169581405196433,0.0408572250699608,-0.0388958355645137,-0.0956134628802391,0.100367999126703,-0.0297901699307265,-0.122018850947309,-0.1671350604543544,-0.1736661400377168,-0.0676985678574388,0.0515647786934793,0.0142595612775517,-0.0312908996728259,0.1219607075573625,-0.0256369461782632,-0.1578325988573276,-0.0302666682209639,-0.0793292242749034,0.1658437436835697,0.0940894348359699,-0.0288400078780187,0.1204472074004548,-0.0440786269282914,-0.041357577926962,-0.0285661506712267,-0.0434148681946473,-0.1028698284923297,-0.0083854220375675,0.1594450794766893,0.1641496026327917,0.0152166765155672,-0.1063183789616865,-0.1001331636775377,-0.0786478235421968,w1
-0.1568977300409565,0.1168816227788295,0.0758763437845377,-0.015150801967466,0.1634341572636366,-0.0477055140550047,-0.1692863485883484,-0.03350729753206,-0.0933783688678349,0.0794566390744403,-0.0064080248683031,-0.007608172472833,0.0215941092891131,-0.1072986702776161,-0.0849087792858984,-0.1680640511649168,-0.1624175370516157,-0.0219473371893963,0.1120709500498299,-0.1509461659029355,-0.0295728617487406,0.1153981560887179,-0.1621168164271377,0.1753620815531053,0.0499986828599922,-0.0140052940829114,0.0635848865032365,0.1753678897787859,0.054782816306544,-0.0508013659162424,-0.0913821570098307,-0.1158698717942466,0.0151623098440808,0.0134575398571651,-0.0815994868173799,-0.0967603663599221,0.0874066443515214,-0.0271509604411533,-0.0765435175795535,-0.0092856306272071,0.1776805227508993,0.0543578919815842,0.1094424126908164,-0.0410279703942159,-0.1677497098103306,0.0153714011652042,-0.132582439942097,-0.0443043391604379,0.0243396888232547,0.1400697426535065,-0.1450693600628423,-0.0379558526239752,0.131080349810642,-0.0982081130110681,0.1403563072554489,-0.1074236047374701,0.043044915451012,0.1799184173535059,-0.0674023487051815,0.0859284471128688,-0.141961232364834,-0.0485152465415238,-0.0210914974587417,0.1788549587570222,w1
0.064159325574797,0.1384126212824618,0.0961846126440568,-0.0873042442020358,-0.0132248650868635,0.0363029414506326,0.0384999400112029,-0.0278866819696285,-0.1027086180388,0.0199254949745447,0.0761037543024697,0.0532502101389091,-0.1242171826539625,-0.0293543586990838,-0.0359823051122844,-0.1256133257934445,0.0120203383161978,-0.1004012411934034,-0.0382072503161403,-0.1053644413811511,-0.142303408416182,0.1742013274447054,0.1645999050110448,-0.1680942219654188,0.0352341514067253,0.0073312561520463,0.058833054272695,-0.0811380811905842,-0.148762040689152,0.021321280122574,-0.0067168846015069,-0.072028719530677,-0.1442871884001695,-0.0321321632462426,0.1490923312497436,0.0781223123246318,-0.0202968766730216,0.0809693661504678,0.0191559781993347,0.1516986533932103,0.1277946329826242,0.1337508073753127,0.0742230488333189,0.1225417664579957,0.081714680728343,-0.1148178443113654,-0.0991570667993164,-0.1481084302201909,0.1198952859146705,-0.0604828588405013,-0.1105562464992692,0.0376930777198756,-0.1242246885111836,-0.1734694464132288,0.0996705803582449,-0.0829035440150385,0.0985646350666464,-0.0249065899093744,0.0673821546106542,-0.0291721812579462,0.1749838504816044,0.061903253826067,0.1246093686560921,-0.1395719030765021,w1
0.1024681760410717,-0.1720898836331531,-0.0572041117023596,0.047068621732499,-0.0859578270241302,-0.1755324450212327,-0.0903041461050639,0.1674440614389728,-0.0121765572893469,-0.1310913826892994,0.0221514246654747,-0.0130361165287501,0.1753482249054512,0.1671532706742094,-0.0080266825673012,-0.1481113060252783,-0.1504042950166406,-0.0917902266867117,0.0918508180398134,0.1378237468020824,-0.0258537784364964,0.0866321747195339,0.0857675729002463,0.012948805486084,-0.1459440341252203,0.0757076938079135,0.0296988275464138,-0.1621380291330464,0.0994450993288139,-0.07517649671398,-0.0811525106912154,-0.1309603295454267,-0.0548486685857083,-0.1206986397121379,-0.156149911470217,-0.1180685212763678,-0.1609870810637962,-0.0309217699698169,-0.0244017568403016,0.0242696309416951,0.1655603537651208,-0.1623385265252293,-0.1348083960271237,-0.0590619704594358,0.1299157005613055,0.1325920161483344,-0.0493053968109971,-0.0528582343133905,0.1761619685451817,0.0547712538863837,0.166514360633669,0.0011460571260969,-0.0738103857044132,-0.0568272969594529,-0.1408897293481457,-0.0268375458685429,0.0227493560703403,0.0479368198273836,0.1050930510003169,-0.1015777431704082,0.1105706560162695,0.0241564012712609,-0.1321694274475508,-0.0090499194154246,w1
0.137883199576378,-0.0916638419994698,0.0252396527336491,-0.0933866677930705,-0.1486055242200302,0.1721134186350041,0.1763101508459026,-0.0340404093654527,-0.106922907896881,-0.0800469730067428,-0.1533181782917777,0.097238041270504,0.1433363575586086,-0.0247274679959954,-0.0006368681922538,-0.1213971427424702,0.1070190502891938,0.1674049546320861,0.0412006783551082,0.1436780482681041,0.0669427049909427,0.0003476704012893,0.1667901572493819,-0.1050308236576432,0.0256957732008786,-0.1785761331140762,0.0718588701190384,-0.0215604453072759,-0.1510656294079382,0.1121761065862646,-0.0065519938922294,-0.1506263584426378,0.043688376160279,0.1325499700021556,-0.1033220624246722,0.0540450310290578,0.0045646740960427,-0.0567098697882689,-0.1677739147466082,-0.0247947946498635,-0.1518981042810083,-0.1435546722985999,-0.0119545948970089,0.0824058546319019,-0.1139892703879181,-0.1734983268850592,0.0819201314809275,0.0237099016958732,-0.1450457869102753,-0.0057000467798729,-0.0238660505431351,0.008911710551478,-0.0187957160483715,-0.0604068395558115,-0.1394058608451147,-0.1767683713753823,0.1599402493805677,-0.1699191843886027,-0.1302078623359035,-0.1284941138436357,0.0615068055341889,-0.1482954173817213,0.0123708969662365,0.0029401606235425,w1
-0.089013230818523,0.0138630604264249,-0.0627135368332338,-0.0589659056852966,0.0469328127551113,-0.1047992089565016,-0.1002535756966476,-0.1594783539214223,0.0400732553442133,0.1617688669138333,-0.0888848266732832,0.1385081208525766,-0.1758234051016578,0.1276234821185074,0.1168907501482018,-0.0053670521219223,-0.0822482361463733,-0.1053728893774975,-0.130592977735247,0.0220806105521494,0.0201949442826403,-0.0595046217204467,0.102252955927305,-0.049458718937798,0.1140268443729072,0.1742719965600907,0.0930115704155748,0.1589880192889949,-0.126246650694141,0.0316465740211849,-0.1599284518402188,-0.0581713816403033,-0.0972678592304992,0.1558145330521339,0.1310177923541567,0.0003515204543112,-0.0357692124681906,-0.1073789629430681,0.0079283404032389,0.1440444065052119,-0.0225562031700391,0.1511997816804665,-0.0850634340395588,0.1687083914279255,0.0201751820975852,0.1052705740195885,0.1202965071360228,-0.1043894610622341,-0.1243913472036911,-0.1737926818094742,-0.1389671499870584,-0.1106554614065478,0.0260484134076998,-0.0190210422763641,0.0467887564404278,-0.0849937712882653,-0.0904371437449817,0.0107473415407737,-0.0411492811491127,-0.0353248674021593,0.0412775695126007,-0.0673855855138759,-0.075445255179313,0.1305094858155188,w1
-0.1315058940616503,0.0710338101790084,-0.0450402946509137,-0.0243093578729993,-0.0117002588163992,0.0271204593810741,-0.0345068663824983,0.1518320492084929,-0.1279556207168382,-0.0169819772585591,0.0871700764251048,-0.0023867654818028,-0.1798392524730789,0.0618230885055958,0.0718687440642275,-0.1583202583456468,-0.0300803894045647,0.0445879546612019,-0.149207150739301,0.0993897968424406,-0.0055372203357987,0.1556466229659273,0.0712088353316523,-0.1335582321056438,-0.0590147636993199,-0.1648248501674843,-0.0138751767475198,-0.0336573043572998,0.0087874238054539,-0.1366295337712767,-0.014626195713903,-0.1765252818409358,-0.1242685082700054,0.1637348280405215,-0.0175536859802127,0.1579137691488161,-0.0049576825244003,-0.1041139408898616,-0.1331818033192608,-0.1389942692265307,0.0909171494440496,-0.1580260203497431,-0.1549480014055552,-0.0840685799122106,-0.1557244969735837,0.0286301710203475,-0.0585426113720241,-0.0054444737681434,-0.1392843312172427,-0.0594034917136948,-0.0898716595555921,-0.0927303604116343,0.1246730204172074,0.0455609815312101,0.0586634609444989,-0.0004621513589999,0.0682225729789655,0.0310931840487206,-0.1685203650492128,-0.1453559218539968,-0.0845429465533351,0.0905233010694888,-0.0758031248879595,0.0986825402582149,w1
-0.0349646302313739,0.0049199113655195,-0.0353327612252561,0.0150061629357119,0.0249092758480752,-0.1453988760183751,0.1307894771308877,0.0116922304091718,-0.0967682329463044,0.1257512879800643,-0.1730655491119672,-0.0440063296671917,0.1644202429977796,0.1697599634093652,-0.0885628597482778,0.1472475620214172,0.1151535897359818,0.1776946707333133,-0.1784435441907154,0.1104751869218998,-0.1109105958512206,-0.0592042124192282,-0.1014576869600537,-0.1615362851389692,-0.0839193898751917,-0.054224747941957,0.0335309527948568,-0.0838223657652703,0.0335628587774077,0.0106510910995387,0.0623896225120996,-0.1312360762613423,0.1480390933482804,-0.1026696748024654,0.1375281962167873,0.0639120864102852,-0.0456692851430083,0.1582962684920709,0.1106930364805139,0.0339259219424314,0.1446958681829657,-0.0574562668126096,0.0805568069317229,0.0006198908042281,0.1561167524290602,-0.0450064195211779,-0.0140963372005472,0.1490297857565438,0.0297031818844658,-0.0300280120514606,-0.1510539547470241,-0.0436035358742367,-0.1466246895405375,-0.1590150753121184,-0.0417838768727331,-0.132018506232199,-0.0849470328768726,-0.0952200524943938,-0.0315604449878599,0.0947937664855203,-0.1180160762165391,-0.0517121482383732,0.1073564455904712,0.1502287426808905,w1
-0.1406641179407588,-0.065983682554595,0.1489114429329067,0.0365910194926517,0.0686034380764774,0.0182600899087918,-0.0156522425760057,-0.0403359626640516,-0.0089555383078995,0.0201694497959875,-0.049831151111361,0.169976127655874,-0.0373944516735549,-0.0487836649482336,-0.042528155795409,0.0566954131435601,-0.0782869117881677,0.1565978085834486,-0.1485471599927828,0.0800030341595798,0.0483471582272336,-0.0216369250201288,-0.0952109150571036,-0.0075944350825579,-0.0278689864468753,-0.1495590120189865,-0.0052607534412445,-0.00043367289949,-0.0846217942138831,0.0697893702225297,-0.111016352371688,-0.0372185620835045,-0.0344903512481161,-0.093689814710021,0.0020942228057837,0.0167625471310832,-0.0199433766111327,0.0397927028442955,-0.0132486419022662,-0.0059559163651288,0.0575140109561215,-0.0622690710349232,0.103262879493842,0.0298960686798665,0.1538658294420828,-0.1280077280557047,-0.1041588954416378,-0.0213204261569733,0.0698434887144579,0.0202615852768031,-0.04251059263553,0.0628717130386584,-0.040336069596996,0.066284494162231,0.0147932988753421,-0.1801452545319751,-0.0985794770177389,-0.0004777198797281,0.0776734674361203,-0.0390651410963244,-0.0319996984459362,-0.1756141152685542,0.0434707733136538,0.1154051332953715,w1
-0.0070540154468371,-0.0753596959859792,0.1138729197786296,0.1111379793209167,0.1722750134694551,-0.1782871226461354,0.09954214996113,-0.0119289155421283,-0.0789393405324231,0.0303299744807915,-0.1670565679375714,0.0475547536670453,-0.1745669763311055,0.0201554873974444,-0.165472550322166,0.1414588719604506,-0.0784566412085757,0.0935966662319763,0.0279461762692154,0.171357178130094,-0.1698496933463651,-0.1455148724144783,-0.0322328921361091,-0.0923639192264483,-0.0704143752881887,-0.0892659961486267,-0.0816075672631359,0.1227572308618137,-0.1411520097617804,-0.1168381130115136,-0.0447805714288211,0.0911819214418589,-0.0081171235055,0.0942851942206951,-0.0268512379418204,0.1002622647751434,-0.0958888160055275,0.1550962903740976,-0.0186397622439844,-0.1530033070768171,0.13564769756536,-0.1758527112234907,0.0922022460187827,0.1726723328784456,-0.0650646306009394,-0.1720544444750794,-0.0954766030173242,0.1297535779338176,0.0115939959399218,-0.0564859389638339,0.1774306693884207,-0.1393576141995287,0.1196931084239688,-0.1346042533319679,-0.010119953281984,0.1509193974664859,-0.0212217141210657,-0.0041586705340101,-0.0366656891513385,0.1242338444555285,-0.0329987859646256,-0.0476256710273087,0.1133921329605879,-0.0231470067018899,w1
-0.0913286825087893,0.0931136735042481,-0.0262803732638556,0.1461787484237633,-0.0691056162159231,-0.150025917732861,0.1379362880115131,-0.143856715796512,-0.1329009142484866,-0.1262000790917303,-0.0778881496768169,0.0422231663794936,0.0646273664753414,0.1313819757881601,0.1336145422369561,0.0259230180497145,-0.077160715888034,0.1687692103823762,0.1458806964944076,0.0280926570876101,0.1434319728866324,0.1561928163922929,-0.1600576562949084,0.1042944684224143,-0.172210171652071,0.0096646329630814,-0.0925311480353232,0.1292236377948503,0.1134395264964301,0.0421054102598057,0.0465598841315809,-0.1129150599888462,-0.0291153310529793,0.130093954617283,0.0867793818723746,0.1240591974835641,0.0300396722915821,0.0693722752090174,-0.1556997258722042,0.0092793896483773,0.0588884627491206,0.0710010908342005,0.0728545537459971,0.1590299101587919,-0.0892018211426895,0.1212109793884402,-0.0293283721375954,0.1115464057510609,0.1391820062145576,-0.0659026346366901,-0.15064410905748,-0.1492814491203323,0.0660839101930297,-0.1069712640279994,-0.0910298857766307,0.0894733542307234,0.0958553941827299,-0.0873444592681726,0.0155629456318868,0.0072955596333918,-0.0743725255540437,0.1443040907089893,-0.0859017638814883,-0.1263779138114511,w1
0.0670907883489864,0.030419193081221,0.1586675454301468,0.1516009369425324,0.1221960650431616,0.021005216477315,0.0453803615526228,-0.1510958702901313,0.1801598229595612,0.1798925854047544,0.1121433417235926,-0.0172380144172563,-0.0247636513992247,-0.1568550542022515,-0.0974242259272869,-0.1215993121591721,-0.0976831841686419,-0.146085821678126,-0.0949459078765702,0.0635689622678379,0.1620152934110883,0.1250129484170362,0.1710258539191983,-0.0135865869351909,0.087085626950285,0.1644321591659933,0.0658237269920375,-0.1112166870895251,-0.136994592699103,0.0788952038376481,-0.0606453750375825,-0.1205259081643679,-0.0203485923888839,-0.1030959591576399,0.0257379621157643,0.1191344001809239,0.140258221756645,0.1281296826358558,0.0933200743307948,0.0871053668067536,-0.0500460567176191,-0.1054028751269936,-0.1266333790780591,0.0145016845929653,0.0393319709951185,0.1278279471672097,-0.0063322202360528,-0.0783390278486337,0.0506253413890374,-0.0563840367590129,-0.1800438500282022,-0.130647109192244,-0.1732376528218782,0.1760604558426818,0.0409856311981187,-0.0525488996928046,0.1535508868503915,0.0691938790315947,-0.1696474476072116,0.0935940886898974,0.0426503215342719,-0.0074803508252152,-0.1475063132633592,-0.1352308591838234,w1
0.039988044903024,-0.1113000674239734,-0.0407109490874168,0.028081410688937,-0.0624935843730958,-0.0771066489433999,0.1193514905746086,0.1435378716564268,0.068958590911745,-0.1118020206758735,-0.142293180874989,0.0619699105153566,0.1078172167054458,0.0878850146125756,0.1076337954974754,-0.0198519880424132,0.1707302738637445,-0.1255992412551228,0.026239840565179,0.0933933433866991,0.1339107925689241,-0.0933783079150545,-0.0598035755129074,0.1156889597984491,-0.1777014484605138,0.1648027360464631,0.1304701454077819,0.1097688082054375,-0.0170748158068214,0.1630656883870748,0.0433675749101685,-0.127802790596621,0.0010987787911052,-0.1023492583887019,0.0617207872592733,-0.0474098163627709,0.0293041201313613,-0.1509880779349275,0.0265795793614026,-0.1520081446532333,0.125678224191327,0.1406818169534683,0.1777722607125802,-0.1014364672260185,0.111059247486609,-0.1525248672572607,0.1092362482652493,-0.040373665640676,-0.0398621357837569,-0.0840947445141668,-0.0958941227988054,-0.0578640769980569,-0.1685735491331393,0.0575231956016364,0.1703622878767734,-0.0191488135093393,0.1268254819832063,0.0681628351552948,0.0398236627283377,-0.1790309056547925,0.0697434959691053,0.0956791488283589,0.0459356868403703,0.0450665025923721,w1
-0.013028662262221,-0.0917573831270887,0.0607143770215648,-0.1590370842483024,-0.0181600481539952,0.0983166926752431,0.0764601326025707,0.1021594154925492,-0.0714304217072242,0.1432013841453692,0.022161346988839,0.1173393384362328,-0.0245115416254769,0.0874884747812526,-0.0627281563783285,-0.0861928032226643,-0.1378287978169211,-0.0306922753254151,0.160989052534941,-0.1068250967743177,0.0676803699418734,0.1738650276262315,-0.0328103432874054,-0.137232466917412,0.1016312247615376,0.1622030289926122,-0.1374558225299925,-0.1524369052417508,-0.0638979078347678,-0.0958212938271437,0.1447504643233177,0.0102047195940697,-0.1793595795854645,0.1069518101558107,-0.1066037400104408,-0.0188801796483127,-0.1752079137667446,0.0700762780834659,0.1020310456713926,-0.1008122452011842,-0.0093158593781791,-0.0959548568948923,0.1160981077140405,-0.1014654236563269,-0.0805346170613835,0.100772174283776,-0.064324893574899,-0.0641229233793255,-0.1577421841169876,-0.0574124052939114,0.1209704670379929,-0.057713528044185,-0.1312787206527956,-0.1695195466306764,0.1204338519162186,-0.1205545467414543,0.0755471979920812,0.050411747621132,-0.1632513627273913,0.0682397127480845,0.0926423626270522,0.0965487537988102,0.1125160723648014,0.1402817093861446,w1
-0.125441076087467,-0.1313428707724075,-0.0029718977630638,-0.0459412245561271,0.0324678299792607,-0.0964649607377943,0.0204998101208141,-0.0332311485924721,-0.1047214356621202,-0.125582635215198,0.022637032743151,0.0929589237305139,0.1332232346460884,-0.0635165556042704,0.1004966808480909,0.0229322895839788,0.1166140767025346,0.1261121727142042,0.1181026025064991,0.1452202718349005,0.1500603272697983,0.1515227609947834,0.0315116492845502,-0.1601542054406849,-0.1306414589893647,-0.106208667795375,-0.1185374524563037,0.1643797046531291,-0.1099421766652109,-0.1143351461716097,0.0821172148968555,-0.0463090865696907,0.1307194059660073,-0.0936982145538914,0.0865663326749492,0.0262770749905296,-0.1290183472926603,-0.0577049346577649,-0.00888690418232,-0.0568906011451027,-0.1054604888825043,-0.0916425580000392,-0.0843197975541005,0.1635926433222357,0.03549385857977,0.0042571322331813,-0.0588537732198271,0.0070719591355433,0.1662133297874027,-0.0214472506789971,-0.1312775162118003,-0.1518323661046913,-0.1373106480128616,0.0539193769799344,0.0722669387949484,-0.078100987569917,-0.0783943497779759,-0.0473029529258924,0.0354113358835304,0.1212013777642896,0.160327723126653,0.0231989083330065,-0.0150386521246516,-0.0670376376306376,w1
0.0911468186813194,-0.0670268783598926,-0.0397785632437181,-0.1602389366542985,0.024548692371853,-0.1457904988803814,-0.1546567252320994,-0.1643851230860426,-0.0448438901944786,-0.1370711744699953,0.0985348695594608,0.117162414674888,-0.1563498513768784,-0.0777608246320151,-0.0894457500279413,0.0181614781397027,0.0215143457493813,0.1556224367733663,0.0091870476532222,0.1376430309746663,0.1322207080368544,-0.0810745850848198,0.1241649096343449,-0.0615293509881911,-0.0937136949833814,-0.0006737826755625,-0.0755365797899843,-0.0844681535178477,0.1617763276833952,0.1297960909326388,-0.0817418187125709,0.1121918523053092,-0.0868544964863081,-0.1620366335737029,0.1379983858243765,-0.006566848534743,0.0660973248880233,0.1284200976349603,0.066590084871751,0.1698106168884314,0.0577551281087186,0.017401296328559,-0.0227908837714619,0.1712011859824795,0.0583205809525435,-0.101147432152023,0.1506747641719232,0.0379112643191197,-0.0296511782242152,-0.082270566473935,-0.1467985103309471,-0.0384372864996836,0.0185482474582072,0.0984800407726795,0.0419555642426505,0.0852737280210142,-0.100410335661072,0.0648857611841824,0.0033408104305492,-0.1485824193401846,-0.1098531212673915,0.058199409270514,0.0134534103313387,0.0654744252149185,w1
-0.047595383121274,0.1475850669902378,0.100566774599163,0.0690514817012497,-0.1335923346748434,-0.0258625350063232,0.0161839214352382,0.0065635771571352,0.0060870578956044,-0.0137312819607569,0.0295471485317248,-0.1398883719722194,-0.1057091762942679,0.1354095725100218,0.0241974355963807,-0.0062864248351755,0.0708583881651186,-0.1066024244327222,-0.0316618284188803,-0.0515026151908375,-0.1177823824868018,0.1464154125235832,0.1186392893630257,0.1777693322377741,0.1224733578561971,0.0894736876139005,-0.0769209975165114,-0.03935156140289,-0.013664894158806,0.141253568301717,0.0198589476938314,-0.1447981519986328,0.1237793911809967,-0.0098970960406737,-0.0745121260536947,0.1782239890945228,-0.0738701403893455,0.0455172811345509,-0.1228240038991698,-0.1707046008551001,0.124069083576544,0.0338674132673698,0.0763388470738364,0.1503447974175791,0.0216267513486349,0.0095287058176594,0.144319258635787,0.1415039488489108,0.0670601519201085,0.023592555485089,-0.0561507888038853,0.0637415472422319,-0.0796514147791366,-0.0570242082949455,-0.0816327926854234,0.0338709597349722,-0.0641626632782177,0.0232958752539322,-0.1088754830788792,0.0230060695900015,-0.0004279110701712,0.0632753231470212,0.1451868037210884,-0.1254196750895526,w1
0.1744476150496659,-0.0763554590718985,-0.092210962676105,0.1430314428599827,0.1401897266438861,-0.0877294002621642,-0.0210696013563678,-0.171700880858646,-0.0447512733489622,0.0591756934724191,0.0761804970127826,-0.162862621582896,-0.039144524520176,-0.1545225698803687,-0.1671429129744567,0.0155922543338229,0.1506188095568275,0.0636818853233507,0.0999218743805226,0.162844870094784,-0.1766052890144955,-0.0883577334557655,-0.1373574256031068,0.019204492777665,-0.1040955006205398,0.0447685357690879,0.1725231617964256,0.0660047428349634,-0.1098462077820657,-0.1358230241511699,-0.0788752337901416,0.0952924320816861,-0.0323683978890488,-0.0125711163412197,-0.1256155572579994,0.0001762725626925,-0.1747191775613781,-0.1358444197634559,0.1100179360117301,-0.112424383157178,-0.1266725644560694,-0.0630477287034818,0.0270232081691826,-0.0614053788430164,-0.1767383380489981,-0.0921173374316701,-0.1755451557543871,-0.0315370654249163,-0.1030246828104752,0.1080497891016294,-0.1195725384565445,0.1218284134416099,-0.1576891487672695,-0.0468170248129486,0.1766068311485713,0.0463280025606921,0.1598816599259751,-0.0442809404779137,-0.1346389366839442,-0.1459285140359721,0.0375885542953186,-0.0146893054847288,-0.1470997218923653,0.0703569240454286,w1
0.166240176692134,0.082628519653823,-0.0842731788164052,0.0837157434034208,-0.1375414506433386,0.0322342734921401,-0.0993995899851082,-0.0428903271245607,-0.1421286491347497,0.0725703967316685,-0.0999301530409716,0.1705930489891434,-0.0079871514905126,-0.1032645675531198,0.1294170780502334,0.1736289468743076,-0.0631977767882494,0.0193563248227188,-0.0778097040719123,0.1528107294582928,-0.1014840115080421,-0.1134544703942445,0.0033214786916627,-0.0048492858639241,-0.1133243490267607,-0.0673710377855953,0.0304234755794727,-0.1132554431380434,-0.0912649419238143,0.1520745498549595,-0.1009892208590712,0.0514493101155676,-0.1473265110183971,0.0145518279605836,0.0871031109438916,0.0739713336959776,-0.0562879785518962,0.0798783458674082,0.1783025847422031,0.1343983814928328,-0.1090969250025205,0.0213094777371573,0.0587876213854369,-0.0621987286257995,-0.0462260658793385,0.0105586462753228,-0.0504728172185119,0.0512966071116069,-0.0878274729912079,0.1095879831252127,-0.0138534390614528,0.1083793532700917,0.1365944851652992,0.099696745576769,0.1066111390408296,0.0668091541378489,-0.0522341058714256,-0.157727813887013,-0.0098531657205763,-0.0208065374679151,-0.0356262039735321,-0.0442182462133609,-0.035318644513407,0.0016332698091744,w1
-0.0198249125908935,-0.0650684281178517,-0.1468848854085878,0.1548226506121219,-0.0652546161866486,0.1009494404395385,0.1067742697163736,-0.0643316961590709,0.180065251065272,0.163370086989913,-0.0251174571643103,0.1524590650855325,0.0098099853891498,0.1239685627315068,-0.1190484081640528,-0.1234146580810427,0.0745192901648175,0.0678033965513219,0.002349430267815,0.002252124543526,-0.0096925516346439,-0.0602708395663775,-0.1269540882017214,0.0151022898639481,-0.1271457183962979,0.0373469640208148,0.1335720972435258,-0.039072265415642,-0.1465936385257507,-0.0181047413641967,-0.0679208874350174,-0.173484657483273,-0.0422307390385553,0.1235012543852945,0.0427447431814823,0.170378876737625,-0.1154643474069468,0.0222615723287328,0.0892217436847613,-0.0853932034759828,0.0277484197357108,0.0087574538719475,0.0903210237728482,0.1493425442468083,0.1268860695953431,0.1308764512409499,-0.1571933804113958,-0.081078471771537,0.0778259074150813,-0.0888813436196085,-0.0650103113887695,-0.1081850730340236,-0.0487528936322473,-0.1267790474670206,-0.1501981691530881,-0.076037581728897,-0.179359536889697,-0.1582943093240379,-0.1573551486669276,0.1505869638636964,-0.0418292311921509,-0.0119876015031843,0.0367067717929286,0.1561160654859398,w1
-0.0614100215613254,0.0450325355874098,0.1066086373896014,0.1034972254500755,0.1773027462688336,-0.0694167256996212,0.0737759544080197,-0.1256133216388165,-0.0476901601654476,-0.1312105092905327,0.1091637409166857,0.0176611773210217,-0.0057910574590817,0.0476533107171029,-0.158868860491092,-0.0101831172554296,0.020763351385222,-0.0138338369137972,-0.1672315730537804,0.1313867172192011,-0.1448616365742205,-0.0473262325764232,0.1340493970462308,-0.0514447390628652,0.1456641805593667,-0.0745666869122246,0.0291174759964197,0.1405620629573407,-0.1108698111109897,-0.0380217930590766,0.1416582760452181,-0.1402958433864126,-0.0934902212051856,0.1057295060286802,-0.1785387280171559,0.1458926333981351,-0.1729682111363269,0.0959660119768769,-0.1216650268654014,-0.0147201081552997,0.1714140935629133,0.023928408306478,-0.1339625415703513,0.1083775897427201,0.0915190559127273,0.0873387202740891,0.1789527200076251,-0.0878244389660036,0.1481843319037183,0.1376193272957694,0.108561130935213,0.0573554290819753,-0.0528620099663675,0.1308092035565249,0.1343486948528713,-0.0081932875793572,-0.0613340192269804,0.0566842615229928,0.0914503930109912,-0.1115791669879378,0.0245416935694615,0.0933644039287935,0.1584354809818978,-0.0512799457871588,w1
0.076914908673561,0.0840265780364231,0.06374570395129,-0.0026814699170787,-0.036160810059735,-0.1051023201873898,-0.0115879780867494,-0.1758675529534737,0.1664485235100167,-0.1614630922999378,0.0039960174906613,-0.0672256292138046,0.1419363253241929,-0.0109523241842086,0.1099982773613186,0.0555738362661685,-0.1120523797193603,-0.085203447834764,0.0346447215007066,-0.0655577663071329,-0.101846457382986,-0.1032512831707337,-0.1194707459256884,-0.1681740740176643,0.15917835968137,-0.0888126155144307,0.0258396246565425,-0.091805161616427,-0.040796183863979,0.0531024348658107,-0.1649921560491782,0.1185485557725194,-0.1353405846743317,0.0999212714320048,0.0635805993497891,0.0206713919484562,-0.0151788274899176,-0.1356753217646764,0.1551749312609799,0.0618879126348297,-0.131824407945845,0.0093204179121968,-0.1122048885231822,-0.0799553655400524,0.1787822918548259,0.034073284860936,0.1226441275414014,0.1199189200541105,-0.1349526358215565,0.0653205173311023,-0.039140941526154,0.0881902527092265,0.0903429439280832,-0.0821533002868682,0.0272994295569965,0.1420576389583809,0.0008749584920179,0.1404733384173837,-0.0665564897298295,-0.1618311998662574,0.1515937304629024,-0.0230199001234226,-0.1383871987794446,-0.0508455984527369,w1
0.1019074650693195,0.0285539011498181,0.1591957780713484,0.1762275965757475,-0.0484241831077653,0.1379810270011651,0.165320493643794,-0.1075672252410978,0.1486850879247643,-0.1263420192418484,0.0078942517677865,0.1114601944753942,-0.0515911046032792,-0.1239460681026217,-0.06462987894679,0.0287593221404756,-0.0462661524808899,0.0979668986795131,0.0713910701460245,0.0843192464585323,0.0393272755536003,-0.1446211970909595,0.1656309262451577,-0.1067763057984184,-0.1795873791484418,0.1427618344642543,0.1342866687485352,0.1713984127372481,-0.0408136946959652,0.1657143548630519,0.1157984315288286,0.0697295497764627,-0.1679266642219222,0.0652154853028408,0.0430100918846478,-0.1230496431971641,0.0680679996509507,0.0008532972852315,0.0804641353433404,-0.0279953852101292,0.0941242112278988,0.0278573308362343,0.1620695374415428,-0.0094234864423438,-0.1226300224219439,0.1196642346781734,0.0965466820730684,-0.0679187338930093,-0.1670031814759833,0.0573506498828694,-0.0749022285000266,-0.0088775301079044,-0.1525121788710748,-0.0910963080079408,-0.0749242397221044,-0.1440302320455813,-0.0776812111725672,-0.0875997720112932,-0.0676981146634238,0.1740675584391741,0.0502443524048836,0.0652885854207865,-0.0129756766724649,0.0788781197378548,w1
0.1802876810583579,0.1115194791428532,0.0198107574970232,-0.0309308780522372,0.0353508714397944,-0.0574069167511237,0.0043217942620171,-0.1364774671158717,0.0088290575255421,0.1608670797138381,0.1536470212759621,-0.1448080308907019,0.0333471912584021,0.1538297388633871,-0.0550927765920065,-0.0240341235178907,0.0245099883265399,0.0837248318729677,0.1093743711393715,-0.146819232832571,0.0464133194261787,-0.0298476962749762,0.1539020112624354,-0.1175461127018007,0.1559638371310103,0.001952826383095,-0.1478648680533751,0.1191995993331068,0.0423501723964737,0.0563587812300312,-0.0639283124391109,0.0797857252666496,-0.1793429137384022,0.1779363389948859,0.1581082079872895,0.0080132621856127,-0.1658608865671972,0.1110489579025321,0.0887114442792071,0.0825149783980071,-0.1652382385183982,-0.1538676126738041,0.1147026941136483,0.1437586021635228,0.1026661557054613,-0.0473540995818426,-0.1405890427004817,0.0343202573996981,0.1540050330854587,-0.1393469875778818,-0.1793762077022989,-0.1590893777093087,0.038897481971417,-0.0788666437776532,-0.174362383006604,-0.1337182438551024,-0.10536676854482,-0.139481931947298,-0.1802392046285738,-0.0009667176385646,-0.1410714273914508,0.0857934562016891,-0.0539704349033138,0.1764603832093445,w1
-0.0491094911967305,-0.1789721865300557,-0.0710693651402282,0.1772285205136396,0.0977912641010609,0.162224029234596,-0.0814337951719538,0.0606938936910656,0.0567948133247203,0.1501682019780485,-0.1457024320735303,-0.0508251839910599,0.0181383263562017,-0.0095068678991842,-0.1323961223978553,0.0582039374865308,0.0252359940091053,-0.0003120728518686,0.0717420418612427,0.0706233563010806,0.033385305214902,0.0507209547345166,-0.1006657000515159,0.1383216394986261,-0.0112932479887991,0.0193598493077761,-0.1259774577812816,0.1367104053463958,0.0043953864580243,0.0822018331055813,-0.1042183480258984,-0.0269343482752299,-0.1020064920361862,0.0382949377311329,0.1388745725652418,0.0862019388012851,0.1264061963823775,0.1038251261228218,-0.1620727654074208,0.079740725386854,0.1123046882414727,0.1386468165529167,0.1757255677329309,0.0124459633566461,-0.1474304172040337,-0.0008901935992528,-0.0067966932299251,0.0106789043276059,-0.0240202349824393,-0.0235689387254386,0.1496485006247862,0.1387517031649548,-0.0761314061370511,-0.137993030501052,0.0081492803481155,-0.1293175260453986,-0.0650166719387525,-0.1233508278205095,0.1678075747570278,0.1021340926334892,0.1638975251295305,0.0672080315319274,0.0778872659015066,0.012594969214055,w1
0.1090282469897389,0.0313645106648156,0.1149683200532967,-0.1390571804684183,-0.1543791487723706,-0.125363948756718,0.0413116815659725,0.1246434959014737,-0.095192620474911,0.0191554397029562,-0.0115708410401274,-0.1571424105813553,0.0098542727647084,-0.0662141640291978,0.062446159569259,-0.1325346613287013,0.0715471359311903,0.0663811242750561,-0.165530526680916,0.1206372994404776,0.0248264760157045,-0.0070109342727809,-0.1695982286176475,-0.0964594866954709,0.1663232780552876,0.0669345646283567,-0.0842613772182938,0.0868904311258024,-0.0307189162958559,0.0039334994372988,-0.1247101475191019,0.1415323208334789,0.0393854784780126,-0.1459568728043745,-0.02106476967295,-0.0698985685917088,0.1351291606071491,-0.0600121435029633,0.0087242100462281,0.1566962451638729,-0.1410218863571831,-0.0775977645312103,-0.0671248130339059,0.0102968780446888,0.0716123982097326,0.0027494447960462,-0.0960120741838195,0.0025851345035308,-0.1024365398544606,-0.0845290215852772,-0.0942690994110443,0.1095387342191911,-0.163326114320204,0.1757061566321557,0.0839531289695277,-0.0285427322204465,-0.145832143311052,-0.1354019639606498,0.1747803102708016,0.1292146282476438,0.1152648645954304,-0.0266029763167753,0.007529761475738,-0.0828474957941211,w1
0.0699176655027965,-0.0497379779125199,0.0612937602757234,-0.175869210357647,0.0667205697972783,0.177000592664528,0.1043529674716944,0.0088001925549457,0.0900453021797346,0.1357421179026134,0.0364973257102785,-0.1736674168738955,0.1789066103296094,0.0107674919365742,0.0800351608829346,-0.0026798063166794,-0.1068590652442369,-0.0427920152563199,0.1732504198509855,-0.0844069801125681,-0.094958644046156,-0.168109797667121,0.1798100437913808,-0.0204133845316008,-0.1445866018837702,-0.0559550093263895,-0.1539142092716573,-0.0647894196891356,0.0272283186221016,0.053524387862892,0.0943533457468996,-0.0038812104019907,0.1189845222371349,-0.0017772188084966,-0.0363957315418573,-0.0215866336770838,-0.1309370038915185,0.0204703595865657,0.1054146379899791,-0.1595337033836294,-0.0653421292561626,0.1484792946839473,-0.0857636153547775,-0.0291987070580467,-0.1490738712271836,0.0709260548451242,-0.0974949185648944,-0.0036696927905359,-0.1145734343915765,0.066364040126349,0.1243541774040001,-0.1684806078314408,0.1699946492468663,-0.0225324199648263,0.1603229585904755,0.1207254499918349,0.0076927223008351,-0.1644958115938438,0.1032200642070988,-0.0947803862324847,-0.1524877877815391,-0.1302190798248421,0.1682128521768602,0.0830080157546925,w1
0.1329437724940723,0.147033591812921,-0.1006981725006993,0.1356830300548928,0.0019286319592723,-0.0003088780589217,-0.0277560350962418,0.0065863994399231,-0.0704238830274754,0.0984726162890428,0.0496989915548708,-0.0967884245881665,-0.0844670276126034,0.1649560695878924,-0.1472253200569449,0.0788336998054051,-0.0807050321602703,-0.0834932738746169,-0.0799865042647252,-0.0477164098099771,0.1423774080103774,-0.1098884081742656,0.1312708299211304,0.0921955989080005,-0.1320004612102063,0.0872627371508094,0.0290471313311546,0.010882654062828,-0.0743110348667586,0.0915043768826034,-0.0855688076172408,-0.1279487908320231,0.0531345133491696,0.0791827017016708,0.1295770138849552,-0.1734466259387953,0.1701678212308104,-0.0589360393056472,-0.0303505891082446,-0.0244006711771184,-0.0959724190938663,0.0524755267015603,0.0141696741730924,0.1603882655375598,-0.0989288630745704,0.1163958097303084,-0.0995599875586431,0.1424120319077778,0.1297585949547456,-0.1514213472395053,-0.0416103213366448,0.118562598284197,0.1535990483337514,0.1210430398563839,0.1465322211062354,0.0341503401626752,-0.1334708172150168,-0.0066051076553967,0.0029153794095454,-0.109671928540531,0.0360196972252631,0.1017927462267867,0.0003455824476248,0.0375757078777362,w1
0.0789420216782844,-0.0383717091973783,-0.0430138897856264,0.0541951597251776,-0.0598947229431486,-0.1077788661563546,-0.0199277209894085,0.1401451233559578,0.0833954777845983,0.1361508973772114,0.1435509159914235,0.0815094792923252,0.1395829055476581,0.081397865932152,0.1228897881184414,0.0049014973265293,0.0987634613453916,-0.1128845911561097,0.1658107865236811,-0.0188650641980615,0.1172849998655964,0.1093811318522585,-0.1193785388749897,-0.1678870929530788,-0.0443411025038132,-0.0561711762790409,-0.0861289608388031,0.1155719725223912,0.1731509323661403,-0.1259532768760724,0.124005180514278,0.0893918690284709,0.0547782476628301,0.1468577569112506,-0.0691212378417414,0.0615169733107592,-0.0446593083923143,-0.0837741797285701,-0.0629180877956026,-0.1705431300292646,0.0542059269194646,-0.1051943009443858,-0.0832999772761142,0.0234689822944459,-0.1507827583942945,0.145838155326882,0.0338551034838933,0.0902030679495649,0.0895985353799499,0.0712359246179368,-0.0636879173763769,-0.0539616200020437,-0.0710512924046732,-0.0589275447932905,-0.1548168874283834,0.0876164954982814,0.0090593632975197,-0.0721086478865114,-0.1734724350452141,-0.004279154081144,0.1194490183421943,-0.0213489030872663,-0.0745222938096725,-0.0208366379210388,w1
-0.1582790832302194,0.1159828168955372,-0.0939178247046326,-0.0884854769752683,0.0629963397866357,0.1100144896617819,-0.0158658728226583,0.125303243064878,-0.1188086034306916,0.0325056495578768,-0.0336184419289735,0.1024854298116799,-0.0713493642942318,0.0569519450513649,0.1615730754028579,-0.0339338213607137,-0.0727897871086754,0.016037152385474,0.1333125412676453,-0.0296168657388777,-0.1714298504481066,-0.1647594466901612,-0.1597345264473665,-0.0891506059610655,-0.0214041446519641,-0.1301978521940475,-0.1391541996718827,-0.1414256426073729,-0.019514128348164,0.1783600111142488,-0.0343635748737976,0.1110947519068066,0.1261531168430068,-0.0010401935329742,0.0413103660241714,0.1553186257755878,0.1170343448377254,-0.0250509200697867,0.041493196693337,0.1390610359891893,-0.0559693678172305,-0.1517676756517925,-0.0654012628601612,0.0486387749944206,0.0958335127480551,0.1579619569479147,-0.0670524746890122,-0.0156071300687492,0.1164043434953958,0.0746447732623833,0.0917711216614069,-0.1639643053217354,-0.0602619159611559,0.0940351116198228,-0.0779051840479064,-0.0803616515211395,-0.1233929695917255,0.1599472988653663,0.0996401579721183,0.1550005062099813,0.1693060298367556,-0.080356550306016,-0.0021976846390801,-0.0867505181525982,w1
-0.0065919437047996,0.1600128884612887,-0.0774780244276024,-0.0112563475316445,-0.1217392227317071,0.0885535419741193,-0.1093363349859028,-0.034384267542781,-0.124229710371569,0.1117197614953055,-0.1144687663775881,0.1305586276971901,0.1375135174469859,-0.0300155387514973,0.1422771952640304,0.0117754660500184,0.161921786155009,0.0544283064467274,-0.0746677264401444,-0.0813527872984404,-0.1018133979963729,-0.086385227408323,0.0475534025848531,0.0024557604888433,-0.1658046412351781,-0.0272566091011818,0.176242473356783,0.17728128395679,0.1381378709255288,0.1658225225522151,0.0635875961416556,0.1765458417199118,0.0240168194011925,-0.0790206908861681,0.1533117366609583,-0.1706160345960648,-0.0164993380679865,-0.0922982916181499,0.0537023385290166,-0.0823591528339283,-0.1562010003782052,0.0504849289852332,-0.1486824500902423,-0.171880705409291,0.0972102858518078,-0.1077011591968367,-0.1512111471756312,-0.0999285524151847,-0.0418775818518503,-0.1252168517451003,-0.0071512825547482,-0.1700366965448889,0.1668568297364755,0.0866022139892257,-0.0042121717185682,0.1118811471142612,-0.1297015269617724,-0.1361122911748586,-0.0439705467816372,0.169341070702237,-0.176531831075899,-0.1378737515580398,0.1048591747533105,-0.0413297789077987,w1
-0.1356990871963436,0.1376785980824282,0.0968473452927725,-0.0003085987146672,0.1800024700532009,0.0715105182703521,0.0240031604999126,-0.1700308729125506,0.1162024045178639,-0.0354116433268631,-0.1657018750283855,-0.1582722768344558,0.0837136379049025,-0.0308260909061521,-0.0861224664165089,-0.1622733428032224,0.1183696483067525,-0.126546504076156,0.1300235685194297,-0.1161348526647226,0.0715072656015,0.17710250386235,-0.1209153600905304,0.1345227977175794,0.1183880238951307,0.0152932921672819,-0.1529955971236779,0.0279603196335971,-0.1412833859072223,-0.0034737549906248,0.0420965183476448,0.1201725719771261,0.1057899544258222,0.0510282879507486,-0.1203114542253905,0.1584658095806983,0.0476947638918301,0.0249192725596635,0.0062942651552183,-0.0814401061896285,-0.0772699413903466,0.1139017428790949,-0.07120100831762,-0.1753274460286165,-0.0327864318701918,0.0739329594856959,-0.0172925694131161,0.0329085235085373,0.0899188064638812,-0.1000330009789428,0.0607706415507595,0.0762064822596779,0.0784666306679466,0.1672763421802081,0.0210398397313325,-0.0149895752105341,-0.0740935556626201,0.0738713471867544,0.0821554728194452,-0.1467705870105188,-0.0856167144033111,0.1687609694068119,0.1731265691285423,0.0144102681978644,w1
-0.1398360668736672,0.0827530527304904,0.1247367582549958,-0.1228860889043564,-0.0725102061006269,-0.0382362817485915,0.1152858813251206,0.149777884602271,0.0154816938150589,0.1505450933922353,-0.0809013699815747,0.1724736623291574,0.0082390568359478,0.1361387550653826,-0.082395872030836,-0.0631850202523532,-0.0010855206390237,-0.0338723402790211,0.006272952459401,-0.0238170468560754,0.133536843919553,0.1286805699223876,-0.0935436697489439,0.05305401353967,-0.0063388386953897,-0.1712860130416423,0.039207751159243,-0.0206952538742648,0.0421561950604191,-0.0256291687016662,0.1790850734292592,0.1679662065905363,-0.0034365254843733,0.0942929934470268,-0.1036272396220037,-0.1566623004862583,0.0274198406803549,0.0138163818597905,-0.0195010730232526,-0.0183460094068562,0.0104655288495219,0.111259867463099,-0.1423073460219654,-0.0426236504073546,-0.1631018702782004,-0.1080807815420447,-0.0179668426109838,0.0945981222852403,-0.1582480193093171,0.1171593297334701,0.1783936740989652,-0.0410966698013699,-0.1076868079125044,-0.0545476745403759,-0.0877073126597724,-0.0507591004766262,0.05879629036325,-0.0659366767775012,-0.0225016061112154,-0.1518605359754012,0.1064281404575498,0.0086846938831658,0.0968518837477234,-0.1451435512025356,w1
0.0375012116492935,-0.025623865325341,0.0686447428608763,-0.0919401304498035,0.1144897754091589,0.0477993549144679,-0.0626263819126633,0.0747967952767774,0.1501879968284508,0.0400484700577902,0.1315813544569094,0.1251226642864273,-0.141369839274335,-0.1190402423704544,0.1367039794793183,-0.148939965384455,-0.0864323759598119,0.0132006098733609,-0.0654042726132971,-0.0742714934808255,-0.1407369796376978,0.1435149891066036,0.026111715949306,-0.0257936904845305,-0.1353843596253242,0.0717358588430111,0.0180034364874339,-0.1623610243896459,-0.1176834737025065,-0.1664776481215079,0.1736730586893601,-0.020065270401779,0.1377565175206059,-0.0455456869196048,-0.1161013629463307,0.1279558071127669,-0.1189332320167692,0.1391387096606056,-0.1204561543140822,0.1154292029268045,-0.0098343193559792,0.1670945217203507,-0.0874871949451736,-0.144916882044926,0.0570085428195392,0.0910310964761931,0.0347002438333143,0.0383042523295356,0.1633209267887322,-0.1069403503707922,-0.0402717608139613,0.098836656313414,0.017776838182779,-0.041182181748104,0.1399210431236235,0.1761518480693684,-0.0862372302852404,-0.172335570693313,0.1158461235652905,-0.1348919458540985,-0.153706227221143,-0.0389666179545238,-0.1124421598956945,-0.1029622677942924,w1
-0.0498371678195946,-0.1250621387557529,-0.0369858868361381,-0.1537234324046588,-0.0662805156994263,0.0508030060749496,-0.0338615828890731,-0.113199831481975,0.1037815576185194,-0.0980607826875348,0.0606527578387846,-0.1787842937086452,-0.0026223988040037,-0.1306279049309419,-0.0724339848623068,0.1502967427618294,0.1018540017224405,0.1572372209183985,0.1775349998085237,0.0716865681882324,0.0315560538185621,-0.080477319354901,-0.1468575594235971,0.026359424124744,0.0669691865550697,-0.0154554407765054,0.1276942505310284,-0.1548934398497932,0.0826900733709401,0.0100848316805743,0.0877005721768124,0.081620544569736,-0.0152745200908518,-0.033831538197595,-0.0750117468201884,0.1102430848613836,-0.1402971960531779,0.1108749059485169,-0.074314129269589,-0.0538320795516239,0.0815669779696301,0.1358833218010453,0.180246084664853,0.1674406235194943,0.066843378112734,-0.0024768531340514,-0.1694730165178439,0.1284963993717258,-0.1424390532325753,-0.1176038490023629,-0.0748201438638521,0.0679040281823455,0.033273085879294,0.0315119040080519,-0.1013427720985424,0.0185632982854511,-0.0374288168932931,-0.1213606165572226,-0.1537701727799607,-0.1051977419876331,-0.1738023205298693,0.1213031071483391,-0.1558871202518011,0.0553115691480963,w1
0.0232942301286105,0.0658771929141263,0.0285948372273899,0.0771482768744326,0.0042144285189237,0.0568822216727038,-0.1251570600694918,-0.0098267322311323,0.1280684718941561,-0.0762743145612882,0.1301815881826683,-0.0793712127345407,-0.1257794435365897,0.1718953872008495,-0.019497050491979,0.0535364322633051,-0.1087676406416402,-0.1538857167706341,-0.0045051382222685,-0.076732206545432,-0.1720802178539167,0.0517011864667932,-0.0022446413515695,0.1361309982503207,0.0645670545557422,-0.040411893350218,-0.0213851558692498,0.0747289811700837,-0.1525712569834519,-0.1476732158038721,-0.0658474751418195,-0.1144249044129565,0.1071060582334423,-0.1394116865092708,-0.1224450032975347,0.019050259687768,-0.1354646541712837,-0.1791121050647279,0.1185456920287179,0.078868650331767,0.1760036381315925,0.1213338619241803,-0.0173467782551444,-0.0058404176475283,-0.0918018276991491,-0.0392461705737365,-0.0691095693211149,0.1437531698169516,-0.1232431873930956,-0.1297546970955213,-0.1735561779800448,-0.0480814499442474,0.0829925835534648,0.1270520254913275,-0.17383592110057,-0.0186724285205084,-0.0930557924260511,0.1360137920450471,0.1184945125393076,0.0938583949187721,0.0201701013277594,-0.1276330621294985,0.0893598599518458,-0.0788748574146215,w1
0.0071656576817702,0.1140188888848585,-0.0210789507378346,0.1726880629377009,-0.113358098729628,0.0520122010115454,0.0711055898117898,0.1215587881468369,-0.0777631969302712,-0.0762342760935696,-0.0304999557114998,0.1365166731609876,-0.1697196381106389,-0.1196538027523073,-0.1454757266881313,0.0010043980671957,0.0503651498337008,0.0528541532021663,0.0550139697309172,-0.176371316015323,0.0277589743403363,0.1251914533286418,-0.0736444924380935,0.0933083455750964,-0.1798875249750422,0.0829295913045413,0.145861301767557,-0.1370161095823986,0.1088605300160915,-0.0614410851743904,0.0321475412366022,-0.0639036015148356,0.1072197388409709,-0.0216893760622928,0.135042641056859,0.0855365347967724,0.1761985783281622,0.1430073620772812,-0.0756909013126095,0.0995013200729964,0.0094064293748378,0.132128729382973,-0.0377678276227684,-0.1514324517491053,0.1468744776540731,-0.0736023120675317,-0.0848683133993025,-0.0354790246958695,0.0532240884597523,0.1449041888367125,0.0029570244901749,-0.0735303174954229,-0.1678451229241332,-0.0806360388730552,0.0941739779629688,-0.0474823971710799,-0.0685571454511389,-0.0022098424607727,-0.1149019373724281,0.0760702490071731,-0.1606792467358131,0.0412781896684724,-0.165611275625234,0.1801488677883445,w1
-0.135633782045896,0.1637313197507109,0.0847758442677744,0.1067034012879799,0.086107984804728,0.0083483881153613,-0.0433716343357022,-0.1737287843083633,-0.0285604014565688,0.0057239012789061,-0.1445312215327949,0.1271586270164236,-0.0121810001529124,-0.096916120411867,-0.1128265091836104,-0.0526062027770883,-0.099098251180558,-0.0027027583708053,-0.0524927003625303,0.0468819040589283,0.1548412528434106,0.0588288869476251,0.0551783254299858,-0.0129446552666772,-0.0743887895492268,0.1017421770934255,-0.1607587340147547,0.1222891541559104,-0.1664572529402415,0.0037899088030503,-0.0309766978108475,0.0371561340432352,-0.0316215402392702,0.1083102610487496,0.1574579441471384,0.0880953397188908,-0.16056825473947,-0.0560191515927243,0.0931905025661585,0.1689041536850592,0.0339083078916135,0.0549904555536886,-0.0813959416550186,-0.0662705085555303,0.0940406748145179,-0.0842480522830045,0.0750295927696506,-0.0702116473822172,0.1481710458793821,0.07583103168709,-0.1483012655424696,-0.0804089750973017,-0.1799256336216328,-0.0456531771203146,0.1152102935652195,0.1468850674951019,0.0502651544624546,-0.1447629161727882,-0.0640774731501049,-0.0878727017905794,-0.0766401264205999,0.0705110301362547,-0.0228742299754378,-0.1128517388802898,w1
0.1420602056708344,-0.174179193192992,-0.0579107752563832,0.170439404318696,0.0864443981640839,-0.1804844203412997,-0.1511843578015813,0.1403747042924122,0.1435886668695835,0.0167206739074903,-0.0684459650036068,-0.1648011354547141,-0.0074590057686761,-0.1618772545461702,-0.0955298092578073,-0.0677897957379035,-0.1457824837009619,-0.0108574153943593,-0.1755097818172518,0.1080282846676868,-0.1706089597212809,0.0943550623607524,0.1557023512379112,0.1393694069580619,-0.1491738792992252,0.1259670886681922,0.1524239172293499,-0.0309634448535163,0.037636555967503,-0.0394218131430783,-0.0563486664708324,0.1448793203722052,-0.1591190924693872,0.0340028799579199,-0.0706403787428466,-0.0426293664639737,-0.1379532114060034,-0.0240712314328044,0.0406373377537141,-0.0983593135740048,-0.1679294818659103,0.0343819342504388,0.1260656992404992,-0.0568286969352526,-0.0323143794676519,0.1594116218353073,-0.00605035054885,0.0690902490136655,0.069370496749634,0.1445868431891236,-0.1107667289858274,-0.1314309094817388,0.1624639896670258,0.0298502156271137,-0.0184494517777029,0.0332700929257075,-0.1210514364476637,-0.0109702146137577,-0.1142472717477756,0.1622266345088871,0.1040381838816462,0.010823882604672,0.1203406722965368,0.0150236602863673,w1
0.066906682101852,0.1525831341183069,0.0667643057613253,-0.0495152993762411,-0.1664362828413901,0.1745456195948167,0.1419235520166789,0.020147435931219,0.1659256060444787,-0.0881073665397172,-0.1053834386885561,-0.0165168998043996,0.0784514090911076,-0.1000700467033384,0.1458622894858572,-0.0775390418864441,0.0039908742167791,-0.1570152001913818,-0.0589512040221359,0.1655029537498769,-0.0478997738984633,-0.0665253240178244,-0.0821346766267522,-0.0828638636612525,0.1235347687787881,-0.0661033161597559,-0.0398932923513352,-0.0336322361192929,-0.0229241259053465,0.0439715704181726,-0.171305656210753,-0.1625597512086261,0.1016016349752684,-0.1358468912225799,0.0053350689882992,-0.1447453599366428,0.1188043817526736,0.0413560777576765,-0.0034839938440611,-0.1277724537367857,-0.0897447597187734,-0.1537717814799378,-0.047233463663334,-0.1645738654125633,0.18001017264747,-0.1202866694420352,0.1370859177963977,-0.018146200803018,0.0046063956564953,-0.0725943795308124,-0.1404465694311901,0.0155135246868186,-0.1000350260427596,0.1222785228431978,-0.1047491857947015,-0.0409960075254481,-0.1493152154039279,-0.123624871818469,0.0882799187440953,-0.0684946493748693,-0.005000753294354,-0.1406515657775328,0.0985306330692718,0.0485280527620957,w1
0.1521073550008813,0.0313920080547415,-0.1641618020503886,0.0156276080596946,-0.1470276989589283,0.1726936120778582,0.1457651812495037,0.1063635177980037,-0.0877625260754007,0.0178475591660195,0.168756627180869,-0.0617398188166462,0.0718480966450325,0.1353534339985183,-0.0943195260842827,-0.1596044134316276,0.0325351847609771,0.1498812471702012,-0.0470360670706998,0.1267523683147997,0.0853142126833693,-0.0570749630176683,0.1488593368236383,0.1619819463714625,0.1505259625198175,0.0553965363221775,-0.0339875655085321,-0.0723963389520329,0.1480638987435464,0.1359198474354587,0.0308053173717033,0.1728988580063833,-0.0915387667994946,0.092044060297048,-0.0039334947894017,-0.0642583208170583,-0.1058679726702611,0.1347462584300695,-0.1645083064780715,0.0339781534409238,-0.1234704806510018,-0.088215155514535,-0.0924485289236135,-0.1189776213423718,0.1599900107751274,0.0244403661476559,-0.0407269560185754,0.0540875016842269,-0.0943736711222528,-0.0211222797142846,0.1364628302046745,0.0718166315075762,-0.1037752917505229,0.1359288000655857,0.179058827791044,-0.0220871003669064,-0.0075081273499754,-0.059283095186773,-0.0470080038334915,0.066449821864478,0.0733086655381035,-0.1096983852332334,-0.0042984759914481,0.0339226560713533,w1
-0.0322150148343957,0.1507865499933059,-0.0365379174360972,-0.1751850516747154,-0.1766886608982948,0.0811540644792559,-0.1796239999654582,0.0960935016637559,0.0885774219735106,-0.1637097838916405,0.0859080933011925,0.0157513193312702,0.0622113997816494,0.0415381347650204,-0.0858183152988974,0.0366667395921808,-0.1035571181558253,0.1183117025123851,-0.0456470136071618,0.0389586182848805,-0.0604796319143751,0.1134261529367533,-0.0905414320120397,-0.080093009270542,0.0763384927514288,0.0760649685795758,0.1530322206248623,-0.1251041778218313,-0.1443252330604754,0.0485537302416713,-0.1589987487845324,0.0226059877171373,0.1495268446492052,-0.0762014751438723,-0.0358789027076908,-0.1012643255613514,0.0789354721426821,-0.1019884788184479,-0.1123532363699381,0.1666083642373993,-0.0048346172336055,-0.0485053764383184,-0.1103734534839664,-0.0468150934945003,-0.0351114247332008,0.0573771610755526,0.1740624602152416,-0.1122569382396084,-0.0767612718020975,0.0255399514603674,0.1740653552780934,-0.1081215770020988,-0.1631483310518856,-0.0904520060614379,-0.0030934062761077,-0.1332096938309319,0.1581639911446352,-0.0781669817883977,-0.1552667750259746,-0.07642359702726,-0.1526716111816332,-0.1305412194892025,0.1441916045485994,-0.1594741714446579,w1
0.1427763621334674,0.1739387683511251,0.1562217784667814,-0.1263555817143317,-0.163848314547562,-0.1710022203811131,-0.0127481021058113,-0.0152152177268481,-0.0083690168418178,-0.0689329790502484,-0.1637170709226734,0.0583390643868295,-0.1618580835547154,0.1353232673334208,0.0344877380313465,0.0564833128971264,-0.086946512572368,0.1737306597429072,-0.0383516219792147,-0.0664215993999045,0.1764264455727086,-0.1572519373791731,0.1403947100417455,0.0510277396149874,-0.031073601500842,-0.0359001638259656,0.0969995881635578,-0.0600713607907742,0.1075939298101013,-0.1761069268761069,0.0997720210328448,0.1777338978526476,0.1514223009669581,-0.0724256078282119,-0.0092487241075549,-0.1429240536302957,-0.16968446858934,-0.1619574791999012,-0.0832617189117083,0.1437565319630206,-0.1492838575976004,0.1624394634922164,0.1237618962796617,0.1539982672863112,-0.0913967112777943,-0.1659480786154165,-0.0300374873332218,-0.1538223833209616,-0.1731739003448221,0.1205536856619402,0.0079440054310327,0.143111539203904,0.1019246317243725,-0.0290469485401699,0.1061215934850527,0.0101035153412914,0.0191294111340385,-0.0202015687259438,0.0061910521634423,0.1196834459543629,-0.1550416681346406,0.0963216400834605,-0.1434618049635129,0.012778042880707,w1
-0.0395763381958899,-0.1760469494381479,0.1265262858135052,0.0397152218035829,-0.0878543974657189,-0.0941903623445927,-0.140911172034454,-0.0440057372796184,-0.0846465089487256,0.0077458539434516,-0.0352269035403363,-0.0356851313434597,0.1356336343091173,-0.050658223216586,-0.1317393773382239,0.0568057511421677,0.0325252378821223,-0.0255450076256125,0.06145762076368,0.0916489520637122,-0.0433363449726454,-0.0157108832780157,0.1353856886527486,-0.0359759851280246,0.1450698128349068,0.0144243092985769,0.1528000687743082,0.0614449392442113,-0.1484611111372312,-0.1519829887047474,0.164197501182021,-0.1609986307436171,-0.0588552623483734,0.0757295798620526,-0.0779688105887241,0.0657243354623767,-0.1678702801183128,-0.1050345581345287,0.0065215103684907,0.1420119074984606,-0.0061501202641541,0.0446973820592471,0.1244874109324626,-0.0664587446418293,-0.0180862916217306,-0.0817393235074664,0.1365684983295814,-0.0501107403509796,0.052669839757171,0.0587037436872358,-0.0211031367833688,0.1041777386364866,0.121463942429244,-0.0938560823650812,0.1305302271062125,-0.1232823427249992,-0.1035293863354895,0.1686242109729684,0.0892526357863942,-0.0873783674948738,-0.165715111145951,0.1414667946493122,0.0081558498992148,0.1796100603022914,w1
0.0100552978593551,-0.1059264738343569,-0.0081804853053415,-0.080173646128339,0.0838019218279815,0.0975461224319035,-0.0490073078941663,0.0872404127895018,0.1729572536084464,-0.1545026226379212,-0.0154351183495888,-0.0647746820964463,0.0227051556383357,-0.0873071749898787,-0.1724364145349258,-0.1671515640473614,-0.025104684918898,0.1355118745657103,0.1178970099442881,0.0805039197731657,0.0696656937198162,-0.1689140263969526,0.0696767714450628,-0.0177980203880518,0.0252802670567579,-0.1711502827066115,0.1624265770599927,0.1094860804158293,0.1780392573384653,-0.0782913253665616,0.0475202908924818,-0.175885462824301,-0.0888338652980286,0.0847900962974038,0.0027021720661671,0.0257404968468195,0.1390645158144064,0.1547605437089802,0.0992378641332381,0.0197679805896115,-0.1101503904756264,0.1691858082679105,0.1512574042303794,0.1345658397609052,0.0675243860461616,0.0685357812124345,-0.167412402061096,-0.1232840972292336,0.0023824431749591,-0.1400468303824772,-0.0657884642905388,-0.0875183985249832,-0.0326709499278094,0.0525790577452492,-0.1716404457830333,0.0168725602338046,0.1740082137185235,0.0385913291531666,0.0127072301417192,-0.1361644912045857,0.0724770936674122,-0.1429609678928625,0.1042132668712712,0.1375467414722975,w1
-0.0887967713565062,0.0860337111467957,0.0508350830443693,-0.0216644845348515,0.0383356902123397,-0.1024513340627245,0.1513205679286159,-0.0758934629337064,0.0369777519066588,-0.0202557619948633,-0.1766174842885615,0.0316130244002214,0.1350127846060941,0.039845686848987,0.0939735494006488,-0.0731340840092061,0.0965727081901254,-0.1779295622462404,-0.0243862018116818,0.0609421825875226,0.0879018899602762,-0.1792469445511334,-0.0091752496349286,0.0739909276045503,-0.0642273809533238,-0.1031602015877644,-0.1395277860134734,-0.0003978626678414,0.1744415724358244,-0.1774793247938184,-0.0477574555148631,-0.1541967223402766,0.1145234615926022,-0.0757791226786338,0.147205446661359,0.0638344087056748,0.0630203602229632,0.0021811761021199,-0.1467366605547712,-0.0431019005347547,-0.1571986217631831,0.1399713962333119,0.1747613111159569,-0.1682439452393104,0.0529607772887394,-0.0598454675489466,0.1129433858396906,-0.1262993191413806,-0.1270526102384873,-0.0299216157542821,0.0882877332092918,-0.1197918268703467,0.1675360923006495,0.1794803618376274,0.1656231757933601,0.0141766260155346,-0.0945879219647471,0.0607289113660778,-0.1487144802254193,0.0964795402626564,0.0064483340764868,0.0513848900423042,0.1011223086618361,0.1510907724400524,w1
0.1578448232953591,-0.1016639001259155,0.1545886391088351,0.1117828067220164,-0.1286279304590426,-0.0884835228731202,0.0011440072929172,-0.157031177538221,0.0222728279085521,-0.1610888156491935,-0.1276516062197452,-0.1775701431287052,-0.0108182780435514,0.0871196570081631,-0.1656903064704021,0.1203008526117849,0.1369813232271896,-0.1726309390478007,-0.1778837784581166,-0.0718270118480421,0.0397954426199404,-0.0288150978571764,-0.0992736092903434,0.1498874678956869,-0.0603693539771174,0.1412211068258161,0.0696698858454827,-0.0369559591762475,0.1545996264971116,0.0819532691184305,0.0307028975254174,-0.1456723172108134,-0.0271562966725691,0.0361925182717082,-0.110243790086786,-0.1272309801751773,-0.1688699278903658,0.0463694330377125,0.123042697411281,-0.0299418863639963,-0.1724806106431325,0.0034431277924427,0.1483331442511151,-0.0878433141186958,0.0675753523261007,0.0197115040297786,0.1509402548627254,0.0838956111972417,-0.1325053822717837,-0.1477476848851477,-0.1365857492056533,-0.1273676759647919,0.0308345318057239,-0.1534326323959584,0.0134845407678365,0.0501887082251585,0.0285615691885017,-0.1054289324146321,0.1355800052542205,-0.0076267477089681,-0.1239565680537832,0.0057188527346599,0.1037320649411051,-0.1337521320270573,w1
0.0393738092317628,-0.0837523898255255,0.0993417263225907,-0.0505606652821649,-0.1058916154693088,-0.1602680707573097,-0.176734310771596,0.1098951246750985,-0.0044494731761426,-0.0790034890821713,-0.0495804966849986,-0.101017125923061,-0.1492507000713043,0.0519723331838616,-0.0908402777350442,0.1249212079796735,0.1363909850890879,0.1767228732245298,0.152736895370329,0.1512011889108961,-0.0912488407863123,-0.0566962635095553,-0.0936236820136755,0.1307333270391434,-0.1524476200119411,-0.0318642703665802,0.076948398641806,-0.1202101817755243,-0.141646082018077,0.0853400850281742,-0.0565029882758867,-0.0040851160229882,0.1559750692408058,0.0101219976869136,-0.1590853827446278,-0.166701673202843,-0.0188023608514963,0.0085317626667576,-0.1044523767558943,-0.1528209871869177,-0.0616818176985535,-0.0443494170691986,0.1007545217519686,-0.1347044615224852,0.0732211130345795,0.1605828871442506,-0.0618408091278673,0.0728546537103643,-0.1408128286388368,0.1488223030868024,0.1699507340234059,0.1146242794730036,-0.0772962457076139,-0.0381010797104363,-0.1053664019668617,-0.0431150413444391,0.144026943504078,-0.1080480116234211,-0.0144515837990914,0.1369591427946097,-0.0018197360710311,0.0036418776478634,-0.0122630530960965,0.0956522760299915,w1
0.1687990165256294,0.1363556407703156,-0.1063931993074567,-0.1336163407507785,0.1365306607886951,-0.0502362140705737,0.0245671451471225,0.1538302176502416,0.0326470510448747,0.1430262162076645,0.1722052237975544,0.1617145011239536,-0.0130978688289527,0.0079918412122585,0.0192193484906859,0.0172588788273067,0.1137258318993163,-0.0571066637049214,0.1772739403198567,0.0263686949274774,0.1220088025758515,-0.1577267982361713,0.0084942054156949,-0.0350370605721586,-0.0240340815252526,0.1618853046733235,-0.1133012490758444,-0.092569239403098,-0.1415699463170006,0.1329094126751959,-0.0976245815894605,0.1300777260019875,0.0522067349668624,-0.0789590349906982,-0.1395605273288375,0.1501335126311724,0.1750938133637231,-0.1254075545577295,-0.1636500950345141,0.0638197865747726,-0.0579236682034016,-0.1681463537385262,0.1417082336672434,0.1322109513189833,0.1661798945733415,0.1384358733689343,-0.1717164442330155,-0.107227807048972,-0.1012215115110228,0.131644017112173,0.1287914149296523,0.1083464823197659,0.0999050552747377,0.0802667362741184,-0.0803962013689435,-0.1521044134354823,-0.1221625181308672,0.0969595736112195,0.0808830552643513,0.128649887871481,-0.0222818199021974,-0.0187027796131023,-0.1519501021920862,0.064246739517006,w1
0.018402732792028,-0.1730269994729111,0.1271318393279096,-0.1761330833355038,-0.0834435156167644,0.1496611566590749,0.1129151963888445,-0.1161464754086907,-0.0823189138246514,0.1635520154314955,0.0409069239059954,-0.0671878766959151,0.0839427687721207,-0.0792026815646021,-0.0718019705765962,0.1172893117493425,-0.0712170390942913,-0.1652394614626717,0.0240913430656178,0.0983289327098037,0.1364198604443486,0.1250691188777263,-0.1520249476435561,-0.0473035345287317,-0.0720193067253656,0.1429168667949994,0.1197066009146981,0.0431029248079248,0.0618555170777683,0.0826455972347797,0.1116535962207142,0.1177482262377009,0.1754590988060633,-0.1760934655597153,-0.1202934478611659,-0.1082754759630227,-0.06903773021686,0.0834701396933673,-0.1802566268617205,0.0005082421946601,-0.0084382715883779,0.0972597560301821,0.1593620709703586,-0.0634671711599483,0.049614260889618,-0.0332378524146059,-0.0764916343552171,-0.142293078133284,0.0446204052185097,-0.0223069583530226,0.004104386430415,-0.0439505691087061,-0.0026384347541084,-0.1469645144952349,-0.025773632780964,-0.0636236332467783,-0.1065003325223287,-0.1243157686194505,0.0882617319459401,0.0954462209713348,-0.0892439213414648,-0.1804531803796346,-0.1574514775657471,-0.0097359758259014,w1
-0.0587352015018003,-0.0902868301540841,-0.1658162280293129,-0.1475207585589545,-0.0211946748370729,-0.1615701985247736,-0.0346640288635651,0.0413899206280683,-0.0256000721784037,-0.0240153489330587,-0.0241202826034398,-0.0438966611904486,0.1470140349019391,-0.0194248280800835,-0.0291797846185965,0.0228250281949895,0.0305809578535253,-0.116386117452225,-0.0184708785664252,-0.044223542881225,0.0218001721290889,0.0470204611304077,0.0827638466128731,0.1191132756999709,0.0113596979772118,-0.0079697480673825,-0.0045977117689811,-0.1426680095295402,0.0798422555860412,-0.0035908121466867,-0.1346107859476759,0.0314473131943476,-0.1084886533273341,0.1456676421098467,-0.1524936207199461,0.1681240591452467,0.1371683737816705,0.0482853682840769,0.0258113690658952,-0.0714305246322143,0.0848814067263119,0.1598912708711296,0.1513005114566008,0.0999558711413783,0.0014292318286545,0.0160629399354147,0.092337285093827,0.0856226001678062,-0.0500913458970039,-0.124755714297079,-0.0843152668389088,-0.1466120198610337,0.0960195500615779,0.0589318166269951,0.1096918976089047,0.0293922423619151,0.0037899944234604,0.0968717511288396,-0.1109807228770735,0.1677806457077576,0.121803925654985,0.0929615148717548,0.0208932448763876,-0.1143849135487057,w1
-0.1309721701345398,0.0582737207462313,0.0858230820669235,-0.0085700737469475,-0.0613283756593315,-0.133556405368941,0.1188648824587614,-0.1173924957910147,-0.1353393992733856,-0.0786937719724413,-0.0153853041829714,0.0352678563270149,0.0135071173569102,0.0623778221432677,-0.1097763096499697,0.0551902206173573,0.0346057918608974,0.0763053863210936,0.0390184146937288,-0.0181248723471763,-0.0682404421007606,0.126277197127589,0.0943521989681606,0.0260701722452365,-0.0351596104152467,-0.1382836088566324,0.0210005299378633,-0.1240563998871275,0.1231796188192308,-0.1174098925791611,-0.1432491121516001,-0.0466287942771916,0.163625959075482,0.1442418662930905,-0.0098252414264801,-0.0968589296194178,-0.1676981961161006,-0.0371485458026422,-0.108687534162697,0.1359471514241886,0.1538542427565063,-0.1127786068746785,-0.0487702789862847,0.0013100945651476,-0.0735119752353193,-0.0447925946923278,0.1343594586070648,-0.1715136677420984,-0.0123616057759214,-0.0894137834382383,-0.0947890514851715,-0.0024629682814688,-0.0903407215025419,-0.1126807296369108,-0.1701628240166333,0.0527940574401112,0.1085153541344096,-0.0383965359100761,0.1613534217799878,-0.0924448549054331,0.0297223058639196,0.178556530450407,-0.1334654196677219,0.0811291565679104,w1
0.0054632266341253,-0.0764318385888864,0.0863346045019123,0.1661089313722552,-0.1267934343884618,0.1149393232345849,-0.1213784701365521,0.1151165482589575,0.0012974500106609,-0.0391029582363308,-0.0333696027437802,0.0120245320246691,-0.1201070954619935,-0.021015357752775,-0.1335632786559389,0.0442968299481229,-0.0927793303722566,-0.0017269660805563,0.072091265662978,-0.1002623986431411,-0.017934996108799,-0.1598653212076095,-0.1544460329565167,-0.1308816736765468,0.1216791832042321,-0.0645385895233516,0.0797397254703032,0.0085508610437978,-0.005070136751206,0.0349621814787815,0.0245640562326797,0.1241092501510776,0.1200753038872464,0.056522525254787,0.0562895597089879,0.0513096257764542,0.1086101339574625,-0.0364269418067354,-0.0567468832230778,-0.0831263311591945,0.1300443973614955,-0.1697940852925878,-0.0818921712784589,-0.1204533336584396,0.1046723886383377,-0.0460848943545297,-0.1022232059677298,-0.0215010936282081,-0.1557424041636495,-0.0226446815017503,0.0830109947637368,-0.0699388929001324,-0.0724346357236578,-0.0754761366608809,0.0056925806950852,0.0260415022540905,-0.0288951350812516,-0.0309362949127755,0.113907510226731,-0.0254869205560652,0.1407638843384694,-0.0079664493030028,-0.0243591242448451,-0.0695619738971544,w1
-0.0936060272519642,0.0312410744529435,0.0542767942937892,-0.1389577475552159,-0.1394034657384946,-0.1710381890780304,-0.0044066095502638,0.0831047981366593,0.0879033060678909,0.0821719670889913,0.0371256663441215,-0.18029704505451,0.0585760019905872,0.1482215511260647,-0.144262494637836,0.1033101328353224,-0.0743380661157762,-0.1388756485041608,0.0773154722859048,0.1520287898849416,0.1736146721236802,-0.1733478471933278,0.0637682841009477,0.0732493748948184,-0.0368822849166764,0.1393305899658813,-0.1029422269842196,0.0649462650623014,-0.0643185112740644,0.1135361407911855,-0.1112230509428686,-0.1169792916677641,0.1456961590375704,-0.0675800552025888,0.083352137365982,-0.1364359230808833,0.0123521730325555,-0.1456728401855371,0.0448669211847499,-0.0931307744583054,0.1175572028829743,-0.1331986915037232,-0.1502273207069477,0.0821730506982176,-0.1389371406473722,0.061412679680959,0.054132941897794,0.104217449635098,0.1805614162519472,-0.1177711523403523,-0.053257393228092,-0.0913415919308847,-0.0497239404358931,-0.1769922137467007,-0.0045843504715779,0.0869472756653521,-0.1662567751363272,-0.0527343757582641,-0.045186412304612,-0.1351659851862511,-0.0095923996287313,0.029700308446962,-0.0476469810786928,-0.1499581570606451,w1
0.0400927024340661,0.0175114107114601,0.0808296703887827,0.0207994664075751,-0.1046677331603634,-0.0731634417757562,-0.0553217810043234,-0.0461456408398682,-0.0738081647689641,0.168210109155687,0.1492986343340957,0.0120956228115143,0.1536460025856465,0.0619755585462947,0.0836238296389374,-0.035403331402592,-0.1071861118012427,-0.1104430510553621,0.057243909236378,-0.1641313281361619,-0.143611928264437,-0.1614744366708736,-0.1434057977803937,-0.0410974492016767,0.0580109647233508,0.0657386738284649,-0.0066269379785058,-0.1118059377985059,0.1687307048564994,-0.1538383202912941,-0.101390072178342,0.1356028672799285,-0.0373498455578386,0.087653475656569,-0.1237114392308299,-0.1667593635364877,-0.0023416035132673,-0.0226067275771536,0.0049132984402155,0.0294057925047913,0.1494010708215836,0.1278039011851612,-0.1349209676318542,0.016880446363716,0.0186311174908438,-0.1115280052765475,-0.1282202874718909,0.0631300442289321,0.1119927016813013,0.0158848478402094,-0.0988057375310265,-0.0137596310571908,-0.0415419153853804,-0.0040584060184817,-0.0661271384246772,0.1651852825770442,-0.0415554240074377,-0.0933320132004365,-0.1586325571338902,0.1460130391767298,-0.0744306738293057,-0.1494219272150181,-0.0040759483592274,-0.1546963004637906,w1
-0.0130881346469142,-0.1062000835062016,0.0944470722635446,0.0321520442773433,0.0869960603109998,0.0476752059423609,-0.0418260134703602,0.0632100379549504,-0.1700312810292961,-0.0784277584681587,-0.0536156715511485,-0.1636775544731563,0.007141775957341,0.0152155750492414,-0.083881252544531,0.0125218871487345,-0.1612993435013165,0.0544123531831586,0.0081082463869346,-0.0645172967098526,-0.090776925208794,0.0010554109666395,-0.1733313443046418,0.0945968244225891,-0.0505971629650395,0.1391193084288587,0.015783604645945,-0.0915478576864566,-0.0279159894769063,0.0967768581604529,-0.1595156991014353,-0.1628111217276637,-0.0521383961118028,-0.0450188263548277,0.0428487465332297,0.0172727556049017,0.1314475539120269,0.0491553857046439,0.1721975163849103,-0.16454764062601,0.1622945815180889,0.0350730175577547,-0.1548938148301303,-0.0618906709739393,0.1591662444331319,-0.0072877391142209,0.0466352378117563,0.1072812984714789,0.1175022643365954,-0.0242035236811138,0.0358435060717738,-0.1019724655725717,-0.1207850573375774,-0.0943103556859572,0.1438425345994659,0.0844114762208531,-0.1801267128328793,-0.0665555835560977,-0.151488951054602,0.11991520946921,-0.0759203369464591,-0.0850171662266622,-0.0705803270328725,-0.1003656516893422,w1
-0.1021063884906259,0.1187383903703092,0.1707154574201952,0.1463578653482713,-0.0932842672776847,-0.1705888396392462,0.1009460824250749,0.147568618199795,0.0281305049509992,0.0480853261007632,0.0555510820195214,-0.0153285977514762,-0.0376001460075512,-0.0436409466516511,-0.0250458049738312,0.0633261636990785,0.1348273563749835,-0.0376213948936446,0.0568578717814282,0.1788668341441458,0.1422558787739498,0.0219980314624033,0.1365406203270651,-0.1798896437169757,0.0336161737394707,0.0880385697420803,0.042934181837611,-0.130776483520674,0.0124797341843947,0.1057358948561436,-0.1782077856558232,-0.0400909720433488,-0.0403750020695116,-0.1259053192370651,-0.0523485122203657,-0.0670901970750037,0.0541820323406092,-0.1680423411681925,-0.0956650121181544,-0.1586742211127964,0.0818268492051283,0.0620544960835741,-0.1505618254508881,0.0272452990574999,0.011113642243581,0.1251649082151247,0.0826618595892308,0.1291718439745139,-0.1369272462318871,0.1299560104083111,-0.1658402196977331,-0.048897619757046,0.1255911809120413,0.1117860017916543,0.0723913837543595,0.0974917267747932,0.0584624083646194,0.1327442027691704,-0.167114309012051,-0.0934325577496975,-0.1330212464558232,0.1755454799983198,-0.0441576115962081,0.1237576358751093,w1
0.1189206028969997,-0.0141951783869759,-0.1154724746685881,0.0714057727421317,0.000654539414844,-0.0647950941052281,-0.1054560530465793,0.0894508323681347,-0.0717263914667756,-0.1185383041922541,0.1772675347662866,-0.0817194467857613,0.1544476813834526,0.1567293110188125,0.1728723158654969,0.1796349112842944,0.0311949365376216,-0.0386820776636639,-0.1345506569590381,0.0579165752590932,0.1695203825258387,-0.0568500749714009,-0.0008266682832397,0.1664240366353145,-0.0665138936653242,-0.0782150396288824,-0.0395914652232327,-0.0995291014327822,-0.0845557877552661,-0.0179738898575759,0.1391732198422123,-0.1771461885130245,0.0475731822103545,-0.0354596476576745,0.1718275108782242,-0.0882291040136582,-0.0833896395181212,-0.1583686651563212,-0.0890746723210023,-0.1296536767488726,0.0942028531429217,-0.1710383243315374,-0.0824522799958341,-0.115702360545293,-0.179184181165562,-0.0293823220831343,-0.1567458123129418,0.1129030840291299,0.0004131609082526,0.1253389168036931,0.0857905363435821,-0.1786610069142091,0.0118622096789429,-0.1503487271627441,0.0843827524484696,-0.0100929185118814,-0.1151926119195235,0.1179575240015138,0.0388938423783799,-0.1257511606997134,-0.1293781619751237,0.0194007357584236,-0.1156039777607494,0.1035372887572897,w1
-0.0482456135645173,0.0682736432024977,0.1161964096171286,0.152142665560042,0.0784248686403283,0.1679705177416756,0.123170256368574,-0.0976893371050903,-0.1170821251476184,0.0291815192354159,-0.0335491962540656,0.0752520988149606,-0.1103694973810689,0.1014383251991995,0.1631698286366129,-0.1657330815237703,0.0039689556712721,0.1100796094630201,0.1770525440667048,-0.1763325432489366,0.1197443650842008,0.0138434004126701,0.1681293404708188,-0.1722629306800049,0.1728083817343171,0.1635848587250502,-0.0184275330608166,0.1077747512825485,0.0571444562363944,-0.0636685505289241,0.016029319222264,0.0109227873318593,-0.1346136928092154,0.1589722090518428,0.0498410849294344,-0.0607309501357524,0.1736888291140791,-0.1153216525137102,-0.1031515925352581,0.1056160264712938,-0.0915541131634768,0.1701016644191712,-0.0629710129470458,-0.1691368264048795,0.0347347461404013,-0.1000298559384558,0.1167265664280508,-0.1292564241445214,0.1140552595300104,-0.1162971635106459,0.0253253657524041,-0.1176079394595442,-0.1652414465210028,0.1193272029842884,0.0974859143120107,0.0346451285433688,-0.1290115450191674,0.1294358983731876,0.0562682516995825,0.0298629555341232,0.1794207635355596,0.0263468871528453,-0.0602918123947447,-0.0510500925222386,w1
0.175330606845207,0.0774058265881392,0.1405590591269117,0.1203426717105249,0.0443314438151374,-0.0161913458457204,-0.1403723444257209,0.0633306451689766,-0.1407559215928295,-0.0747404005252976,0.1446123614898654,-0.0859260033572517,-0.1541420662195006,-0.1324420814441105,-0.1736302705166766,0.1370915070620152,0.1071310421336654,-0.1748415890755444,0.0986509147296423,0.1016681218087818,-0.1602149851267876,0.0754482434510755,-0.0452346853517395,-0.1630197557139091,0.086647067719596,-0.0464271473347662,-0.0846090167987387,-0.0616670793139821,0.0506837594471149,-0.0883811797079852,0.0465329329652385,-0.1243765231290569,-0.144162165559847,-0.0499458268312859,0.0317345227790504,-0.0165478781217164,0.1224675280773321,0.0607799627351061,-0.0407886812197451,-0.1714053640731466,-0.128730569940332,0.0587895621411728,0.045556770915994,0.1433654433256901,-0.0505575119084797,0.0340083052520812,-0.0437821851096291,-0.1790676267011189,0.0496428140814328,0.0421383483657669,0.0612652774431755,-0.1529297348307,0.0694327451356902,-0.0106324194857228,0.1058696395807485,0.051180854889853,-0.1431181640082164,0.0443157689032504,0.1283302633094754,-0.0009346979662131,0.092249087417641,-0.1247896928431932,0.1468824587399466,0.1182160157913007,w1
-0.1364338145876466,-0.0601801765464398,-0.0977547075520972,0.0279457012035718,0.0176408864544956,-0.1043594085506135,0.1549017662244756,0.1654735781625037,-0.1054510630021611,-0.0573844949314728,-0.0232197154933104,-0.070387761663724,0.0676274732410916,0.1023347930574507,0.0840699341030186,0.0022252046911119,-0.0402607226130104,-0.0664102988635529,0.0231125969273295,0.1243538604802036,-0.0500097899402722,0.035262076064514,-0.0197001789548659,-0.0243650646694826,-0.0103759476118282,0.1628214151374063,0.0470181785098819,0.015292485275494,0.1117681285090135,0.068532909472944,0.1012728880793996,0.1478567312994166,-0.0513404119505045,-0.097648739178928,0.099807128959329,-0.1084132571913667,-0.0956582329174269,-0.1294603563972135,-0.0955655020939811,0.071162580803309,-0.025518173431574,-0.0961390671063743,-0.0563177354091044,0.0964347773419338,-0.1724418758929341,-0.1169093618471534,0.143924176439487,-0.1361015683034913,-0.0157089582377014,-0.111789714647878,-0.0289195917586382,-0.1534515848302775,-0.0289725934802334,-0.0312636616285161,-0.133128651665921,-0.1330925804318633,-0.0250276037431548,0.0360878781898122,0.1170146604818347,-0.1383628719147466,-0.0114343578706633,0.0708108084612527,0.0589015696141072,-0.0463569069740549,w1
-0.1470817263809801,0.1360229833631761,0.0498734751063556,-0.0090828340752986,0.0994264305454664,0.0388839480904781,0.1196898952637808,-0.033875598615873,-0.0117951930426013,0.180421077506018,0.0725609901110048,-0.0632557699324732,-0.0331265912729767,-0.055926537796494,-0.0651614816542545,-0.1719300161350291,-0.1429146883336591,-0.0302840744696683,-0.0006840352918713,-0.1045316319137698,-0.0845300151971548,-0.0945309905520945,0.0632570068335718,-0.1169998865457799,0.0987023638065015,0.0839154345902044,-0.09263018811025,0.072880010776885,-0.1390084981016389,-0.0716407780933466,0.0166047410887883,-0.1650337231506135,-0.1551852406743147,0.0517363053821278,-0.1474253029671803,-0.1113936800684817,-0.084494377076801,0.1203692979103849,0.1403009597370834,-0.1324822882307911,-0.0863504075750516,-0.0407651107752106,0.1679571798348651,0.1271835879390469,-0.0962066980912902,0.1218311152550634,-0.1341817429758477,0.105418106728573,0.1034681077856114,-0.165054316870101,-0.0275889737922311,-0.1542735120151209,-0.1056325816663558,-0.0881639468684361,-0.0611807012815929,0.0742928308052944,-0.0880412417464063,-0.0722255564644606,0.0368154698837865,-0.1257927735241671,-0.03449480976172,-0.0298558989076991,0.0237279230008587,0.0943851414689335,w1
-0.0467963697725268,0.140854639950595,-0.1529931644965867,-0.1360299836343443,-0.0392508301090902,0.0578774102825997,0.1199156530895692,0.0499625110756941,0.0192649120649462,-0.1359389258059654,0.1296109104892391,-0.0148989941614081,0.0724949462693149,0.0113223990584391,-0.1578067005049192,0.0961097300490664,0.0858971919214441,-0.0111845561677682,0.0015265808248301,-0.0198022809507867,-0.1198856186521506,-0.0711914441249854,-0.1474945216852419,0.0705507060146118,0.0418804302276962,0.1120121783419581,0.1582139216865545,-0.0302391534490037,-0.0396243572844725,0.1000971391887007,-0.1651552976490228,0.0780950995421315,-0.1401516473237845,-0.1307352115753546,-0.1535684382817315,0.1163492306166778,0.1520863838794493,0.0193444014203606,0.1014327115800559,0.0037463472462651,0.0201504209081759,-0.1663166246899546,0.1796908214128738,0.1410710894386329,0.1724206956523073,-0.1467440971893225,-0.0048971772058359,-0.0202527559559605,0.1149423377742638,0.1091696941022009,0.1107385181958892,-0.0121235156765732,-0.056868375039143,0.0944501180087052,-0.1740901455694996,0.1253113731305295,0.0014725843976574,-0.0121975497213976,-0.1240086671354329,-0.1258953262655481,-0.1628985109500695,-0.1667250169726638,-0.0567689299750747,-0.0709449403238677,w1
-0.0820394063713601,0.0519111030371357,-0.1791318104463417,-0.00468717054935,0.0660647175649996,-0.0679572241303979,-0.0269562043844501,0.1746436267658579,0.1769492928644128,0.177012422471852,0.1555924960588989,0.1561720814811532,0.1417788507330027,0.1059967563077883,-0.1314667874011923,-0.1598548158715591,0.0803878246063991,-0.1173369255680563,-0.052167043908587,-0.0979791938235051,-0.1800368490764775,0.0414467825637372,-0.0270255868014766,0.109008654522571,-0.047217576541397,0.1529285377959867,0.0553403059626443,0.0271559795920123,0.0422356531204206,-0.1784801296387095,0.0115714645952212,-0.1698656110722958,0.1061753050596516,0.1526284762333805,-0.1804760430697237,0.0363877147777754,0.124936857131643,-0.1779349295221672,-0.0994315753655136,0.1347469115006968,0.003724255154699,0.0806664392058708,0.0217778029541055,-0.1376786677542592,-0.0050829063471253,0.142637031419149,-0.0429746069715618,0.0542951085295551,0.0313604340984984,-0.0358368716381491,-0.1342741715106504,-0.018315803319326,-0.1553518553768039,0.0798133577456795,-0.0915035705389596,-0.1112852910424721,-0.0280216686837373,-0.0433976692605592,-0.0664357089878311,-0.0260063314668005,-0.1401099916517396,-0.1560514604211275,-0.1624013360107347,0.1411841450159307,w1
0.176862804783719,-0.1322662058232234,-0.1253908265933867,0.0588448530043553,-0.1388787768414231,-0.0845379403941186,-0.1600730752735366,0.1298137166618717,0.1235092975373756,0.1404483105330585,-0.176829248442235,0.0593684506221893,-0.1205133630591547,0.0237396151736167,0.170865146513313,0.1375014798820486,0.1727881625337342,0.0941419141446357,0.0471886380153186,-0.1077454195589998,0.0594453139001436,0.1243503319311246,0.1575292277508986,0.1075941221320576,-0.0758905356361168,0.0037993429908505,0.0749982404638651,0.1581050201001783,0.1804535927902773,-0.1186922171735163,0.0542007821341081,-0.1234489794674774,0.1384177516053345,-0.0216734667535859,-0.083169069030507,-0.088642887756369,0.1600742979587091,0.0184100719941347,0.0559789952524558,0.081645797512238,-0.1533514728203426,-0.0038440566612938,-0.1211990015391975,0.0128161663240494,0.0050989520300278,0.0055667099970474,-0.1526775197602345,0.1441394445013166,-0.0747242607903567,0.0030378942312811,-0.116047287595953,-0.1669711321983566,-0.0387104908926412,0.0890008931143925,0.0593086210602143,0.1732553058490942,0.1708490871345551,0.0520223237902784,-0.0744762081564304,-0.1376785707314781,0.1175348373361426,-0.1389620348144252,-0.1114475502009856,0.0225200222199203,w1
0.1447290064995963,-0.0820194928807718,-0.0059545632868568,0.0550566457725153,-0.0345012929092659,0.0098857502244992,-0.133615414984546,-0.1455798205966163,0.1631970368378052,-0.1550907535215111,0.1157008296245423,0.0761072649819664,-0.0812971062064874,0.1326026721085915,0.1162029093937103,-0.0545814089023664,0.05901478697353,-0.0314512186986298,0.1161110031456256,0.1244430456056031,-0.0772761315846903,-0.1671108987018737,0.0372992531506649,-0.1773987936809022,0.175230911041178,-0.1167760706049308,0.0209379438652806,-0.1332935289325182,-0.042610648258166,0.1512010774952687,-0.1726523540833329,-0.1765139759980506,0.0346101741057232,0.1241216943864035,-0.1515617919071159,0.1600810221121115,0.0987722370157656,-0.0617688956945378,0.0318868041060249,0.0758605221677678,-0.0276178729907684,-0.1017087976624069,0.0648242331135201,0.0194676582698337,-0.1772969915782061,0.1185591413440209,0.0826909573378536,-0.1588712742894057,-0.0775542445949541,-0.1371631272794518,0.1301587249618331,0.1473789374448772,0.0826564122335341,0.1666112294258259,-0.1128270979339247,0.1276937788612824,-0.1379638131829044,-0.1517870995942786,0.0612429985857359,0.0314721405614356,-0.1113650143715681,0.0128935415534623,-0.0729891573962283,-0.1271414291156634,w1
-0.0233338314356995,0.1477753762768937,-0.0410138348160994,0.1012527458603122,0.1467391549158066,-0.078282888478715,-0.0584259830541869,0.1118529230205354,-0.1763916294166821,0.1686325414903564,0.1659396873865134,-0.0820173900909065,-0.1729565648119321,-0.0760678397247253,0.1244783240852796,-0.0795862835483299,-0.1143005808523576,-0.0566684275307414,0.166171672095061,-0.0220125675240902,0.1781824647184595,-0.0617942973439633,0.0821697955985244,0.0515534459968699,-0.1341603354229429,0.1600410053362399,-0.0939015286061673,0.0970421316436189,-0.0834316357180411,-0.0887770311408201,-0.1437275367915799,-0.0835974252979174,0.1473919379627757,-0.0417185516036421,-0.1526781161559634,0.0883626040330061,0.177862805638626,-0.0312058833947964,0.0830768719698579,-0.1148941791255647,0.0787063906934503,0.1614973688309772,-0.0867427999572166,-0.0126904189646952,0.0923857255582964,-0.0867262943102764,0.0744468050256676,0.1778304963959236,0.1533709701263788,0.10011012405112,-0.0563673359778001,-0.0985895494795841,-0.1668795228584486,0.1217090218387329,0.0768955565506582,0.0385685638979255,-0.1756167399596255,-0.0813499744700973,0.0108527731577741,0.1304327685418381,0.0438226142409423,-0.1481280854284207,-0.16772870051086,0.1137943241066734,w1
0.1141807292664026,0.1758219158902421,-0.1533829961422374,0.0835105369096797,-0.0996770297025183,-0.0500859161829013,-0.0435186328003404,-0.0493615431458534,0.0465029986270624,0.0044698935870602,-0.000431497553126,-0.0136779689656633,-0.0588273634830624,0.1769662065838743,-0.0564666063261383,-0.1736746380943393,0.1518196476023108,-0.0773665151791372,0.0896601945884967,0.0919877474470944,-0.1705888534047787,0.014894879492136,-0.1550922148952082,-0.1638305733529632,0.1304459068929801,-0.1732459037393806,-0.0415397328726846,0.1778347391733982,0.1764587673568483,0.1572683963475049,0.0473137737566933,0.167831411831666,-0.0142369708565689,0.0077725543564915,0.0304825015480553,-0.0131682375466439,-0.1351491983279051,0.1111977480792975,-0.019470854854646,0.1449987870964947,0.0548215290049426,-0.0759608766547629,0.0886504972685431,0.1058706020720667,-0.0238075945942222,0.1676244931475911,0.0870594339097689,0.1022421094436835,0.164039984106486,0.0046323361825888,0.0236735422325898,-0.1183040207470694,-0.0536232680744944,-0.1203888069794201,-0.1362760136587155,-0.0252206857994628,-0.1584508971138232,0.1696432860662158,-0.0544026207503378,-0.1174118677678834,-0.1431795104602867,0.1331851218954215,0.0440990402908845,0.1197178513512622,w1
0.1121237320228438,0.1442118453923974,-0.131019220207947,-0.0274442524314412,0.1382624821845129,0.0728259582173624,-0.0471584641701652,0.173839609980221,0.0415928550390772,0.0354804249323237,0.1670482327247125,-0.0098304742131406,0.1325127537448463,0.0898954981234729,0.1087339229936741,0.1620967860454102,0.1570557966220103,0.093809457017865,-0.1127864533157699,-0.1071950605168313,-0.0493104997389162,-0.0283384182355306,-0.1495605452052241,0.1544855279325035,-0.0419966598980725,-0.0871849108075133,-0.1082992371152366,-0.013005251993093,0.1548697475574814,0.0628799683257156,-0.0455828905486654,-0.1196075429211966,-0.1619745125296046,-0.1488282919933873,-0.1533050889223894,0.0013706458802165,-0.1438372991677754,0.0047186141615386,-0.1641814568663903,0.0033210359853369,-0.0080143464447094,-0.0656584409036128,-0.04289292727564,0.1462991851683787,-0.1372890505484627,0.1395148010296169,0.0484205572469172,0.0383937864093088,0.0514545161611884,-0.0453499154851401,-0.091304107151677,0.0200863605744354,0.1583029208252669,0.0390783021463256,0.0981426116998386,-0.1689721481794091,0.0290787926337096,0.161112197951143,0.1778484798273382,0.0726632685187959,-0.1171898863998077,0.1689512319908441,-0.149751046294814,0.0067314125362073,w1
-0.0321865055470723,-0.1394043388546404,0.1425625696816191,0.0712364781688406,0.1729947146014025,0.1599335306032768,0.0503973694662831,0.0132333418285943,-0.0212440751749684,-0.1401640031350467,0.0093563921329431,0.0590075588922893,0.0709073046229552,0.0380959520045052,-0.019560080483739,-0.1457599112832791,0.1126839918452471,-0.134511029194604,0.0480428809137356,-0.0276190865625308,-0.1674384754206009,-0.0677604414257186,-0.1025936044904169,0.0681784999256726,-0.0530815782288425,0.0118911039772982,-0.1107189401067723,0.0928156551475506,0.1188995978649822,0.1473839211707639,-0.0846209964307183,0.1191341353637558,0.110264174568564,-0.1295437550568294,-0.1043538168335806,-0.1662119788447349,0.1564363122953427,-0.0567032016673798,0.1566653565346799,-0.0461382900901335,0.1725160473163429,0.0171895512830848,0.0906956643025877,-0.0624889590333553,0.0748702385556538,-0.0018174776961644,0.0189548628913625,-0.1589072892637104,0.0721787842235227,-0.0130641719532551,-0.1185977656913558,-0.1572655026047689,-0.0350363498606411,0.1197323819894357,0.0773858327152234,0.1455690703165106,0.1008135903755002,0.1232232419760136,0.1180223272609114,-0.1053212246110188,-0.0647527960270431,-0.1385473498793478,0.0531281524296134,-0.0433474096985705,w1
0.0112161078847921,0.1419917931519324,0.1300334207248883,0.0632762355235148,-0.0554178769721828,-0.0454202491791335,0.0615143455812816,-0.0763384793738602,0.1146682475817552,-0.1738077456265062,0.0463471292077063,0.0016413457976655,-0.0170845734087722,-0.118511122768991,-0.1692253984662921,-0.101142102418638,0.1786833519939969,-0.0390615977652954,-0.1400510531012525,0.0940873621028983,0.1586084594709213,0.0143752953482078,0.0925481691255087,-0.1165361538977977,-0.0249867024891606,-0.169390405202006,-0.0567558176861897,-0.0858540322120059,0.1599884411473619,0.0014597869106418,0.0684546675284014,-0.0201123259494754,-0.021900105696045,-0.0897809214194844,-0.1248161431875939,0.021365345834037,0.1204606531899709,-0.1308566278980696,0.1177147089092684,-0.069050511516104,-0.1578232497719973,-0.0737160390882231,0.0504201127992177,-0.1448585303905596,0.0351400245210257,-0.1518691615959879,0.0471138378153494,0.0791699797287277,0.0155535480398252,-0.1110539233237902,-0.0551248780138568,0.0254244064981297,0.1469609039663188,-0.0148450335057815,-0.0872821665176351,-0.1390245995648872,0.1124912543109212,-0.0350370904986893,0.0837256187437084,-0.0115075119196439,0.1176169809125523,-0.091231256705402,-0.0826048440319333,-0.1635489939351835,w1
-0.1040936023590599,-0.0439306030032418,0.1587250931722626,0.0325092971770621,-0.1690555080581685,-0.1109127609275682,-0.0745782887011419,0.0220611452173182,0.0498722569618347,0.0558022155779797,-0.0155537035499967,0.0370941284683374,0.0576970737029837,-0.001287049547242,0.1063471057442595,-0.0956268446362479,0.064690268939888,-0.0115988058176149,0.1059905672239317,0.0825241872513172,-0.0317742569873265,-0.1548505189139723,0.1545731121048756,-0.1189455830765587,-0.0352345909299312,-0.0231448994535467,0.0746159920228517,0.0913873603406146,-0.1481258634781797,-0.016991218735178,-0.0950201568579612,-0.1314414544656542,0.1175386792736043,-0.0627144718537548,-0.1261306742356246,0.0665705249908629,-0.1709636575066602,-0.0088353948380702,-0.1773440940568537,0.0529248962121709,-0.1621670733205355,-0.0366650940905175,0.1303569178685842,0.1270333957808742,0.1672028263758735,-0.0763803561630288,0.1398308378759063,0.0806520093638112,-0.1526042701537681,-0.1418355144637709,0.1604979877730651,-0.0701340436018386,-0.0758869408988835,-0.094928713871089,-0.1189895602227251,-0.113658332243682,-0.1273337149887495,0.0290584816665044,0.1602053085706703,-0.0084936333525474,0.1705812104396064,0.1028571189870684,-0.147929486833842,-0.1158926321200409,w1
0.0363802071862882,0.1367090034845465,-0.0247982535883322,-0.034025588282716,0.0595577460250224,-0.0295548210458494,-0.0206003403595295,-0.12128578997263,0.0869557600005351,0.1150985497405789,-0.0579869571940364,-0.1286032591931007,0.10045847496054,-0.0593022714870907,-0.0419236739141221,-0.0768302733649049,-0.1217879464910461,-0.1463122978363317,0.1002218306228982,0.0919223881314601,-0.1525103582016168,0.0316720512973074,-0.0148052132442165,-0.0151874702244068,0.1214057161778731,-0.0676355549568864,0.1406619902203934,-0.0159595971489499,-0.0568228714256654,-0.136127520648186,0.0231960653877817,-0.0549968455443934,0.0530984568053579,0.0052135421094447,0.0713582133976013,0.0498794848782995,-0.0080994868632586,0.0193817009680749,0.1555802619921811,-0.1143282886112983,-0.0552186927058228,0.0601022040141212,-0.0643411514216129,-0.1250516337942505,-0.1719955705448251,-0.047150457980133,0.1540818558136179,0.0821635759238348,0.17687422107688,-0.047805293493019,-0.0817638576913594,0.1060070772788177,-0.1325729581082583,-0.0458148485058602,-0.0053749423177603,0.1676917944668094,0.038875119641351,-0.0925061545862165,0.1129354806130807,0.0836057175862212,-0.1163267004368487,-0.1116593658676324,0.1540966524217687,-0.1230469623751073,w1
-0.0974536468329271,-0.0330325724161552,-0.1505728201227379,0.0699385952234289,0.0522193749272431,-0.175521653461889,0.0359946206025295,0.0475291144368839,-0.0230808569669006,-0.0618354671061587,0.1726525858449539,0.1310308721025647,9.923008521142695e-05,-0.1757780311735883,-0.0877118736189612,-0.0591374826805848,0.0621488848723114,-0.0172928265035821,0.1643979374855711,-0.1080367573219698,0.013253743722028,-0.1455590675082435,-0.1064792776440894,0.050443838294473,-0.0440783076997707,-0.1662444560601569,0.1327719434275771,-0.1713720412445276,-0.1778795332432063,-0.0877270587794577,0.1348203516233906,-0.1293370743964111,0.0579872689392221,-0.135338915037177,0.0260611945795124,0.0568522834238687,0.0029395488440611,-0.1419975593252655,0.0945048236833762,-0.085603228366873,-0.0515445696970129,-0.0102904932260972,-0.0037241988666202,0.1535506723382484,0.0414371551276763,-0.0071566169190215,-0.0470477346428205,-0.1716720784531314,0.1648550639637645,0.1002398754051104,0.1107321535850822,0.0710657865706315,-0.0282156718425131,-0.1259067052966034,-0.1552299658023388,-0.1155244053828195,-0.1681789551933342,0.1061810535525309,0.1482606535425926,-0.1735051889113241,-0.146892865546353,-0.0810088477623786,0.0958729572187244,0.0460125607084624,w1
0.1430934868638576,-0.1492703445097827,0.1139256284300095,0.1768595620254586,0.1483313810082831,-0.1541672135302744,0.0889290724524166,0.0366003867236764,0.114724886644994,-0.1750447967528922,0.1767975866238641,0.0809679695831504,0.0166068657770848,0.0559200214560955,0.1690724694825448,0.1294069187995367,0.1190987246796968,0.1122583028441619,-0.0751620083235619,0.1567225822129851,-0.0208009619168539,0.1134587627382232,0.1232314099824815,-0.1781311501113311,-0.1157633845205489,-0.1193675140947484,0.0569597672069649,-0.0039391729805784,0.1624209941378143,0.0669292745531812,-0.1637323990854624,0.0832972341073292,-0.1633115162647724,0.0856350044197395,0.1719191797448787,0.1232708141211258,-0.0688269743562592,0.0491380331033161,-0.0329485982978558,0.1765156432858831,0.0427109168372692,-0.1598898844429451,-0.0381090265152633,-0.0482769519978374,0.1403844108305195,-0.0895086501184515,-0.0907956295204749,0.1656231627940395,0.0115541538126176,0.027243354311505,0.1326917998296882,-0.110285797453119,0.1082689574824733,0.1103854548865758,-0.1478889896800711,0.0548119816356313,-0.1133885348856382,-0.1329416302905476,-0.0034785411213806,-0.1545721622794099,-0.0651952781693477,0.1606639051148068,-0.1389817207782633,-0.0815599542217569,w1
-0.0399703784534556,-0.0708561420671082,-0.0811967042158596,-0.0831459229778089,-0.1779134298439812,0.0978467248806469,-0.0070119094360907,0.0382081540679656,0.0732797857975052,0.1530432238876225,0.0274953669038492,-0.1661597704152196,-0.0681929583889014,0.1414270409872503,0.0977933345283791,-0.1193990927631787,-0.1803888566381314,-0.1607445316541918,0.0841056151048041,0.0923486477028215,0.06328144370873,-0.1764599639536243,0.0304193791163863,-0.1249061381097942,-0.1214307593375907,-0.0385467914055734,-0.1248792591414886,0.0133010960962287,-0.1660596345862874,-0.1293021279938882,-0.0503097875380868,0.168752284698165,-0.1795771883185644,0.1096468018556229,0.1090554185165228,-0.1724034321350494,0.1618685697040467,0.1478923447256574,-0.1565934890286479,-0.1363602594523349,-0.0619178604257409,0.1099351890941038,0.1357417508086683,0.1032932927014925,-0.024687401490247,-0.0567111071564945,0.0508679777896515,-0.0902103901816503,0.1399300603870109,-0.0238961710874211,-0.1804105040680086,-0.1053827758150668,-0.1571295053901971,-0.1354010098900551,-0.0464574953798273,0.1528227262879421,0.1229931391930843,0.0617939525097603,-0.1667382075284812,-0.0606240388782058,-0.0392431112201094,0.1088334751139306,0.1139383194601323,-0.012117165112648,w1
0.1749463617944997,0.0296663979451495,0.0949526059667816,0.0115110706291538,0.1382555820148166,-0.0040700079370061,-0.1381304984347189,-0.0561095618911568,-0.1367903606470135,0.1079107765038265,0.0734018573075982,0.139876469237777,-0.1543952839765704,-0.1253421327340934,0.1463244591047041,-0.0102434093429445,-0.1636014073134732,-0.1049132109902455,0.14728739380149,0.0036566492150725,0.1790734857527277,-0.1366600091738987,-0.0517282340963746,0.0825993910330227,0.0854635769037548,0.0225667353402655,-0.0490714638624257,-0.1068939409329829,0.0850274903258192,-0.0290249138027233,0.0258125284949117,-0.0058523795830392,-0.146504600075822,0.0072766400869705,0.1314886240753993,0.0670386962982665,-0.1642425683303218,0.1666347629591349,-0.1721723467412855,-0.0677751751883519,-0.0361804010960015,-0.1376459615313254,-0.1733549662084904,0.0576834428105342,-0.1068577154548918,-0.0187704503055708,-0.0538875350214673,0.0315552415066087,0.0432679109201258,-0.0960384866088356,-0.1610406558214651,-0.0660851624139759,0.1328301830878865,0.0795682170672667,0.0977400785560127,-0.1089094246619565,-0.1134777108026883,0.0063331042626504,0.1404883112979677,0.0593995233118669,-0.0776500558346605,-0.0445840515454183,0.1582624742290882,-0.0667093546925248,w1
-0.1490554109043056,-0.0813388458772585,-0.0208262226764629,0.0350316078392479,-0.1259872841993458,0.0937983055196586,0.0327393302275681,-0.0756045809889153,0.062888023891937,-0.1507439872707925,-0.0912496386990331,0.0841701589587305,0.1436925919762343,-0.0745582044581996,0.1331857451371968,0.0969591088540718,-0.0893053564090814,-0.0505596079195255,-0.0531286311297481,0.0677993907528061,-0.0851163751485806,-0.1429410979965035,-0.0569145714425181,-0.1609734529843083,0.1201594346133027,-0.0449331960323748,0.0174454100487854,0.0973711395385496,-0.1729159299838262,0.0265965660684665,-0.1139998511181117,-0.1138944685398096,-0.1291354066183145,0.0346195299215584,-0.1274444151163727,0.0335646027019,-0.0168904927878505,0.1238329445529647,0.0038263300261596,-0.1203859796947035,-0.0959538820418101,-0.0482993692827864,-0.1358887517567206,-0.1449247557805989,0.0406504606123387,0.1434539847456636,-0.1800692289681091,-0.1268315935530864,-0.0292620917764902,-0.0195447380739982,-0.0292071152189249,0.179543282638438,0.1429555897639123,0.085805400810413,0.1669897165104959,-0.0522027123391976,0.1582518755199372,-0.0267004576212093,-0.0216824454147015,-0.041217844367554,-0.1737999331251157,0.1402150428645932,0.1417030923517099,0.0309685467155341,w1
0.1452153855005746,0.1774440813518419,0.1356654469551516,0.0126412010271392,0.1496053573554506,0.1162974386965486,0.0218891083805657,0.0206787190707252,0.1534428181830661,-0.0464250167576519,0.0356727219740478,0.1453132222183069,0.1064943228162158,0.0038026168039793,0.1528101227216769,0.118037559463215,0.1264174258008691,-0.0398805051444466,0.0991511723073002,0.1681350875270439,0.1269382424572377,-0.1489188178477126,0.077024599589061,-0.0206819505854586,0.1341366780154451,0.1586660254887869,0.119255849151057,-0.1133747615550403,0.0734689350120464,0.1734486917335415,0.0884786218567237,-0.0170083517470671,0.0049589940851982,-0.1225452897474145,-0.0130760854802484,-0.08520241283238,0.1692504467212278,-0.0715407909100308,-0.1470863064613406,-0.0191510249035626,0.1238073541135512,-0.0958212762073668,0.1415340839945907,0.0025244993079905,-0.058262140508432,0.0895869566131034,0.1534091367161564,0.0588185463386837,0.0450143363405643,-0.0211357533877648,0.0587976564744793,0.0255646119299126,0.0497502400258854,0.1205822917653629,0.1532804902859692,0.1037705233705432,-0.0143813973218588,0.0302381227877614,0.0982288482327296,-0.165599105272295,-0.0483220047180224,-0.1288698435604109,-0.1693597085243991,-0.1344528501538576,w1
0.0433196587454107,-0.0722934106416078,-0.0362911994537646,-0.0152311459663479,-0.0528120032741279,-0.1539436385257485,-0.0024529717289035,-0.02323030724545,-0.1262118364510597,0.1780005520081649,0.1251358723816991,-0.0077431816186312,-0.0902051879030832,-0.1627151342416526,0.0858186165756359,0.0043804287636243,0.0605665357418017,0.0668955729912624,0.0464294110736607,-0.1783031328316196,-0.0875203115155801,-0.1576468948396875,0.0056687973776254,-0.0800070025804017,-0.1661621375759116,0.0949529797524623,-0.0796624976461272,0.1721768730408898,-0.1664883299586202,0.0116693110159559,-0.0774161136280702,-0.0628216664607587,0.1039829745367175,0.1499034311375035,-0.1222483368709889,-0.0135396575469539,-0.1681187065697048,-0.1457739916825447,0.1334825121135626,0.0846524256173593,-0.1587878150969722,-0.1628081600004938,0.0463663309300892,-0.1289116068605938,0.1768632311585254,-0.0292223282979466,0.0356597555150444,0.0002255384522633,-0.1175862488395141,0.1099399309428476,0.120393904809239,0.0434067846417952,-0.1257286757900071,-0.1747013563428425,-0.0880077505151832,0.1115278049030388,-0.0470023311588334,-0.1502894614250755,-0.178871519956156,0.1065473131699296,0.109736133563824,-1.6273226833840582e-06,0.0557846285525031,-0.0124622836377606,w1
0.1747556196813609,0.1770047904244724,-0.0984067443939716,-0.141824281026849,0.0799912741968975,0.1745604558965257,0.0198884187594983,-0.0316631838710306,0.1364077534457537,0.0547668280717067,-0.1249656772590053,0.1249975533577091,0.1249038700432884,-0.0600597851435593,-0.0924664713070211,-0.1217998086156992,0.018592424199652,0.1115516059040928,0.0066137382221364,-0.0345997658625079,-0.1003663935705624,-0.1526299825280139,-0.0683134565075246,0.0036233643734744,0.1310929639928041,-0.0708503741581822,-0.010428649373403,0.1038209405697656,0.144035777727419,-0.0676379545253801,0.0226946204438521,-0.01990206969359,-0.0444531712181401,0.1107268709287665,-0.0203576231562553,0.1636648371244036,0.152646086396137,-0.0439423539072147,0.0023683791291487,0.0584142998325593,0.0293600982319385,0.0086912289944142,0.175089941276461,-0.0293594754219773,0.1352989622759982,0.0276987316818618,0.0732958634122018,-0.1263911706897142,-0.0805746341675761,-0.0464634017921586,-0.0630329853485292,-0.1312124442825087,-0.1606772914251619,0.0174303840287738,-0.076745037178449,-0.0031218733889551,0.101231183377618,0.1058942030930898,-0.1009743204385654,-0.0189271093118408,0.0310150791587421,-0.1351739481702256,0.1746604986303999,0.1646457116941775,w1
-0.1462337904475962,-0.0854582765698342,-0.0488784521266761,-0.0205806453461895,-0.1512003127469353,0.1342356546989548,0.0611012731700618,0.0205012365933548,-0.15814170314604,0.1195711232994872,-0.1617994044639874,0.0772825171984998,-0.0895486165645187,0.1088025294429539,0.1066070928859409,0.1681428964179677,0.1486572077889617,-0.0167520037612219,0.0957884886862899,0.0209884817239053,-0.1303208465363282,0.1330223277220808,0.0457204536242711,0.0699339269535978,-0.1442495294800874,-0.1767305104254993,-0.1654829573185803,-0.1295107417241132,0.0232842115686284,-0.1731773341934495,0.0398551779854413,0.1182162923241091,-0.0901050880340633,0.0337348368903199,0.0830784963741787,-0.104566102704713,0.1694077783039516,-0.102485938921804,-0.0899416831030983,-0.054703926885042,0.153735742012111,0.1560036166141768,-0.077853258457022,0.0191492049186366,0.1505304750206413,0.0658573221179517,-0.1658673398277248,0.1355149636616257,-0.0135085156603825,0.1337332982332846,-0.0164347411478298,-0.1411943754966086,-0.0449488891289157,0.13559386260102,0.1245194178690529,0.0200059768716693,0.1235735565347337,0.0546055499052898,0.0648449252773091,0.1314943379011409,-0.1772366362648895,-0.1268323669591207,-0.0283851215928796,-0.1174489608968207,w1
-0.0081944688327239,-0.1604925362972766,0.1182572939474006,-0.1416658058243176,0.0953479523826796,-0.0097198697219481,-0.0029028057353776,0.045426202105199,-0.0094565741522674,-0.0658929654154083,0.0713493538602206,0.1722438048730104,-0.084759417100365,-0.1648229349435746,0.0765652843678977,0.137210378643616,0.0994226330008566,0.130191755261463,-0.0974843873670841,-0.129048516013313,-0.1022444189241005,-0.0515116566286135,-0.002827403272016,0.0027004361005338,0.0926115551578965,0.1595661806260123,0.1213404952878618,-0.0384055098217002,-0.1096824356925303,0.0382882295621511,-0.1418930525604354,0.1692151786928564,0.1284828205025082,-0.0064445450582708,0.0416863829872646,-0.0125446607735937,-0.0889240813208937,0.0458175817852839,0.055392894833975,0.1072081833796597,-0.1002675827178022,0.0713336684732431,0.0707313504757338,0.0384701539526146,0.0436759502924818,0.1496047426357233,-0.0588907885854175,-0.1079700595074817,-0.0086563497685719,-0.088647722297886,-0.1403738669459856,-0.0275957508484509,0.0549789468465546,0.0355770205408372,-0.0181453060462165,-0.0070986865874831,-0.1776939500702004,0.1319571219017445,-0.1457200779757224,-0.0301908086457189,-0.1708688599935736,-0.1346476217949956,-0.058427368250342,0.0157283022879668,w1
0.0343588112364737,0.1196918399919702,0.0767316018070246,-0.045183471488732,-0.1423056481737072,-0.0128927143873538,-0.0969701754771335,0.1742857867999905,-0.1352789063529144,-0.1515913264213772,0.0797260957110557,-0.1069989341572366,-0.1381493363413641,0.1569570946113437,0.1782761730023238,0.0914370526056902,0.165973143530318,0.0776876229464134,0.1245109814264046,-0.0878911055892631,0.0414876767673015,-0.1367935579660926,0.129121251972018,-0.1453421329682807,0.0131230350840698,-0.1437934940732066,-0.0431408335517512,-0.1363053468564233,0.1345216847230827,0.0148990551812119,-0.0843701986271851,-0.1567095323932695,-0.1379697866845416,0.0275244584414596,-0.1342044240594534,0.1568020915091927,0.0190662227833894,-0.1535732105546411,-0.0901951521447422,0.1741565405687575,0.1688234867312778,-0.1287663063030383,0.0981620024235422,0.1673119384039078,0.003119386309062,-0.0667533872251685,-0.0459886384543777,0.1554618446587787,-0.0618839478610607,-0.0179227640224406,-0.0102290768793435,-0.1460562446168807,-0.1565619430689431,-0.0679246606144383,0.1011635434701976,0.0667720348343526,-0.1358333926812895,0.1284579155210264,-0.1720679590028287,-0.1721613765529335,-0.1773855456994382,0.1421168028161129,-0.09928544396576,-0.1579165125872339,w1
-0.0872074764817379,-0.0733430251316178,-0.0749205043654247,-0.0728864947826233,-0.0787168360040971,0.16486447622233,0.1247834054704391,0.1745926775865559,-0.1005687760863561,0.0434637210571494,0.1719279610777248,0.0073224244202034,-0.0302878720130359,0.0833927199686931,0.071004263373676,0.1616581692301989,0.0146790337501631,-0.1068313402980705,-0.0957719913293762,0.1569349689762773,0.0341114275186745,0.128330926376082,0.1517687072503591,0.1025848007944129,-0.0860332320503736,-0.0053996125248008,0.0591174283519977,-0.0799116551102757,0.0521465521286095,0.1134370497699755,-0.0241624479729556,0.1088261113116545,-0.0496124932032969,-0.057193405696741,0.1111908108610957,0.1584312656411857,0.1162161382972895,0.0188176956813474,-0.0845006493052857,-0.072508318894298,0.0657126352071745,0.0048072813179339,0.1685259980023916,0.0626217709161414,0.0649667583466538,-0.152253625885183,0.0707620144314389,-0.1235853371411936,0.1027418209885403,-0.0964915340175587,-0.0486855099511092,-0.1797995043613243,-0.1489622285409814,-0.0260574887867293,-0.0818266237943764,-0.1729531257648381,0.1584294105424543,-0.039476212974344,0.0697643454091848,0.1151535109159501,0.0840951579109961,-0.160010205419127,0.1354361116560241,-0.0814386230982661,w1
0.0,0.0,0.0,0.0,0.0,0.0,0.0,0.0,0.0,0.0,0.0,0.0,0.0,0.0,0.0,0.0,0.0,0.0,0.0,0.0,0.0,0.0,0.0,0.0,0.0,0.0,0.0,0.0,0.0,0.0,0.0,0.0,0.0,0.0,0.0,0.0,0.0,0.0,0.0,0.0,0.0,0.0,0.0,0.0,0.0,0.0,0.0,0.0,0.0,0.0,0.0,0.0,0.0,0.0,0.0,0.0,0.0,0.0,0.0,0.0,0.0,0.0,0.0,0.0,b1
0.1854439953017584,-0.1645164364463777,0.2378461804621913,-0.1538833870705783,-0.028199727251294,0.0359777042285526,0.1854540662436968,-0.0781550595662492,0.000273677806711,0.1795260173270456,0.1459683373095687,-0.062722961636694,0.2254328520929799,0.0717118424081144,-0.2414462389985413,0.1652184824493551,-0.1320541382572388,-0.1500701452550845,-0.192269008290405,-0.199675075245242,-0.1585311997480287,-0.124310684324401,-0.1050267710237858,0.1491917378509146,-0.0852991906918783,0.020129003458212,,,,,,,,,,,,,,,,,,,,,,,,,,,,,,,,,,,,,,,w2
0.2562440709094061,-0.0226185018430783,0.1002333137054888,0.1007781359515965,0.0289517985704167,0.2065143434776175,0.1277401414007759,0.1115807862776088,-0.2043668905890964,0.137772712273887,-0.0785594455407241,-0.0017549326086969,0.1263339187047965,-0.0969536497245918,-0.0295649895907018,0.1765037473993133,0.1833160253501408,0.0728985095335981,-0.1331909680389569,0.1133053711634384,0.0805993215423103,0.1816583249420585,-0.0419999453377201,-0.1105098352848259,-0.1163730654769777,-0.0846066845179149,,,,,,,,,,,,,,,,,,,,,,,,,,,,,,,,,,,,,,,w2
-0.1044144288338891,-0.2466785351527945,0.2212878032112493,0.1184457234590336,-0.1356748710219689,-0.0934183418387487,-0.1160259453293032,0.2437863036928796,0.1888330334419449,0.0134945349950219,-0.1831189042722476,0.1812833280771437,-0.1291098225451731,-0.2487642070768868,-0.0695125267238285,0.0618500181660678,0.1340382785694023,-0.1736089920894681,0.0699329301453117,0.0934793353167532,-0.1835724227452599,0.1291972086173797,0.1183689084478911,-0.1486637195632938,0.0823899213776296,0.0890002985423564,,,,,,,,,,,,,,,,,,,,,,,,,,,,,,,,,,,,,,,w2
0.1602898707132058,0.137002046931132,0.0432977733253003,0.1714692159658415,0.1382768122420343,-0.0671503829650095,-0.2037288978208505,-0.1109952967244128,0.0909326860330082,0.1549752242729025,-0.1526941435498743,-0.2492910702331572,-0.071794386636415,-0.0017561203559063,0.0734411009119316,-0.0122088071389434,-0.1745093223761015,0.0228687208972401,-0.0757958124612234,-0.0008963110023662,0.2173847958397428,0.0175444847497077,-0.0988776851945746,-0.1323978414325434,0.2294346194731299,-0.1810076169518772,,,,,,,,,,,,,,,,,,,,,,,,,,,,,,,,,,,,,,,w2
0.0910631915566834,-0.211008566615053,-0.025899597316949,0.0011917306408155,0.0850407761190877,-0.1965349539125314,-0.2102869716697759,-0.1837221908996566,0.1975936758024456,-0.2278805982503534,-0.2024083628508844,-0.0933709114537657,0.1196313668325156,0.0138603658716434,0.1886215177238623,0.0830871960245898,-0.1140086418750315,0.1969429746505888,0.0358015501744889,0.059922003354054,-0.0584490509568854,0.0034019024623687,0.1441672600502735,0.1570036855999362,0.0990196363042622,0.0954160029674991,,,,,,,,,,,,,,,,,,,,,,,,,,,,,,,,,,,,,,,w2
-0.1863902094574495,0.2122360536266382,0.1476459137465225,0.0573388290578446,-0.104269762539873,-0.0708383467168302,0.1439172293736796,-0.1248310321490603,0.187836394391496,-0.0648661569267285,-0.1980620067719693,0.0205544518232169,0.2121932184942263,0.082389073792814,0.2046149876626326,0.1134434487315541,0.2563944268561553,0.215196167055354,0.0757480991056586,-0.0511558654306042,0.2201888587584556,-0.0362909299492695,-0.0471720663713343,-0.1843779598941514,-0.1517292672380934,-0.2581253205951031,,,,,,,,,,,,,,,,,,,,,,,,,,,,,,,,,,,,,,,w2
0.0569616702916432,-0.0739482124202832,0.0471834375484274,0.1521338770194605,0.0685859535559469,0.1221487258875723,0.0231061569779067,-0.0335316422641227,-0.1407881532333339,-0.0048378470572003,-0.2574053913741256,-0.0570533048023376,-0.1961969989895999,0.1766950955877516,0.0761573995877928,-0.0075652450920645,0.1900759376822555,0.0790546246885963,0.1068419905226347,0.0209154782345947,0.1384152847632193,-0.0040575919881103,-0.1190631074070062,0.2327347058489084,-0.1845283918626093,0.0094099487777074,,,,,,,,,,,,,,,,,,,,,,,,,,,,,,,,,,,,,,,w2
-0.0949850492310865,-0.0576438378541804,-0.1319038181898977,-0.0249611636040999,0.0110715062730772,0.1882657336595398,-0.0943060005348708,0.0668902753605426,-0.1766909173054031,0.0885587973866072,-0.0605934787653828,0.0762635787887631,-0.2358307709537438,0.1619152608792679,-0.1391403148753017,-0.2183842659626905,-0.0210248205413072,0.0984445473534509,0.2094698145578017,0.0320704603178206,-0.0565843053237717,0.073373960794342,-0.0705130250918494,-0.192344761670946,0.1494061375003726,-0.0453259707690072,,,,,,,,,,,,,,,,,,,,,,,,,,,,,,,,,,,,,,,w2
0.2370495806858741,-0.1628503984774178,-0.1989024539987262,0.1645592253459294,0.1690189384471778,0.1967931246164279,0.2121779125195479,0.1259838915725327,0.1567622264986176,-0.114376180293348,-0.2322664698465869,-0.2473466802358527,-0.0786093413608429,-0.0368427254670868,0.0152282588199748,-0.0792608569565822,0.256441461167932,0.2404664611809599,0.1595231878441306,0.1786551902739209,-0.1332454592216966,-0.0765743234883431,0.0138230647509542,-0.0572454686289533,-0.2234437580853488,0.0768619488561531,,,,,,,,,,,,,,,,,,,,,,,,,,,,,,,,,,,,,,,w2
0.1223226544663553,0.1947710534914245,-0.1258740420677634,0.2102396693736863,0.1201098253228465,0.0285896487880071,-0.0599956747159447,0.0208326772524802,0.1389155344492717,-0.0858549538007906,-0.1630684032994432,0.0484652905440502,-0.1637601772846848,-0.2171479612167129,-0.0907182898636334,0.1416512802018327,0.0765268408055379,-0.207431330613691,-0.2460324893437619,-0.1164280175597967,0.0299499856597916,-0.1494160018899313,0.1065205069516118,-0.2033590059936123,-0.0196065610016812,-0.0692115364890064,,,,,,,,,,,,,,,,,,,,,,,,,,,,,,,,,,,,,,,w2
-0.1861455995215682,-0.1924560618499899,0.1631478762372467,-0.2514380028978628,-0.0349494093029262,0.2489826288671209,-0.2581023322856043,0.001752241505735,-0.1536912359000254,-0.0988271135993544,0.2140123067722088,0.1001096134283904,-0.0128810053122115,0.2477621369842861,0.0731952737921669,0.2197463359602969,0.1665156739352762,0.0477311249986083,0.2384543802292366,-0.1846993719870193,0.0868077234100587,-0.0180139110898556,-0.2257902842841717,-0.2359102775741645,0.2327828977904394,0.2372559169827112,,,,,,,,,,,,,,,,,,,,,,,,,,,,,,,,,,,,,,,w2
0.0696679630336166,-0.139634416374243,-0.1467849525322535,0.1075955426444316,0.0541234738409824,0.1233282412521669,0.186215475228665,-0.1058867601041907,0.0870701580363757,-0.1981503548724487,-0.109892225622601,0.1397851415397005,0.0576589814789461,-0.1195456392045514,0.2384297073194145,0.1562881648170614,0.1530890371427904,0.0810524408201637,-0.0420184155378663,0.229852973466856,0.1206559217824923,0.2068078706642048,0.0192382481001858,-0.2055199104973948,0.1599821231143645,0.0904192835357733,,,,,,,,,,,,,,,,,,,,,,,,,,,,,,,,,,,,,,,w2
0.0207074493316761,-0.0958861543925749,-0.1977264337862161,-0.1217142453337287,0.2299964695525068,-0.1765192424953346,0.0371509347550662,0.1727334249729418,0.0612460964548536,-0.0041246044490161,-0.1279140744628084,-0.1892994600991118,0.2446200434824043,0.0692378294629332,-0.0973530930736702,0.0198890011733376,0.2487533839111462,-0.2086391779440447,0.0884458219497474,0.0999302351770956,-0.0526739013722748,-0.0942813835731867,-0.1275379775279907,-0.0506135931496669,-0.2520707966013052,-0.2039789576390648,,,,,,,,,,,,,,,,,,,,,,,,,,,,,,,,,,,,,,,w2
-0.0727907493526816,0.0464411158488584,0.0849186016176319,0.0829574609028069,-0.2540962638020577,-0.1795433604867587,0.1941248157026487,0.2368789340227171,0.0300475911658922,0.1263875391968396,-0.1008714938459476,0.1427851556041163,0.0267302069544858,-0.2325152597589889,-0.1529953216503613,0.043075529842879,0.103564210440317,-0.043779153688121,0.1543398527014056,-0.2449011784723308,0.2293492964669731,-0.0279807944466728,0.0242311009948495,-0.0959837935539959,-0.0063179985275321,0.0641306106981267,,,,,,,,,,,,,,,,,,,,,,,,,,,,,,,,,,,,,,,w2
0.0862225829461138,-0.0280831670775696,0.1931549322643713,0.0407562406032099,0.1984844528541632,0.0547040802770903,-0.2257145180725496,-0.0834212026514279,0.0586255754401666,0.1901364810137535,-0.0258040145567599,-0.1237922153243436,-0.0149394186926103,-0.2311009477129804,0.0022833454117772,-0.1514148037202975,-0.1980885054991603,0.0312515403963083,-0.0933823406201546,0.0690256936108767,-0.0402238877239285,0.0451632657881025,0.2186290037477469,0.0730976500602018,-0.0031672653444737,0.0305173150925575,,,,,,,,,,,,,,,,,,,,,,,,,,,,,,,,,,,,,,,w2
0.0535825911268955,0.1087356769276072,-0.0036142868957574,0.1036346025483214,0.1211884780065388,-0.0790188455243472,-0.01920468671034,0.2109861479198337,-0.0035392722366702,0.0188994663602039,0.1757320901211681,-0.1082964714866369,0.0550465486121958,-0.1557927681044477,0.0716061749600539,-0.2326539400765138,-0.1044521539750527,-0.2027160238493338,-0.2347023192434531,0.2196061889520701,-0.2442534387813245,0.1147761486101567,-0.1668305958831936,0.0697947242108675,-0.063319731752039,0.1225195068189089,,,,,,,,,,,,,,,,,,,,,,,,,,,,,,,,,,,,,,,w2
0.1705186149827793,-0.0754253738136351,0.0485207959003268,-0.0877322799964926,0.1728763977592122,-0.0172900320437533,0.1760913280744251,-0.2531790560896474,-0.231576639750328,-0.2395850973718711,0.1131028500809128,-0.2509209545678646,-0.0186363012290334,-0.0568671867471795,-0.2310539836542831,0.1770555666812435,-0.2035506570441759,0.0602580689452948,0.1487715550808568,0.1895852710360879,0.1222464324541059,-0.1352332026628573,-0.226991139884173,-0.1951360726156757,0.0879174941159525,-0.0935184689585389,,,,,,,,,,,,,,,,,,,,,,,,,,,,,,,,,,,,,,,w2
0.22785020430126,-0.136478378748873,0.1041716491333805,0.1943288304732084,0.1534034173057223,0.2016018422087828,-0.1394690984507851,-0.2019568188306483,0.2146191488983853,0.1344601328531245,-0.1218810535490902,0.241787516573763,0.0544623786434698,0.2463117227292143,-0.155309543410995,0.1200513959818946,0.0053001789524736,-0.0711925951753929,0.0660502487593585,-0.1901272248007831,-0.2031091991266964,-0.0209919186750944,0.0918711181997578,-0.2463932237685896,0.0156464097299957,0.1432905826096715,,,,,,,,,,,,,,,,,,,,,,,,,,,,,,,,,,,,,,,w2
0.1681434776691859,0.171576328773471,-0.1746281888694964,0.2240538741309857,-0.1214774548977004,-0.2189006950689027,-0.0344634574556128,-0.1207198304693269,0.0479137957827915,-0.2089903122690433,-0.1349806190357872,0.2565520507935432,-0.2015718718635162,-0.0907613832415747,0.0598380582311088,0.2346264448810412,-0.1965715694987758,-0.0109789065127862,0.122039969310828,0.1094102663324296,0.0714846072561676,0.2480309249601062,-0.0226070731715778,0.2213920592035648,-0.2126899023238825,-0.2538460740642005,,,,,,,,,,,,,,,,,,,,,,,,,,,,,,,,,,,,,,,w2
-0.0074617685564847,0.0929306166463672,0.2386650368118088,0.1808896361253676,0.1977191722303058,0.1474205379128265,-0.2077319638672605,-0.1671584660719265,-0.010187768550542,0.0346879797422525,-0.1234400333402055,-0.1371731632271881,0.2577349748815503,-0.2375060036080228,-0.2112876857181166,0.1082309634920908,0.1343737352837024,0.0158504619076445,0.0191450473515877,0.2303068882267098,0.0532677529852504,0.0682294623359571,-0.0016817222551922,0.0447330357485713,0.1621097675739366,0.1524746989171677,,,,,,,,,,,,,,,,,,,,,,,,,,,,,,,,,,,,,,,w2
0.1406844588196564,0.190563799539533,-0.2575002390585255,0.0513016401860174,0.2515973087106858,-0.0539196696896715,-0.0570093655937484,-0.2562918518882406,0.2264795211212794,-0.2351181873547385,0.0178598049419551,0.056858708615809,0.0313298117057241,-0.1076745989269288,-0.0646837381632305,-0.2352765668657227,0.2171437785934209,-0.1118344526921797,-0.0885167702060373,0.2016646269763494,0.1871568979212808,-0.1902991458225221,-0.0082296643636576,0.1407814439735932,-0.1366401646051535,0.2344885601387463,,,,,,,,,,,,,,,,,,,,,,,,,,,,,,,,,,,,,,,w2
0.1995475502446465,-0.1272890673641081,0.1415371740760054,0.1824131187715228,-0.2509760325739016,-0.1540764382643401,-0.0931683611961818,0.2248060910021971,-0.0488779551563069,0.0444141505048439,-0.1788793734571937,0.0372157562746292,0.1428153766425862,0.0163404382716087,0.1942262171129524,0.2191121067881874,-0.0664227059314838,-0.1855070136843805,-0.1004017632752265,-0.026314420696474,0.0880226381777145,0.1693693975111904,-0.2019008797558684,-0.0331935010681239,0.2537223853497882,-0.0541597776739973,,,,,,,,,,,,,,,,,,,,,,,,,,,,,,,,,,,,,,,w2
-0.1969167735792551,0.1227024707142827,-0.1506813652334415,-0.0696352050807839,0.1564555861466733,-0.2497838946798629,0.0780619626225307,0.1649476734204105,0.1553815667150375,0.127516437997278,0.1841034697004258,0.0825391937856543,0.0833909651896225,0.0045841563264038,0.1827163516359765,0.1194789579494572,-0.0947098246793036,-0.0974611940691525,0.0692296190484879,0.1933598879232323,-0.0220233868736549,0.1563425413511154,-0.1651646794751235,-0.0820844783255786,-0.2458367565292074,0.0458488215617772,,,,,,,,,,,,,,,,,,,,,,,,,,,,,,,,,,,,,,,w2
-0.2416781571700348,-0.0169685829178817,0.1637853878044524,-0.163964653289415,0.0227298366209729,0.2570000384519711,0.2534154599696502,0.1907292515954241,-0.151578782909334,-0.0852559563039274,0.1467999858550862,0.09338276297202,-0.0472938925626579,-0.1816649814388173,0.0372222197717528,0.0908401385071195,0.0172420560199694,-0.1621474048864774,0.2358254932895959,-0.2428557029771601,0.1156457510764512,0.2249931599280605,0.0376789120909075,-0.0616426371818699,0.0764921938334128,-0.1129318326337014,,,,,,,,,,,,,,,,,,,,,,,,,,,,,,,,,,,,,,,w2
-0.1035903898851219,-0.1528287439359193,-0.1061531092944068,-0.0962570549257239,0.1642625530584047,-0.107917316211037,-0.1784446414436066,0.0885506520589656,-0.0833340017158141,0.1179472227864233,-0.1110442320017932,-0.1908615212036082,0.2298766345936942,0.0319311304821763,-0.1071591764741047,0.065081542737651,-0.208626932066871,-0.1817627317435057,-0.0139794988516053,-0.2011122220086914,-0.1275695289957363,0.014359576577047,-0.1144720669300139,0.1503375560175003,0.0078513469869147,0.1316196380656988,,,,,,,,,,,,,,,,,,,,,,,,,,,,,,,,,,,,,,,w2
0.072693006628671,0.0720155958300244,0.1887173741926379,-0.0128755713943403,-0.0799719136386875,0.2186647589963322,-0.1808852456189564,-0.1575813909575319,0.2548358659469958,-0.1912797374663178,-0.1818892191973871,0.0136205283667147,-0.2185247632041409,0.1693754307553858,-0.2145415784878644,-0.0170205838967659,0.0058625180763877,-0.0194901996507634,0.1836874117355689,0.1511683114855715,0.0568803090377879,-0.1508971951067826,0.0591250010861593,-0.2463885038260894,0.1668895586943066,-0.0376701179357927,,,,,,,,,,,,,,,,,,,,,,,,,,,,,,,,,,,,,,,w2
-0.189203425972651,-0.2560590030485754,0.0659599037601768,0.1608074081810785,-0.0670549254082185,-0.1980171867334018,-0.1609097093935799,0.0619997451899048,-0.0204361666243705,0.0174414603308249,-0.172234357009164,-0.2342714619549573,0.0174345274771632,0.106798448107777,0.1506308428884896,0.0735497480604874,-0.0818957992770514,-0.184894421817945,-0.07588775433021,0.2308222260371377,0.2490815951416478,-0.0008578464002865,-0.0507026051121715,-0.1133164835132956,-0.0626699627090544,-0.1128762022947686,,,,,,,,,,,,,,,,,,,,,,,,,,,,,,,,,,,,,,,w2
0.1905106797981511,0.1717565480246433,0.093150283539809,-0.0343420795612495,-0.0588037589703977,0.1448251949396393,-0.1867398104997465,0.1377120414060818,-0.2351987473228993,-0.2280141716536423,0.1976017346864005,0.0354657038771717,-0.2331002387228473,-0.0139847747216831,0.121833776091436,-0.1921856505958298,-0.0364788629087613,0.1725597834947949,0.0262292530543419,-0.1359655494843646,-0.0454849049277845,-0.1525564362364018,0.0401539684913507,0.0838321282689643,0.1778146844468572,-0.1573365745443301,,,,,,,,,,,,,,,,,,,,,,,,,,,,,,,,,,,,,,,w2
0.0205394770698922,0.2405363007175674,0.2534531053543839,-0.1238810952740672,0.2553978742977502,0.0433244559768334,-0.2304941366772802,0.0827999131284335,0.0997121832931007,-0.2319382723954017,-0.1971404818492399,0.2441668957066566,-0.0132335157566611,-0.1510663437611215,-0.1499514273267385,0.1150281551226334,0.0628695936311122,0.0843212190865331,0.0543999901365109,0.2350377570499562,-0.1827408360915017,0.2197209008203996,-0.2242354116325325,0.2158499892684484,0.019217605844606,-0.2383746228515382,,,,,,,,,,,,,,,,,,,,,,,,,,,,,,,,,,,,,,,w2
-0.240409454530622,-0.0023310139897249,0.2086182092835157,-0.1988166024652805,-0.208975744474775,0.1991290520393431,-0.1314535349642078,-0.0436121587679252,0.0101003309866163,-0.1538202721635665,-0.2349958437574039,0.190330949293849,0.0089344654016496,-0.1590394878854749,-0.1893812209879533,0.0792774284082216,0.1228228621755145,0.1178822606005886,-0.1700624143788222,-0.0192657278431629,0.2531690340040614,-0.080751362102164,-0.0799913265828923,-0.0175941357340955,0.0378069637602735,0.1964081426803116,,,,,,,,,,,,,,,,,,,,,,,,,,,,,,,,,,,,,,,w2
0.0224338651558522,-0.0294311043449149,-0.2050713732317303,-0.0218170283014574,-0.1291242861702711,0.0421950734867607,-0.0659382460722884,-0.094360880834169,0.0650060622586059,-0.0731690215159316,0.108901417211365,0.1065087967810466,0.0842705273063576,-0.0678841011835229,0.1171937869929614,0.0084693968151502,0.1917755300141046,0.0398470302435915,0.051909862752253,0.0994896208519176,0.1866143950903195,-0.0717205105366531,-0.1221453300244789,0.0957266259074182,0.2272679989905697,-0.0514735395695283,,,,,,,,,,,,,,,,,,,,,,,,,,,,,,,,,,,,,,,w2
0.0118329435610171,0.1282718847053554,0.2555030476847437,-0.1710885951627521,-0.0196786442627095,0.1001467309557441,-0.2374955599634845,0.0667385362237191,0.2047058513824683,-0.1113710373301891,-0.1551997682493012,-0.1192977482531585,-0.1166829089612566,0.2366147188074906,0.215446582435814,-0.058503989111836,0.0029961243324347,0.0447617998945672,0.0105467782138526,0.2351739889216683,-0.0228927309693016,-0.2567109655410992,-0.1058536149416039,0.1317820033230749,-0.1509211323820045,-0.1837057797550834,,,,,,,,,,,,,,,,,,,,,,,,,,,,,,,,,,,,,,,w2
0.2546058071964444,-0.2349738869417318,0.126635748981325,0.1698470800223316,-0.1629465137722726,0.1339497625015193,-0.1969970537112645,-0.2313780916342881,0.168422336452334,0.0192433642504629,0.2048191980504859,0.0945197559327977,-0.1016615725799292,0.1149198676729494,-0.0795809453997726,0.035532887448709,-0.2117890896056277,-0.1990527906365422,-0.162090830852759,-0.188336562741207,-0.2344800212562949,0.0727989072055004,0.2306426560965371,0.1567999458774868,-0.1417593703993858,-0.2420464796283986,,,,,,,,,,,,,,,,,,,,,,,,,,,,,,,,,,,,,,,w2
0.2365644645198134,0.2131665768670037,-0.0555975458862054,-0.2214309385358292,0.1608475186141506,0.1244932994237495,-0.144259875361792,-0.131019950695768,0.0904748088954974,0.2517199124671307,-0.0934760342160204,-0.1549027069042408,-0.072033778925438,-0.0686090498971411,0.0019913195528862,0.1240600993992617,-0.2539966145043789,0.1613308401375128,-0.0296082146116825,0.2035898040171819,0.1912777236308421,-0.0844250723811258,0.1270582181411848,0.206964123177809,-0.0431142870076948,-0.0496608710604804,,,,,,,,,,,,,,,,,,,,,,,,,,,,,,,,,,,,,,,w2
0.207193854732978,0.0045483894326509,-0.1423261421589918,0.0965367257253304,-0.0175084937551761,-0.1799793662095135,0.037508709937223,-0.1897032378017509,0.1710340069211678,0.1276656893366485,0.0360769431977828,-0.1520055951427758,0.020777356310577,0.2577635368888974,0.0521448287287998,0.2183635993373991,0.2570623160013021,0.0363579123916867,-0.049486531637392,0.2014965604802409,0.0707751488129506,0.1811343896461124,0.1945097644914666,-0.1489848317945933,-0.0255584222994322,0.0221802620691908,,,,,,,,,,,,,,,,,,,,,,,,,,,,,,,,,,,,,,,w2
-0.1788031897470569,-0.0096915569934034,-0.2568810929679403,0.164193813357147,0.1889507104873731,-0.0115059680756237,-0.0242761649718478,0.0769981439982647,-0.0426057141388588,-0.1840322497623317,0.2052354743159817,0.1516323179919185,0.234779759977586,-0.0778835495196506,-0.0952522689501366,0.1712045986855178,0.2372919415254633,0.1013157175317797,0.0291910828254697,0.1083067857316169,-0.1493948551618565,-0.2106004096205102,-0.1814246117332961,-0.2235248118612274,-0.0303742440698517,-0.0099228408661615,,,,,,,,,,,,,,,,,,,,,,,,,,,,,,,,,,,,,,,w2
0.1124755464350056,0.0941504742045592,-0.1009399718536248,0.1629082308233187,-0.0344123084831064,0.0156633105829739,-0.0671175813606753,-0.1057943653421045,0.0073515605607396,-0.0605887177178754,0.0557504810690328,0.0371023374778067,0.0606087263868518,-0.1079291546331929,0.1973915819591987,0.2338757841139053,-0.1032642650865916,-0.0068259429585837,0.2554313485948669,-0.0378786778838839,-0.2539519362096336,-0.2351842304174637,0.170739443902293,-0.2195255249508811,-0.057348395845448,0.2203148460575809,,,,,,,,,,,,,,,,,,,,,,,,,,,,,,,,,,,,,,,w2
-0.0450578445700759,-0.1175183872054884,-0.0033807881035319,-0.1300187988940298,0.0648619925862633,0.0458293017224738,0.1972916948784303,-0.0401686728287943,0.2573507162187296,0.1210671093140607,-0.1453008604098271,-0.1290162886040752,-0.1341476414014862,-0.1872160649365614,-0.0710357364158449,-0.2376464821964393,0.1142222022627137,0.2569471824251819,-0.0744677603156061,0.2433868808943182,0.2064096440170166,-0.0499087500305094,0.0981144953832955,0.1301082593236546,-0.1571337316218799,0.0560429238415132,,,,,,,,,,,,,,,,,,,,,,,,,,,,,,,,,,,,,,,w2
-0.2377985537773034,0.2018350211465559,-0.2237206246265982,0.2210798511421842,0.2228291112241235,0.2548085832410747,0.2357891300369572,-0.1409158218165616,-0.045136375408154,0.1441022114156572,0.0777073646244621,-0.0148295755216506,0.0832730760673078,-0.2423334814292183,-0.1194750412035223,-0.0857163151632441,0.2107423316126471,-0.1103513274285263,-0.1845082694246427,-0.2316040902114963,-0.2015600776331931,0.1165874434607095,0.0985300324096131,0.1231542577787167,0.0317058952172688,0.2554742718619344,,,,,,,,,,,,,,,,,,,,,,,,,,,,,,,,,,,,,,,w2
-0.1032243409717706,-0.0136646044571551,-0.0197171414039252,-0.2452834627663995,0.0937179844028095,0.0912200622924669,0.0920475633376032,-0.2428865528800129,-0.0611293748884949,0.1941573206839629,-0.1577653097612686,0.1107763465334921,0.16696866828944,-0.0940279784298604,-0.0331178669676286,-0.2339558569662181,-0.1397342261804805,0.2320659061606996,-0.101949218490284,-0.0578563175707832,0.1235718320105166,0.2259745057617829,0.1319967295957613,-0.1654382118593656,-0.1897326056412329,0.2444344884977353,,,,,,,,,,,,,,,,,,,,,,,,,,,,,,,,,,,,,,,w2
0.0626290649712122,-0.005255896818616,-0.1168013122634127,0.1249695305116039,0.0176323260431692,0.1018698918920808,0.1212237889399243,-0.0522959578942737,0.2074673698640048,-0.1835085934361215,0.1157796705576867,-0.1102207580818993,-0.0065939097224748,-0.0464121084036681,-0.2309424480274337,-0.044812119474719,0.0102938548195333,0.0200855757651857,0.1149187095040008,0.0004949562638473,0.0921727738738695,-0.1013159276022642,-0.1418626009404155,0.0958607256317943,0.2107455517574507,-0.1095835632509854,,,,,,,,,,,,,,,,,,,,,,,,,,,,,,,,,,,,,,,w2
-0.1107547037496395,0.0581919631178955,0.2455815027061615,0.1445713739121973,-0.0598032620267186,0.2319380968497094,-0.2162918264462259,0.0061388005702287,0.0888123926028395,-0.0037994019162152,-0.2036860237973499,-0.059324407418392,0.0039262756931394,-0.014425245811097,0.250776370633341,0.2275640518003645,-0.2119442050645851,0.1651440726583909,-0.0046208778213328,0.2230420119755977,-0.0241215616533814,-0.2488237047976249,0.2461454274130933,0.0287041332868268,-0.1517501668050141,-0.1314698464311941,,,,,,,,,,,,,,,,,,,,,,,,,,,,,,,,,,,,,,,w2
0.0595796777675911,0.1650959981520901,-0.1209395663498311,-0.158021771349754,0.1886978497773342,0.170751718458436,-0.2262601883250043,0.0352323599129285,0.1673701547697214,-0.2518266695458684,0.254710509151831,0.0272629622507897,-0.0962698651454296,-0.1034087334032088,-0.2296504937431952,0.1613517785878609,0.2457431067408397,-0.0991643529011344,-0.138871388967546,0.1346734096700093,-0.0497639804597876,-0.2436530114812304,-0.0499810100061673,0.0517823466606606,-0.0326324394076137,-0.2477871975392235,,,,,,,,,,,,,,,,,,,,,,,,,,,,,,,,,,,,,,,w2
-0.2245968957567808,-0.1463342868071247,0.0260392826352085,-0.1714559809536754,0.0393487879681881,-0.1716429260583896,-0.1336800259749613,0.0850126358065773,0.2324759970028894,0.0525436890878852,-0.0625516871066849,0.0754004501013128,0.1894943619150302,0.0791175692749379,-0.0989400617753671,0.1069436926093171,-0.0281660208848895,0.2161623011015496,0.2496958776603665,-0.0387494847553678,0.2232082053112302,0.052705808484365,-0.0562174161038239,-0.0060250084407929,-0.2389637271329768,0.2136211936885281,,,,,,,,,,,,,,,,,,,,,,,,,,,,,,,,,,,,,,,w2
-0.140762059354975,-0.2239571560976276,-0.252792967670875,0.1390432901606291,-0.0553651136499593,-0.080668265802873,-0.2557912662415877,0.0938689997424772,-0.2199219695038011,0.0714800656854211,0.1848583888079353,0.197292920223266,-0.0970050039433676,-0.2219275089601761,-0.04157297623557,0.0161034208466324,-0.1231449025199682,0.0383029173324643,0.173678978660048,0.2523168546425783,0.0103594343144799,0.0628369194293108,-0.2560799947665656,-0.2516848594382787,0.0985498502702032,0.1991117414098505,,,,,,,,,,,,,,,,,,,,,,,,,,,,,,,,,,,,,,,w2
-0.200659692303856,-0.0075714256083346,-0.0618533291762677,0.2534366904881412,0.0497335089212129,0.0692232548885103,-0.2203854896886231,-0.1977352179990429,0.2104156695923559,0.1830236119462491,-0.1399734510825848,-0.2043742952073891,-0.1374995772557858,-0.0866581555243375,-0.0292291199789123,0.0206428909192735,0.211334602182105,-0.1310694739350826,0.0507419794369494,-0.2140626448731097,-0.2207357545698521,-0.0325700365954583,0.1026454406961166,0.0367610914366864,0.0419255387401386,-0.0086150009044279,,,,,,,,,,,,,,,,,,,,,,,,,,,,,,,,,,,,,,,w2
0.0790764312842364,-0.2161713938073519,-0.2489617065834758,0.0979650690656699,0.194248863578604,0.2151023603848283,-0.006733165393487,-0.1940501082595427,0.1805779124107776,-0.1910710579700157,0.1921299189411786,-0.0499263459068497,-0.1762007389778686,0.1208896240355223,-0.2159380853879498,0.0749599173060821,0.1590758726961299,-0.2475787249615723,0.2123647763784437,0.0065336988957823,-0.2533614939783753,-0.0487939873185303,0.0724515758403093,-0.0406341287231691,0.1984502935429429,-0.1647117920671778,,,,,,,,,,,,,,,,,,,,,,,,,,,,,,,,,,,,,,,w2
-0.152790545850725,-0.0659226870424017,0.0122310182622434,-0.1610273538432983,0.2250848101643747,0.0246849827295466,0.0190160733929974,-0.1337942611899738,0.1438389259431188,-0.1316611407220281,0.1918187180379592,0.143632041813849,0.2162616216569467,-0.1057505053399527,0.2160127121467234,0.1165214227982428,-0.1205233634349152,-0.1518786099335068,-0.0190285059572584,0.1966594404081533,0.0342843080858091,-0.1990899498307656,0.0555003493732876,0.2049807679573598,0.1157266418300336,0.0020145663247571,,,,,,,,,,,,,,,,,,,,,,,,,,,,,,,,,,,,,,,w2
0.1462344175088266,-0.0399730715617251,0.0578973050473728,0.0784335912783902,-0.0989016669997746,0.1505544741256011,0.1472813785688299,0.0711165739038333,0.2145134399430432,0.0111647650337855,0.1331319858500407,-0.0512212767785022,0.0865066985330965,-0.2468658423360955,0.1608814377354671,0.0336551611126026,0.1197781569226548,0.1265746536782744,0.0590106414799749,-0.2506970666341578,0.1751977790197745,-0.0024141173087497,0.0984562531194203,0.2055847253828308,0.0345993087016604,-0.0895401034840937,,,,,,,,,,,,,,,,,,,,,,,,,,,,,,,,,,,,,,,w2
0.2228107478304797,0.0620415488820953,-0.1797860498546385,-0.1253754265131024,-0.1284056941112675,0.1488791899103893,0.1946299552083013,0.0384342001502168,-0.035857938676544,0.1242565127165193,0.1531865870823539,-0.1964645157392108,0.057058591101933,0.2579231906280023,0.1802822684694799,0.2550316691117346,0.0978850401895727,0.1665007819970773,0.1368513054939545,0.2574316432527307,-0.1566002080374735,0.1257395817677505,0.0306967603198934,0.0435156598006715,0.0241582989089456,0.113503916251028,,,,,,,,,,,,,,,,,,,,,,,,,,,,,,,,,,,,,,,w2
-0.1964874822266761,-0.1659782908114187,-0.2082852810549299,0.1816080776829942,0.200358086768062,0.0637295191951867,0.0891414070421651,0.1426468737320856,0.0223123403295538,-0.102622998859377,0.0570762757214086,-0.2275244848950294,0.1159881267281996,-0.226469218912866,-0.124933083229433,0.1525719839856532,-0.2449021729729987,0.2310681468099795,-0.2089686160609077,0.2425024271291234,0.2260429001299947,-0.0560999127931301,-0.1852244597667122,0.0063440106690229,0.0853968440515107,0.1332430564629996,,,,,,,,,,,,,,,,,,,,,,,,,,,,,,,,,,,,,,,w2
0.129821969755514,-0.1687105309356735,0.2260517179113036,-0.1059284269851773,-0.2572853575659848,-0.0989737263576649,0.0543951836520796,-0.0514882807808814,0.1087275768212944,0.0487866827172269,-0.0802525499727352,0.084813958042666,0.2433925209807217,-0.0028044201069212,0.0268601697232162,-0.1526850749372048,0.0500246450887773,0.2558394322883593,0.0534596228261068,0.220742911961059,0.1614217093697746,-0.1618162445581802,0.1245565697058325,0.0683478208667364,0.1570344210967967,0.2580819078602168,,,,,,,,,,,,,,,,,,,,,,,,,,,,,,,,,,,,,,,w2
0.2515994380550336,-0.2078126709003768,0.2069644257467521,-0.1786828164414739,0.2086251010894997,-0.1224421720512813,-0.1211786370193679,0.0761102675656983,0.1079746666442202,0.0576563295301162,0.0552099664614568,0.0311981854315572,0.0538588544770183,0.0599102760500229,0.1792289230500014,-0.1512408081573011,0.0694151260471278,-0.2285911397004949,-0.2228415815380214,-0.0312947941817741,0.2565941970438119,-0.0186110585633505,-0.2306108217709681,0.1389827759335998,-0.0537996989652363,-0.2352245689026432,,,,,,,,,,,,,,,,,,,,,,,,,,,,,,,,,,,,,,,w2
-0.2168209588371364,-0.0239276785604128,-0.1885987437812015,0.0585313121451963,0.2476196376011616,0.1364742608614951,0.1852816909600664,0.0031551341071697,-0.0259694772349744,-0.0824576024079436,-0.214925201265283,0.0283343083855491,0.1693488600229959,-0.114522731944969,-0.2050938307935111,0.049963266626917,-0.2383976929152296,0.0474997713179749,-0.0991410305446652,0.1874937633131475,-0.0141520148159143,0.0405000497143407,-0.0529466617728733,0.2534984335770975,-0.0348837902821078,0.0557723451893294,,,,,,,,,,,,,,,,,,,,,,,,,,,,,,,,,,,,,,,w2
-0.0215306208943889,0.065787696747267,0.1528312456117301,-0.086259247182649,0.211071833412856,-0.2213570161518583,-0.2535570152163245,0.1541534261806991,0.1780050787086916,0.1366759228328387,-0.0139826656482024,0.010678890203299,-0.1229259794262022,-0.0424710815590821,0.0442011813946571,0.0523670832994491,0.0973068032776356,-0.0960278746317599,-0.1416543745037636,0.1566823997323477,-0.0652917751640872,-0.181619361938484,-0.0291509259091676,-0.0704927673859767,0.0971283085204196,0.0618756332994692,,,,,,,,,,,,,,,,,,,,,,,,,,,,,,,,,,,,,,,w2
-0.0006209103917289,-0.1029044191987132,-0.1534245950779932,-0.0318456140467666,-0.182446823202443,-0.1182696076415205,-0.1405063871178345,0.1647521598314668,-0.1069442177638282,-0.1966589729273785,0.1979537674956084,-0.2244297479019831,0.0579632740759197,-0.2579982867110286,-0.0127482373241925,-0.1827342686388803,0.158300279853218,0.2122931300738396,-0.0205336834259142,0.1759071675489087,-0.0396109498335563,0.1038604030334181,0.2558520862254055,0.2229338244901315,-0.1422046930755479,-0.0086013040552636,,,,,,,,,,,,,,,,,,,,,,,,,,,,,,,,,,,,,,,w2
-0.1190243618641213,-0.0507587939110744,-0.0925130852911691,-0.0702478569596537,-0.1946256214781569,-0.1046559963586704,0.0319260957318376,0.0401859021655983,-0.1598905155009877,-0.1749603864261254,0.162701518103577,0.0450730308680041,-0.12503050174039,-0.0880022503311922,-0.0897721422300531,-0.178608466821444,-0.0783965014412852,0.2412780939224579,0.2070972523919033,0.1011176699897324,-0.1466573594049735,0.2423377498453576,0.1590936800677825,0.0445679527262594,0.1574302669478108,-0.1662556252280114,,,,,,,,,,,,,,,,,,,,,,,,,,,,,,,,,,,,,,,w2
-0.2569657464204568,0.0753125851782875,-0.1019245992328101,-0.1680563597988419,0.2017465994661623,0.1977581586474318,-0.1191725798216919,0.1865553091662984,0.1173215243647995,-0.1775999412719776,0.1676528757214881,-0.06650450979743,0.0793165129514821,-0.0011931160317715,-0.2573235765166613,-0.2340364277074743,0.1019004958976721,-0.2372192498651783,-0.1947384179937729,0.053444783019564,0.1625608678880962,0.1552193098319693,0.0433977770263409,-0.1062386733301123,0.2008021172616312,-0.2280027041428413,,,,,,,,,,,,,,,,,,,,,,,,,,,,,,,,,,,,,,,w2
-0.1740756259161818,0.2509552717396379,-0.1037938473870714,0.1045925302475089,-0.0174119274855736,0.1891781467909212,0.1129082897947961,-0.065919927489593,-0.2218135396963932,-0.1257084176116541,0.0532520120951288,-0.1706939052196454,0.0817828442898275,-0.1854281065987121,-0.158470268016308,-0.1678203675171761,-0.1363160986117659,-0.195334061983451,-0.1614156115135845,-0.0451315892426928,-0.0191216521329123,-0.0219857485067025,0.2460708300783838,-0.0733920763208906,-0.0311622033301771,-0.104539706979611,,,,,,,,,,,,,,,,,,,,,,,,,,,,,,,,,,,,,,,w2
-0.1061921496941428,-0.2016307940721774,-0.0830434119639567,0.2031608720368508,-0.151546416104393,-0.2518802471964494,0.1623657692379623,-0.1819368843192433,0.0106905834166546,0.1725366347905408,0.2114862739048353,-0.1987186828378397,-0.0374090930420621,0.0556830799213697,0.1098477636587496,-0.0150984829586436,0.0875910923372703,0.0740040401388682,0.1828504947150954,-0.0090848017759241,0.1539592884109983,0.0269064800477276,-0.1682060201321009,-0.0808769162807681,0.1204184852962274,0.0783675418124614,,,,,,,,,,,,,,,,,,,,,,,,,,,,,,,,,,,,,,,w2
0.1272940859318951,-0.1685440746745459,-0.0687626564912894,0.0793495095377527,0.1193150600526075,-0.0910997354838377,-0.0239227202386193,0.0739810289140232,-0.2236836606072797,-0.1839205707944142,0.0279606861253007,-0.1924788751269257,-0.1551088340840052,0.2124336174373646,-0.1321259756340739,0.1001325971353089,0.1121365709854713,-0.1020196620057941,0.0109791250887594,-0.0452074424404023,0.2105103026514269,0.1030964946304244,-0.244488858947658,0.0082400711913436,0.0888126908349395,0.2436444152792274,,,,,,,,,,,,,,,,,,,,,,,,,,,,,,,,,,,,,,,w2
-0.0567458968340688,-0.1529092577107501,-0.085804951037547,0.0456175912676765,0.0994116318510354,0.0494773712373105,-0.234926079960401,-0.1593645888146425,-0.1350588172012549,-0.2420123156163653,-0.0903500528469608,0.0878184087908725,0.205110404189585,0.2152943111645729,0.0790459782585136,-0.0609053492551165,-0.1820900114838087,-0.1691034990128387,0.1349858971712272,-0.1927562394338991,0.0007206101437653,-0.0896082651434064,0.1480180437146873,0.1382633585692452,0.1387333855977833,0.0686769495865844,,,,,,,,,,,,,,,,,,,,,,,,,,,,,,,,,,,,,,,w2
0.2053092879109834,0.0086942025278177,0.0911768297624725,0.2190875785551888,0.1822400358712477,-0.0109637468426693,-0.0653574615477734,0.0390523003151183,-0.1581450033577668,-0.1914251212896359,0.0540175601170199,0.0347131066586892,-0.1852929068626878,-0.0281384919451654,0.0182508362866589,0.2003899898628076,0.243441675164015,-0.2067199524908134,0.1963449144762819,-0.0242585216723938,-0.2337920919254606,-0.2536334314810602,0.2018258762719479,0.0768351488162672,-0.1951044720958215,0.1895974641999619,,,,,,,,,,,,,,,,,,,,,,,,,,,,,,,,,,,,,,,w2
0.040713801093892,-0.0147562320914351,0.0030771743410386,-0.0893818273279186,0.0522966947358966,-0.1303479662052236,-0.2502807890298859,0.1609024163991504,0.0057454343059142,-0.0541102833362728,-0.2257141413640777,0.0647422893011703,-0.1105955683761511,0.2320791592796255,0.1451973452490322,-0.1734309750029604,-0.1450060141026578,0.2137022905666593,-0.00614007746485,-0.1592099196864435,-0.2108432633032991,-0.1223209776627411,0.2177437882554627,0.0024157390226984,0.2236430627936689,-0.2535713464787789,,,,,,,,,,,,,,,,,,,,,,,,,,,,,,,,,,,,,,,w2
0.0,0.0,0.0,0.0,0.0,0.0,0.0,0.0,0.0,0.0,0.0,0.0,0.0,0.0,0.0,0.0,0.0,0.0,0.0,0.0,0.0,0.0,0.0,0.0,0.0,0.0,,,,,,,,,,,,,,,,,,,,,,,,,,,,,,,,,,,,,,,b2
