w1_0,w1_1,w1_2,w1_3,w1_4,w1_5,w1_6,w1_7,w1_8,w1_9,w1_10,w1_11,w1_12,w1_13,w1_14,w1_15,w1_16,w1_17,w1_18,w1_19,w1_20,w1_21,w1_22,w1_23,w1_24,w1_25,w1_26,w1_27,w1_28,w1_29,w1_30,w1_31,w1_32,w1_33,w1_34,w1_35,w1_36,w1_37,w1_38,w1_39,w1_40,w1_41,w1_42,w1_43,w1_44,w1_45,w1_46,w1_47,w1_48,w1_49,w1_50,w1_51,w1_52,w1_53,w1_54,w1_55,w1_56,w1_57,w1_58,w1_59,w1_60,w1_61,w1_62,w1_63
0.05893650955634361,0.033077643294111336,0.014623037059398186,0.15054966630099134,0.11772180409389929,0.08217263325120597,0.009946131755506876,0.052949705921473356,-0.09426951977253664,0.17430457353256076,-0.15960315932219965,-0.03311474306721324,-0.1038825262296628,-0.07807881184531063,0.0916084560360704,0.15931337625819822,-0.13457803479954927,-0.08848768434597858,0.17109167565511543,0.03234040530043539,0.08786534757152839,0.04738273251326561,-0.04054295838627883,-0.08062592661034086,-0.14759655840249475,0.13334414809384895,0.15256078701274003,-0.06185478942483004,-0.005339892822498388,0.1740798312553227,-0.02682961827524935,-0.07352562798703675,0.17950563650305393,-0.009265674745139618,-0.09868304014904372,0.060402463805142775,0.1389689894567642,0.07282329291447434,-0.02459435375369512,0.10500678268059907,0.17529694934503268,0.009197166137452778,0.04447016003384635,-0.046984667200430735,0.1621484349359922,-0.15713746081265392,-0.12725674641094023,0.1358240065372566,0.11661848072812328,-0.14428485004080932,-0.06816952711304555,0.10841610857495657,-0.18022983005104698,-0.14755337161172674,0.021873077620799958,-0.11612392625632671,-0.06794045620531165,0.09347666059088669,0.044796499104777815,-0.15462248497302153,0.12485916785496756,-0.09132318877013294,0.10477473110250016,-0.10942610783395809
-0.07632499594938626,-0.0645433471578081,-0.15608807166630595,-0.0071103358575181075,0.07901165211806119,-0.14197817391023723,-0.015505357277073473,0.0023756112349258285,0.10695773224715907,-0.18040528533914513,0.15431995586364664,0.07677534276069789,-0.11247857625035239,0.0832828556040329,0.012624530898223157,0.12743049289785122,-0.01140617608182909,-0.11739069199162196,0.0801642578664126,-0.05012105646141918,-0.08945034666425727,-0.1687435962188302,0.1420173227972952,0.06647722037779707,0.08417172766844358,-0.09280838042243367,-0.05790024265801848,0.14102629535235897,0.04846314921305969,-0.11580440879360197,0.13097937740945778,-0.09858832035416584,-0.04445966312397387,-0.13163128942820795,0.14081840837089624,-0.11105225135214987,0.014384772743219726,0.013035931362959302,-0.13218498909872778,0.04235445965473214,0.12736058202016273,-0.020196905969751905,-0.1602026090920458,-0.16251585460955636,-0.17798575604144293,0.11088107497218377,0.06557620505804573,-0.10993974068396004,-0.11715779518321064,-0.031277644160765644,0.1737316689705781,-0.027237177754485864,0.058113761007269144,0.14524906044180638,-0.041325801106829096,0.053034314224998436,-0.0583716585671495,-0.015990458080361286,-0.010110316455933965,-0.043631177768354734,0.13405001630275207,0.15515632704171636,0.16220630830308866,0.1659305854464622
-0.16025359944020048,0.008175180754049882,-0.17225094896871715,-0.06944455683331051,-0.00018726455371648187,-0.07699739089727264,0.16912673591218289,0.16060175644315097,0.025969284305760204,0.13038356956135608,-0.1802487744636084,-0.15713513966193743,-0.15130166294801312,-0.021302308080995647,0.14935221074194469,-0.12842912460997213,-0.14347343699983406,-0.10358886482578908,-0.14357987430442595,-0.0974889080834994,-0.12194782038719151,-0.1517598176112599,0.13319323719502738,0.08220859747737638,-0.032982444013849616,0.0009221789639402012,-0.02400453750309614,0.11473063499042283,-0.10848755488133534,-0.17371079928325237,-0.10706097897434577,-0.08395454372855374,0.14656365349147518,0.0662376384759086,-0.01329864892194324,-0.17391700754470868,0.02982771183032401,0.0018513699471745249,-0.15092767196953485,0.16651447860110638,-0.17775605239609188,-0.014270603440171697,-0.10180000117613142,-0.024404234218541848,-0.009175497751703537,0.03620490233418916,-0.17941009894752094,-0.025321566387103256,0.0029488132934928357,0.0716703505052734,-0.09744806532096899,0.04962594635591888,0.14642927084263177,-0.05854048591276299,-0.06004171595121917,-0.10136847670215487,0.11504282496531185,-0.006969514037515723,0.1665231801214971,-0.027021221304929427,-0.03382768376559511,-0.1805423231935606,0.16766112319071094,0.006428661219887694
0.024222916974524167,-0.05122745456305,0.1406722795093521,-0.05214512605794577,-0.02823275231889852,0.17084904993773117,0.17243753583652885,-0.03712105214776523,0.11405498591117472,0.15159439470257377,0.17963453417135558,0.022389975761859526,-0.1651578256063147,-0.10245000214756347,-0.05218694519043651,-0.10575564228120263,-0.016062085931734083,-0.13265524433259085,0.08207237634920292,0.10161501182226454,-0.07053604770535007,0.1630937464278426,0.08001953478066373,-0.17396064978024076,-0.16562290024375376,0.1300287757395476,0.1719336567018088,0.1054854847248636,0.12887124544404824,-0.1251696667359246,0.15388801838418817,0.17568028678339023,0.030217742968257882,0.12290103168267849,0.04098938821360962,-0.11614177068080292,0.15397340067902024,0.16923763834540137,-0.04463892223104493,-0.018176352650452615,0.099109840935065,-0.16192900809458655,0.08959991064444331,-0.04766406480036975,0.1287938513475889,-0.06250102504772147,0.03313073162040503,0.14071148832311967,-0.1176042218892065,0.14713334989163904,0.02711801197638128,0.16249531388225588,-0.022536955430827177,-0.08196547353036868,-0.07266634022714197,-0.1620145907972649,0.03580903603935165,0.14754919040458894,0.13929356472097562,-0.03785113211010671,0.1289026795525334,-0.02296162496367793,0.0541268343962131,-0.048138777062546045
-0.06648954671778234,0.08444760296319767,0.15676065801100583,-0.03370643031366172,0.17334275931158719,-0.0034889851488306423,-0.025708296224577404,0.07770629882149929,0.17434137466249802,0.15749600013839019,-0.04688080501876102,0.16974030556275158,-0.0063509628989946165,-0.01714096521758443,-0.07081246816763799,0.015786071162699727,-0.16598861674285184,-0.10459632390243635,0.046155120058174126,-0.11988978147580892,-0.12949882361317677,-0.04897743252779116,-0.03270354768950148,0.11258531496884891,0.0639310771788105,0.14271480612296647,-0.0017382399878741461,-0.002757745491519359,0.045522748650764805,0.021768686922384206,-0.16201559313470473,0.03521361754568858,0.17143626521173536,-0.09400917004619848,0.18041740559410888,0.03264381104825215,-0.17433166133576422,0.05043502854202994,-0.18037883072771485,-0.028443129130550054,0.1745684104328812,0.04276204127158545,0.05330686292565312,-0.08554520234550701,-0.11192394125591332,0.09625870716043974,-0.1734783701315125,0.08735255944331669,-0.052548595257339015,0.17349627003773918,-0.0129849322035612,-0.09171588956312204,-0.1159596480348802,0.13787507918770905,-0.008589053831179472,0.08363416224609069,0.13160717527080687,0.05692803661565626,-0.15322658635314326,0.10121865265538674,-0.02840547441741617,0.0467304586612762,-0.09461657411300381,-0.1640707296729882
0.03957723997209897,-0.018935084480856873,0.01670410005513906,0.15872568302295118,-0.023891473845657346,0.053728547570825486,0.05631820481016725,0.022244876110196737,-0.0023120477515367888,-0.05165592672095026,0.09373646906660074,0.024670769854056696,0.0695438219728681,-0.14584452862889932,-0.1496431872489138,0.033727397798854586,-0.09700759107818825,0.02701183015070277,-0.17553615516279594,-0.02970692614087883,-0.08131782965912976,0.10282307327727339,0.13984976006382036,0.03149469326160825,-0.0954073876087582,0.016305276563880783,0.05711694718577451,0.09487906374766444,-0.04359937635230185,-0.031132675709444058,-0.0578418066038905,-0.15535198730129865,-0.0926748745743407,0.09783344233580535,-0.04040357197019151,0.12304633405349177,-0.16314392508933528,0.1422795589400603,0.12504776247239915,-0.1229420269043693,0.015457296943098497,0.09227106783229042,-0.11464769407700016,0.042681173754567175,0.026553181400981896,0.03195747469863555,0.11218993318426992,0.046507038425843306,0.11656824965718823,-0.1685024938737244,-0.10551818431161666,0.11413045287172383,-0.16219346458758924,-0.1522220639589098,-0.08242751535834042,-0.14605815919793289,0.013188054276766586,0.03998246982769807,0.12041256442883172,-0.11129420646795064,-0.06801046122521173,0.02913118068237691,0.13921469597832178,0.08258474965150178
-0.14651430849132707,-0.16413706919860277,0.002366286640224896,-0.022230862479953095,0.055148277261313605,-0.07627957569532333,-0.042077186609013384,-0.07218656423493311,-0.13041811373011525,-0.06165799430618618,-0.13338676777468936,0.13174655792931547,0.11818546095347268,-0.008650023282770286,-0.16097753946880822,0.17966843459061785,-0.13142836723030063,0.07464036774679042,0.02366327744225849,0.049535402992497035,-0.10855107944256402,-0.08535854577423324,0.025336923887740614,0.16939808655788677,-0.14738914171596168,0.018885571589996403,-0.07013572512365154,-0.025754953361166788,-0.1451504734408597,0.09573003092702367,0.0039814176287222,0.045390382610771995,0.07263817142467696,0.11150910243317877,0.000530734436461372,-0.11701998755162779,0.14850087693282885,0.03251026052090081,-0.08329456518080477,-0.021257561403580788,-0.12923854680495944,-0.015559246232574209,0.1487624053620318,-0.17213016310954596,-0.02774429690325031,0.06164987619538817,-0.1557802509343198,0.17846907299269013,0.055826912669913575,-0.16029583915143802,0.041193101257177706,-0.053658543825371496,0.09985312666864674,0.04385069601141903,-0.04699453386701272,-0.07041397410774744,-0.0617480938905384,0.05287265015550846,0.068082700666938,-0.14809253164870934,0.053818227074328207,0.027540726394501808,-0.0339511926709746,-0.08680667398428525
0.11819902748377945,-0.10823837770992126,0.025125730569296234,-0.053075989600856466,-0.057850765864139966,-0.11325234727642154,-0.09791473073939898,-0.174417369894526,-0.125263682478004,0.11744979368057898,-0.08350330053298331,-0.10742024862843609,-0.12829031811818042,-0.04060746189415956,0.09904701174034533,0.11063460318523291,-0.033998479053998665,0.08980403554622621,-0.1611143023749161,0.1524256666455817,-0.05349959790896028,-0.1747492012362776,-0.09492776972730696,-0.028312202540507148,-0.08695920198497095,0.11125207020993347,-0.0016299312452570935,0.12398287381631753,-0.03897491276701845,0.12102036014937298,0.013112813329950873,-0.11490591920481996,-0.09215965253592173,-0.12220651823645091,-0.10130687982809501,0.13380765140356168,0.10218051763494976,0.07266138933415275,0.17328726575499234,-0.07480037470728947,0.0210376494530011,0.16469617277008938,0.06469256008576496,0.07098650457155911,-0.07489513436047675,-0.13799218484801842,-0.15074068039499197,-0.12254930784237797,0.04019820885017239,-0.08936989940611775,0.13378736995813947,0.051058607731438554,0.17638588853897816,-0.06772988694215097,0.1764356710181844,-0.1263434464256643,-0.043788758760762186,0.11753566691220788,-0.04107240380247468,0.14228328111833918,-0.14318019151671132,-0.13686748883853345,0.04816598173984582,-0.11111007156578459
0.08139834302697371,-0.11630310021588777,-0.04607012450440104,-0.16337300534235144,0.17888331139492117,0.04906089404798675,-0.08438558942469554,-0.1653370337770807,-0.024297866198648516,-0.09899597131899388,0.103636519935741,-0.04006997741534332,0.07572492166628916,-0.05795754980721819,-0.11641852020160015,0.05236217403696894,-0.11395278451673588,-0.14645263155090127,-0.07155755789212181,-0.053300018412945294,-0.016808958798697704,0.11364000546686812,0.16468644769326793,0.04168660656193296,-0.05882695553801036,0.10707073189753621,0.08601406178623058,0.16974387149915113,0.07434998944088547,0.04154067396343061,0.05126436816370025,0.1795996506655627,0.1317571837050193,0.15801380630146175,0.1265890792209388,0.1346509086151638,0.1534376638128195,0.1121667921454175,-0.1606330425541828,-0.10171885548283566,0.07612625566155387,0.1382403780527565,0.12045876252423685,-0.1597196876761996,0.14340778460232248,0.15337258875756435,-0.11875398271067836,-0.17305372044989212,-0.06894744543959856,-0.028814243306085008,0.05092034009912494,-0.13127079639098133,0.016075896535565376,0.14397584040200032,0.0639741980983227,-0.06006843034632908,-0.01719184145171951,0.07834524165776766,-0.008537829089841215,0.010782407535846167,0.06936677307359423,0.06269778720440256,-0.002396524631218727,0.06943544808583099
0.07534763238917455,0.07469786537941234,0.11090255552474607,-0.030752603204546564,-0.10047852804999714,0.008879885632783108,0.16777063115227334,0.16631434309717016,0.17441950027292394,-0.1660988521941784,-0.07326145280870879,0.14910022905435913,0.1626768687744982,0.1363075820485035,-0.15512061114632858,-0.11022499522907842,-0.018217017749613235,0.14685198378667838,0.11683346851591805,-0.15145325553637737,0.12345210686532407,-0.0853171733488385,-0.15248401562506655,0.074160185547443,-0.09128569644649608,-0.0906697588807118,0.12098562747720662,0.0885151929811556,0.04328951128258954,0.15107393915250442,0.039280273575467234,0.14755786477263858,-0.08874153967079772,-0.13471066511810936,-0.009787330085224533,0.057320195114526185,-0.08435444291381076,0.07887278395993666,0.10280929808955067,0.07945591537304161,0.07054820981103507,-0.16989742847813774,0.11478194417086893,0.15133581039459812,0.02823601259274694,-0.026620495489753315,-0.036861639122454826,0.12917369893463163,0.05239542394554597,0.14959475016844223,-0.17266208363219163,-0.04966201410161522,-0.11427175063557217,-0.04586821927708437,0.02095178391649058,0.10217337465940887,-0.0033843566963193683,-0.12145970795098765,-0.07862088573366403,0.10324346162206957,0.08363508957072716,-0.001181751638697992,0.037253636019971975,0.11078268271860339
0.15063819676975418,-0.05866115165422994,-0.0018129515746560243,-0.11976772444581865,-0.012445460376454553,-0.15274513222573488,-0.14019237398130552,0.11669159381466884,0.0366191616158284,0.0030742007516656733,-0.12013943368366868,-0.09607757037319495,-0.04018495715170184,-0.1566745421604944,0.061545307823798606,0.01219550612488926,0.16235171813156177,0.12211389894812388,0.17804545896850313,-0.1750526976460215,-0.104898995731124,-0.030324628148712757,0.17597901872097357,0.07169482263848756,0.012625693996879267,-0.07394862627703645,0.0743050411410783,-0.007130529302147859,0.06260827436782884,0.0967999229506841,-0.13857637289835698,0.04892274202258859,-0.12296816928294571,-0.05815550435532196,0.14675660859089015,-0.10467423464954292,0.143736911931324,-0.0021457147494310935,-0.017382253846705303,0.13715329209566016,-0.14059016506526362,-0.13811134002713737,0.13980544379045992,-0.1636281755774338,-0.1061883053157281,-0.04100560175235454,-0.15339723445268888,-0.052138190911330706,-0.047529845186768366,0.06869194448850463,-0.1240012241821821,-0.1380077878523555,-0.010329130425099697,0.05244232626135148,-0.07033935636986924,0.13433449568073533,-0.04710224670030391,0.09715959953955458,0.124238584076755,0.17679059742713085,-0.0817245149045571,0.026819238439197757,-0.08567634470633212,-0.071125282170983
-0.10670329231041907,-0.009406061412553707,-0.017468034307891345,0.12044160281142827,-0.0661781939690045,-0.027093995868861215,0.14386318547712781,-0.030346140739267308,-0.14314794361391664,0.021463919692880307,-0.13860248679186774,0.0799846301972856,0.008681807265190938,-0.10221410242685967,0.1758015440240965,-0.041017103266277555,0.13112041144606176,0.15884581197450579,-0.11279137464368172,0.07018826741379272,-8.03404520534623e-05,-0.17318769894372038,0.15682895178779852,0.10514250157460572,0.05981083940405957,-0.09279780414099376,0.16255193264016402,0.1189640903961939,-0.1275198375389362,0.014009468489559918,0.13984436593921842,-0.16125809182395726,0.14153243372273736,-0.08398808127002896,0.13668660740422664,-0.17484630556301836,-0.13543948752783483,-0.17426063101926156,-0.10845439652933428,-0.04099592055791515,0.02938477680647203,-0.07596913219335706,0.1216984656709846,-0.06960574876158444,-0.027092980243168446,0.06462631810992428,-0.04680254092746347,0.08738718239253354,-0.050489069535119335,-0.061117799285486565,0.009307040630708696,0.0027609082104167737,-0.17385298363234794,0.12333850083149425,0.1385981829025372,0.14363678900160662,0.04716227400756956,0.17671717133104506,0.14212930553182965,-0.04419531650896552,0.015853162652359448,0.051953463746136214,0.04708146230138774,0.1104001790029299
0.07458725537570435,-0.03165424720317961,0.10738333616181298,0.07783229848125497,0.14462554186395601,0.036496298966753604,0.16816165566527244,0.14113248618313626,-0.012062890006228288,0.14432803999545077,-0.1587951346232367,-0.13861667949020853,-0.0889623268294836,-0.1364286896751965,0.08732621247146663,-0.039763753687306586,0.018369199185781726,-0.027496740541967463,0.027803687129596882,-0.04810888159597568,0.07463094027640535,0.07243236886114338,0.17419432486300682,-0.07050130431424594,0.1315993788081806,-0.09130810711605049,0.05843515285829304,-0.14772447927319673,0.034730171352781114,0.17932253893559089,0.0999709244890297,0.0056570505354702205,-0.03779585371408986,-0.1386911532715167,-0.0744849876894186,-0.012043317245012897,-0.10676791682443325,0.15253701554181306,0.15065795070914292,0.02784370816818918,0.06855525225437908,-0.09923898707059292,0.12215698060481242,-0.03997623177509857,0.054448999375300206,-0.117070082917311,0.1620494540049537,0.044751580798190554,-0.049997511447417126,0.06688025473850998,-0.140470420150306,0.06468335489938654,-0.04269612239920148,-0.14254460091764676,-0.004397031658789102,-0.17755656430819117,0.10711642483739633,-0.15153303792512393,-0.17955013052741434,-0.1774574227086151,0.1125671502929683,0.005839625920420921,-0.14980236301663616,-0.13170489933564872
-0.08470742745870456,0.04684446757930971,0.10996113800326432,0.07810755184150772,0.08593395447999688,0.143383752869954,-0.11619617067833664,0.09784176644340511,-0.10961094616352059,-0.08152077168675402,-0.010959232401488578,-0.04297018975222533,-0.052235243512052026,-0.10020354005892193,-0.00585695362673877,-0.14645009232656558,-0.07953359365259592,0.1174030925096066,0.1658103259320333,0.11846011917728053,-0.04050245858449836,0.10856106017459957,0.003720084054021383,-0.06561547757813944,0.04921924135250111,-0.1065895479879316,0.08772274115522113,0.13915505257314773,-0.08800567842439638,0.09624052493408744,-0.028118125175918024,-0.004808498903551783,0.0893227862275773,0.1435417054781907,-0.07980816887204799,-0.02809085743948858,-0.052622666544645036,-0.06254560273092617,-0.03718468452596935,0.036086035291954366,-0.01990577456462933,0.038243536720207943,-0.022600780494482164,-0.03647949235983783,0.019077764182816342,0.09271251033514602,-0.08561305351708799,-0.1269568216979856,0.1347212093994262,0.05765247567322038,-0.06202958728058307,0.10878146381489448,0.02461035782058904,-0.06051705276811023,0.07246667616724897,-0.03311234840773086,-0.05069676752001706,0.058164969020522206,-0.05835173640813547,0.007921617938885378,-0.006342463210976562,0.0014684914725682785,0.08126548034090472,0.04688110763047634
0.0165756939351267,-0.10110544893318377,-0.0019300875997151357,-0.044852352356475805,0.02436126754190987,-0.14881419079514727,-0.09987676893410398,0.14853518901243043,-0.037746653013641884,0.0001312970171048755,-0.066478596858474,-0.018034707877807532,-0.00037265372168990285,0.05963118681823715,0.12473263176873625,-0.10890566970227235,-0.03511450482974396,0.08382099094359594,-0.014698113181358302,-0.024301363395639486,0.09530429777726065,0.02616247681735956,0.024546457418478745,0.1386653306524616,0.03609515043006278,-0.1332339449843008,0.06076432713685467,0.05616725860387878,-0.11152608175860163,0.03251643510140023,0.08253324905393286,0.06803836586366635,0.046837077407999334,-0.14905594343315687,0.07013575388456536,-0.006783940274384698,-0.08929829466191669,-0.10680418654611716,-0.09117338919434936,0.1298193132953991,-0.14073607783789993,-0.056498502930837816,-0.03001297724961549,-0.007420263995677523,0.13695725025713926,0.13260430587778624,-0.007488907044091941,0.06843486381555455,-0.03941236253203756,0.1535831948854918,-0.13558930167867123,-0.09499888271117769,-0.01740847738630738,0.07133633134943371,-0.13797230282977035,-0.12308463337356744,0.011061813572782464,-0.17868573551673175,0.16377469936382147,-0.09682525621757389,0.1505550572831966,0.1191797113738857,0.010754768651103586,0.0028292564161599976
0.16818933918881987,-0.12571335736594075,-0.17852116466212894,0.13750706777663887,0.1679844162752154,-0.16324884022190989,-0.17921631114763725,-0.11151409437450273,-0.09637723077764612,-0.1694077309690098,-0.1058468433438416,0.06680021751797324,-0.0948772790875395,-0.06850893869299739,0.17445407320761772,0.12776325309747624,-0.14543504967831533,0.0820096697256695,0.03979254681337241,0.004812171351343153,0.09018554327136433,-0.17515654636058964,0.13520974510690134,-0.0664591077343736,-0.011382498600072316,0.011136184364208435,0.0892993562297946,0.059771008510682455,0.1399770615527204,-0.037766622755918744,0.1166541632591461,0.06255780973062061,-0.06891616195996202,0.0019787786654363593,0.15208923401490473,0.17921041550770797,-0.08790301691902724,-0.07812324296492287,-0.10485788592734388,-0.07622404665571118,-0.0851650495315159,-0.13854783667931192,0.113881746577607,-0.058393262743891436,-0.1324303510152798,0.0047313799327732,-0.11651915458866226,0.07844247003425361,-0.042891376635439155,-0.14617503287784658,-0.05521658235322194,0.137077807920539,-0.0867656674968719,-0.027570328649229342,0.17055624374397613,-0.04930560377137572,0.12053387567815307,-0.10197429452172127,0.026093772230694395,-0.13177022508357772,-0.09457002223457452,0.05739013942977983,-0.13199279270241326,0.1648253844172283
-0.04308644692345587,-0.014670593229000273,-0.16047064091595045,-0.030945416060650294,-0.11978743099284551,0.17685171784752832,-0.07710131640001715,-0.11986927962070633,-0.08600043843229427,0.012213576910356377,0.006061983705883706,0.166576670005571,-0.14601081102881258,0.07223110873276842,-0.07365093988998016,-0.04015161430389513,-0.17935571116722585,-0.1485368107046729,0.07723240331635486,0.053974610400670836,-0.06872276263436562,0.1374987294497145,-0.11633899823378059,0.07871333038617592,0.06545836828245233,-0.04726940609745739,-0.12292920209891285,0.15107227778083246,-0.09353298446793781,0.1609776649793022,0.14829223302082836,-0.06112197742468492,0.13310311835439856,-0.13092982708781767,0.16139349283732377,0.15753285927640046,-0.06491042300863571,-0.11732241062202223,0.05550517836141833,0.035284312933681033,-0.013842184226717957,-0.06346611206545719,0.07157879515980384,0.07773271989428374,-0.09676457589390565,0.06173588748544401,0.14009808700403134,0.14569436918132947,0.003797901550947058,-0.0662638576327583,0.04924211035633963,-0.1508119573444318,0.09808313238575547,-0.0063269951921174905,0.1479972114999685,0.1760654121798433,0.015117126824279348,0.06499614039133761,-0.13933148949292873,-0.11372610665103804,-0.07536527693408766,-0.17053863813168646,-0.09526713606835426,-0.012678420132520213
-0.055261233571206936,-0.06796701501514249,-0.087179210205364,-0.053868088310261075,-0.11525263246948221,-0.004933670557676267,0.1147416257204428,0.04386419870719929,-0.1732960714285028,-0.07701398737464013,0.05046253303869616,0.16749182228437112,0.11851931768691046,-0.16294826106177057,0.040068404206596464,-0.1549505721033211,-0.12192263311861957,0.11071114009702457,0.13446742642144024,-0.14055958684424918,-0.02483956735037232,-0.11986604250980906,-0.01578683141725276,0.05880952227736724,-0.024202182100107134,-0.0018148693869760313,0.1803671880281116,0.07639091357155334,0.14218412592533233,-0.1027567094009805,-0.16846533912420475,0.12753137908886522,-0.06955939601353568,-0.04226719135624091,-0.07096997249656489,-0.15166522641296482,-0.07286969359819141,-0.11661318990002453,0.09913347627810495,-0.006116326973287345,-0.10206579003731382,0.1431759257305981,0.1405851528364311,-0.13529123981065028,0.005043241924641367,-0.03974139099093085,-0.11541696649157704,-0.09429556532081614,0.10087601358482326,-0.056056285262231595,0.07078894917307069,0.020897807715487354,0.03591827671045783,-0.04778253664986687,-0.03378852863066742,-0.09257056659581916,0.03479615009352713,-0.17365895800227488,0.14597903755709316,-0.11884400564280251,0.13883498315607076,0.14175989792240798,-0.002295624053274742,0.08797158260714363
-0.10122994255164701,0.0049008482788122365,-0.09132856582399336,-0.07820488957045506,-0.15202998996963946,-0.053330987612940584,-0.08879938073346189,-0.0914998018051057,0.13617155551307616,0.14599776349244079,0.0124737603756713,0.016831201887705677,-0.0040423779815680905,-0.012003476550560693,-0.05700055393510349,-0.06654935845445546,-0.012253921889496228,0.06505826931393158,-0.0072422363755273444,-0.08090957692948642,0.05745004665087522,0.06801704877865508,0.1269332427814591,0.05056612111733441,0.031117040322844985,0.12605408409103372,-0.021553037829024596,-0.11413292013708894,-0.012970810105278036,0.08388086900891187,-0.12853814565344227,-0.009753749416239105,-0.17626450641290248,0.04610243945073797,-0.032958867536661524,-0.07669894630481186,-0.17835459596042605,-0.1758062284604376,-0.05926906919937386,-0.12446501315444386,-0.13950181350901397,0.03215150588813498,0.16906450674763432,0.08371200954805294,0.05616893051143387,0.16957816780484078,0.010015108065376949,0.028198367576189154,-0.10373041819579122,0.010699549519277152,0.045621209683964103,0.16792885252578296,-0.05945826240699652,-0.1575638326575638,0.13681372221934004,0.02530395443312461,0.1383918827684423,-0.10771568795576891,-0.1329876536843051,-0.0011851364036956913,0.07120806923084436,-0.13782387161743534,0.1531077492474682,0.12565707050815791
-0.10059484983765504,0.16731735120627753,-0.01063085426418453,0.0768661657530276,0.1009065745205491,0.14142746013033922,-0.1162411281890269,0.004269269904781325,-0.049326929982186185,-0.04892244718815164,0.08525877419310382,0.053683505076539434,0.0654167281859675,-0.023040355017229452,-0.15197857540169768,0.13847608302564643,0.13189267297362775,0.07855298031939276,-0.08932336663735191,0.012897898829383081,0.08722126078297501,-0.08669546607539413,0.0489849063765527,-0.10087835535531851,-0.006960071281569391,0.12215488577245162,0.0021596333083748476,0.07138920224468984,0.05853885132506989,0.16002816599768147,-0.13790067026422542,-0.14349088146849545,-0.1678968838853642,0.05951635613936257,-0.16488016928427943,0.1699168126727987,-0.1607467300006695,-0.09712056046493901,0.049911273200028694,-0.032795179635906585,0.05408506259624038,-0.0375570345508805,-0.13736832313110958,0.013655129858294313,0.16667462864468716,-0.1571238509919814,0.12750037953760837,0.12758889576532353,0.14906079400158226,0.15582992734938242,0.010345792461857295,0.16372599789405243,0.05475996090064178,0.1374971188060183,-0.03999695844555909,0.05981619961247128,-0.11082432425156719,0.02771195398366455,-0.17254878750195426,0.14606055669551807,0.02665534867558164,-0.0834257344002737,-0.0038986311524562556,-0.013610834770930585
-0.13928386163998457,0.03565373825342233,0.14571842167712065,-0.03191860618661599,0.0700230604473688,0.13964218329533742,-0.05455292546287793,0.16840475307470246,-0.09473053893258998,-0.04872820153364166,-0.15157247502759238,-0.08850499045547723,0.09174032144405905,0.011293030600677295,0.12483174236976044,-0.07729866496568656,0.1247014376298746,-0.09676033592069898,-0.07328644713548062,-0.00024138941518009327,0.08219767366594707,0.17301737313553003,0.0959810391304188,0.07183373286857678,-0.10709634312489161,-0.16513574499949285,-0.1566334287581786,0.025502832506232836,-0.07753752687862989,0.17788233864269057,0.043082223211012655,-0.01372496517515881,0.07815415300920289,0.007542497428441486,0.1168246694145417,-0.13245521287792633,-0.017709500070256512,0.048847173243907666,0.15252432287792325,-0.1732049754275558,0.1800643234335124,-0.13661859440541105,0.10817653831116134,0.0546737395194285,0.13606867937138453,0.10890058717760084,0.15772682930003343,0.02583511233123187,0.02372917269668448,0.03430278168578241,-0.03323269719213756,-0.17116991442709137,-0.14742988462755807,0.1735367326016091,0.04740583388273517,-0.02497477910618895,-0.10846945202936562,0.15803936966740864,0.17203910758291593,-0.17416899795381166,-0.1660482760864682,-0.08717446800517692,0.09821435850026719,-0.02894195903102542
-0.06015393396152155,-0.17197101666208398,0.16442366040558257,0.15098156506907626,-0.1281612931376464,0.13351231820987933,0.057672378130133845,-0.11673484870504576,0.14748553641749554,-0.1630747737580014,0.08676286309821232,-0.08134769488639926,0.13004617153865242,-0.09360931803710261,-0.08961800699881406,0.14449533966193115,0.09467608510881045,0.07920571012952446,-0.12037105018858939,0.06259475053831032,0.06348917214108096,0.10886416579098537,0.14281756126048953,0.08881142206246903,0.0022387853450298034,-0.06320219309748284,0.0016858918163086545,-0.045174272980993,0.017862532242447715,0.07863398996848273,0.1308078931303587,0.04885700103877505,0.16077015798930674,0.06541305854479099,0.04766236000524948,-0.15858420162366033,-0.08979068146021296,0.010936451316602674,-0.05181398172715393,0.12495583772084509,-0.10529198856535939,-0.12145670888883214,-0.017429199170511306,-0.020032822831394265,0.1750419526702903,0.03552291198287896,-0.09133201070125693,0.0797041716439715,0.0536771286140004,-0.05513225539376393,-0.15687476644235618,0.16161008111731542,-0.07284198451823433,0.14387135839015688,0.0577448615026617,0.036018524747730984,-0.12117363999716058,0.09283835681474004,0.0009769097347067102,-0.054867145248399446,-0.07709253446078568,-0.051565409825729075,0.08751406480765625,-0.01812178502404757
0.1342618624124117,0.031297010645387924,-0.04490213773223989,0.05860246430911756,-0.12485444551076116,-0.1206551649960654,-0.021719108978417306,0.12681235323656195,-0.00930435558621251,-0.1542380661491016,0.0895668120033902,0.15745791470642365,-0.08191253256685321,-0.0750789688163228,0.11750938763948718,-0.03305268532294198,0.1082181922853808,0.1623653489865217,-0.11945459761522198,-0.02935736618427187,0.05561754781838238,0.03414005692036748,0.13470332477159455,-0.10492122376162175,-0.06506952220696173,-0.12970218070139233,-0.010225886814125174,-0.0018279381128525896,-0.1765552782160449,-0.06329829036989633,-0.17142638204360547,-0.02410710493880952,0.09455877060983744,0.11654864406912316,-0.17570563611453205,-0.15469616788780827,-0.013988583903698948,0.11530763979632416,0.13576161340231593,-0.15533372119214164,0.009843575725372616,-0.13029980187137044,0.1047189843291155,0.15660560925904968,-0.004241656454780418,0.17353247193496704,0.1413776629502512,-0.11904475965687392,-0.07520480060794668,-0.052572385048875014,-0.07018068593623593,0.009854411736713004,0.12648703462220248,0.13527472749012356,0.12509159940695333,-0.088911525841154,0.08003433279737757,-0.17718334861310112,0.17784132831816543,0.010474244318919357,-0.0689718574093703,0.13021337204249098,-0.1687573365830991,-0.1736375684548137
0.06199686860955303,-0.10112231648653519,0.1251137858990781,-0.01571761778835501,-0.17127840428090055,0.05161991666011631,0.09368268653958176,-0.17543780951385674,0.012974350836440995,-0.03617829355326874,-0.06135546393565329,0.03388748902969216,0.12191887101385249,0.0800272351491966,-0.16898044073691715,0.023040999292721187,-0.13682281334831964,0.09891498629033199,-0.03255253093111174,-0.0013606500602832416,-0.09476306196698812,-0.051686319812569215,0.057974776325846994,0.17224026471116324,0.1799433716761599,-0.043106360974616564,-0.051562477155270514,0.11254327508969311,0.05525435415944491,-0.10670196652683252,-0.13526379778055453,-0.17526551362458528,-0.03356201249497018,-0.1525368031549687,0.15828570615534507,-0.05341444227996539,-0.16064330843902105,-0.0979829895884277,0.029180944222311073,-0.10036909409411197,-0.14463416833744608,0.08650141274387615,0.0556590993987266,0.11233492395496206,0.05871135269616484,0.07298845442008253,-0.08452324626658894,0.04858197125751085,-0.17403578106648893,-0.09429960212273032,0.05820618233060845,0.056819958935134085,-0.11585364261917783,-0.14447868604876482,-0.046179745533454136,-0.05403482484463215,0.12687198930852342,-0.06712597399725016,-0.17093354874104832,0.11752120256799273,0.06282622983048142,0.009339879358600839,-0.15862061765356625,-0.049228232125078264
0.04146322990519033,0.1535470256808125,0.025837788936007966,0.10280397555993312,-0.04479739042921868,0.1192754202041316,-0.008355711889127898,-0.11832525859891752,-0.15654215014337972,-0.08888359231597583,-0.15724579242799358,-0.14186099216248968,0.01664539372759888,0.15744273083173657,0.08186980837064176,0.025610011948742323,0.1799860614157002,0.05918422517625874,-0.046250991593299345,-0.08659615430701431,0.10674786248099513,-0.1085403014330115,0.16594459437627576,0.13966308746232228,-0.0870108408101049,-0.0038957516663879477,0.11159339757015033,0.0047828912121980205,0.16277887663973642,-0.008972852996487146,0.08382575158804398,0.08050971634219231,-0.08369887417519631,0.01483353025434464,-0.15902789212189675,-0.015790429502676284,0.1783946397064273,0.15086548776317607,0.11851691720323301,0.17293557453284972,-0.07598830523083733,-0.12572792142194544,-0.08745804940025054,0.12900702515433746,0.16699043353195683,-0.1307553487885372,-0.07402089588750779,-0.17646072401091367,-0.14684877340019956,0.12094697452769002,0.16533587491576265,0.1793303142382939,-0.09514174489279856,-0.16452964813616708,0.09727966653119227,-0.06847257014737598,0.07488306588441643,-0.06829702192722914,0.11455068986413788,0.10960649087612243,-0.12651018772130984,-0.052065196295585425,0.14449119204419794,0.04988879853998354
0.0033549750553543145,0.10962536776081891,0.021961617701925645,-0.04052939091701893,-0.03263993936006909,-0.1754359029509181,-0.10144470162264814,0.1462512500473138,0.06275154523794862,0.026698302591699224,-0.039760987683953,-0.07618271560018051,0.1002104989676533,-0.10924733436640556,-0.08571039246458106,0.10877317815730334,-0.07423117976110563,-0.11143005696436382,0.02397789099889633,0.12158731614846804,-0.026906442350150328,0.11078898406392959,-0.05379668851352426,0.024027250925209298,0.13891519686425394,0.14909075838966865,-0.006672675975148451,0.0533751731831166,-0.07038509339868323,0.03247857494627798,-0.16004936677084916,0.11566473565246918,0.16997554669170525,-0.16857857354287997,-0.10797611261033123,0.14592695934376862,-0.06670396495575222,0.11722187510238954,-0.15131032476178835,-0.05962258139999982,-0.07171241350903641,0.10253526883406841,0.1176620433006548,0.07816814405889375,0.1662141924540854,-0.10723344716974541,-0.14224072831965304,-0.0165322869332048,0.04435822802768716,0.01303251568358968,0.08629087313181225,0.016758183176551977,-0.013718394984485544,-0.17366836343317232,-0.11077525244799842,0.07765376739795213,-0.032835445069122365,0.1485867049379679,-0.0612408581905088,-0.13757064033746744,0.0803584863470124,0.06267507007436504,0.11725319030261247,0.07895786301316823
-0.08226637954160747,0.17029045264488715,0.039140598002597476,0.11856737849235424,0.046048402033726704,-0.094561532945585,0.12571493546240484,-0.16420561736276043,-0.03550238345368695,-0.01846099170230786,0.14086206488033112,0.07019814799030841,-0.16273124481942502,0.13390851410806517,0.08878187476494961,-0.01758323745304985,0.059528163998834094,-0.09053275368850777,-0.15644265906122012,0.07168431190733113,0.15368131962821127,-0.14809671773131283,0.027629997686055452,0.16420142102120508,0.06687693935170791,0.13826290502913172,0.0130370475790339,0.16520505205210698,0.17129161327973227,-0.09247081119991167,-0.11512591809567994,-0.10328874651055349,-0.1013664003615823,0.06933030897301443,0.034692201968866326,0.07326015544032141,0.16342859016020803,-0.16721990162464878,0.1194352027353606,0.0743430381074309,0.17927048769301066,0.036948130040410865,-0.06841854416447567,0.10928286009634272,-0.08996340390112284,0.15242604858012912,0.11994047417199313,0.12935064013687123,0.09023532868020936,-0.07802510474267807,-0.10425981962465992,-0.15879588196644587,0.09946255317275707,-0.07262503647787619,0.02270077734958789,-0.15623280081199448,-0.027913589625685714,-0.07733539274607461,0.1079830444166007,-0.088595005884088,-0.12487275772746903,0.1169212554665752,0.14139721550512882,0.04346937380064414
-0.09761235316094223,0.17619758126296506,-0.011561118251899621,0.1284284589463238,0.010029932349973542,-0.08393627495494438,0.10438750197228178,0.10484059300956353,0.09685529599752438,0.1638010777587183,-0.08489800289108158,-0.17603299202998585,0.16921847184428937,-0.10669321525093058,0.11459800676834922,-0.15598922626666803,0.1355071775145095,0.17850736889653632,-0.017387145736737997,0.11536646451045454,-0.12030500342178682,0.1546604565005442,0.021791870375319877,0.17663512922402833,0.01364932921132464,0.011462103274238217,0.007569352072992697,0.07565001276564884,-0.1512059708433697,0.13934727995015658,-0.048491748672841256,-0.12828413122952753,-0.046712287176499306,-0.1597587351370081,0.022498037736323,0.05529750271002179,0.14272379105196367,0.018086399888850524,0.07645974283818288,-0.03918452587349239,-0.0097495960619024,-0.042335100960139954,-0.06624784549202481,-0.04982486878579895,0.03610858324251781,0.02762419680853584,-0.07503627687579062,-0.05625776987498754,-0.013399549433707414,-0.14132634314561052,-0.018473725752285924,0.15020943005132562,-0.008514712309173222,0.13933251473661576,0.013187633546610095,-0.16108791771193984,0.009236881522425772,0.004663859709261198,-0.14405423411380675,0.03962013407459605,-0.13163179513573933,0.0866943865949609,-0.04441488715412409,-0.08500039989000141
0.06395918918838708,0.07071874827723398,-0.17012391836163984,-0.04374465109052392,-0.10822792974776949,-0.007172735038304928,0.07786092394814034,0.004125464161704756,-0.16687384973004615,0.090803844571654,-0.15117323558772483,-0.06662412417839282,0.05070917878439413,0.05391742444015052,-0.03349608249830435,0.08930574364825769,0.13415893206454174,0.07780731559839935,0.16227670147921072,-0.16052982183278794,-0.061599377799265026,0.14366692906844533,0.04901320394535341,0.174425588181753,-0.019994021581540178,-0.15302233631085793,0.03570898904185707,0.14462339230586094,-0.07193593481691209,-0.168727092044285,0.0074762026381340885,0.019570843377678226,0.057077794598766385,-0.045489333300602786,-0.10837685196205042,-0.17158066071661432,-0.021789544335242578,0.02173594797701367,0.021657008482979412,0.10335916989634161,-0.12132305186590128,0.09817501034119516,-0.0787637329794199,0.09320725264511773,-0.15442672605380967,-0.11536565247826021,-0.14271547576461982,0.15987556378625264,0.15398823038040835,-0.04019173043892443,0.034294222833113924,0.031036873378479907,0.059788988698564804,0.06990050889242858,0.009950865912361023,0.02047627235527727,0.09469463202067849,-0.07812107176389112,-0.08080687984637394,0.03860210551470203,-0.061356024896975725,0.1543841942286189,-0.09206531049441075,-0.0788720254884622
-0.14158160001899103,0.06426571935333744,-0.1462872512663183,-0.12145165959316329,-0.08800327819021649,-0.1272619387392166,0.10896111044742932,0.1219352934038517,-0.06758854158685786,0.06265300486983985,0.059542710591314524,0.12459247919122415,0.021616756543914983,0.06605742446256774,0.07251137381537978,0.14246687859356064,-0.10696582747466858,0.10637170055277231,-0.15312469817396493,0.15563090155880435,0.09531643557424838,0.108198288011954,-0.03521071586394617,0.12026301564515005,-0.04434262311973511,0.1613455863304146,-0.10733619355940544,-0.13163138722070217,-0.07762780056460902,-0.0025832340250168118,0.10856814101505327,-0.03348536964647483,-0.10419234264709329,-0.03535731264227959,-0.004280085954535273,-0.033923488497856924,0.020690859595190042,-0.01201708258060663,-0.09143906778147268,0.07046282298452125,-0.051517025266122146,0.1580067016124416,-0.13571897316325437,-0.17445056623082217,-0.018791399612448606,-0.06359769962927228,-0.13404661165665063,0.12370730421209095,-0.07505619862495402,-0.17333992413968413,0.16223178343366376,-0.11920666677015695,0.06893371346875093,0.04428639719143604,0.1664288935053935,0.13347876005386985,-0.10396718914955462,-0.12377527947013617,0.16578811630166815,0.14031255847613347,0.05901882713562076,-0.14038090479245854,0.15046406201533122,-0.0827445665428186
-0.07175036052523488,0.006267711104436802,0.020512537776062684,-0.14722800894034055,0.05464293892964153,-0.06844858157895183,0.13995309098610167,0.15618745275270443,0.151973354283555,-0.05922085330131395,-0.03551414579073622,-0.0709169892545355,-0.16197855203347034,-0.12291305922821355,0.1337161253972116,0.06646870892165033,-0.06478012090390503,0.014401522516953452,-0.09221351825826724,0.06371707806275367,0.1710802302664902,-0.14130103789306386,-0.11416566585241475,0.15665049868177652,-0.0985080988438184,-0.020837743603500047,-0.08502738126869945,0.10686701370788629,-0.12787934147204866,0.13063950341193212,0.16027608358057618,0.12491238238284766,-0.02808901270715647,-0.13688748038677442,-0.17619602546503066,0.1447300973921871,0.17681872798523693,0.12770047700070156,-0.17926078619170333,-0.15233063037547606,0.07716843149488081,0.07881096214823599,0.15057634783508786,0.07836594571763164,-0.0852318810846537,0.17497129084894167,-0.14355610772870223,-0.024455830667635514,-0.11080097483630243,0.030946269836041818,-0.11349903735686953,-0.013606998238954449,0.045300690525566345,-0.06720327872488072,0.08736106247272865,0.10657804829620884,-0.07937837035461545,0.12202802428594409,0.15482022636463968,-0.013766340422429357,-0.06367951770955274,-0.16551158832870122,-0.09789333434927447,-0.027483293282983157
-0.07524853198481077,0.024931361345142455,0.16511237215050303,0.06500763456072797,-0.01994001274094459,0.022296504508209802,0.037162964302546814,-0.002014510244163964,-0.047658461287464676,-0.03918380717058503,-0.12541192252013939,-0.051051780299448485,0.060276273905235184,0.010762935093800247,0.018264023802103124,-0.15750170105677924,-0.10327189549909657,-0.07238383324402763,-0.06849434204407263,-0.08742317073845751,-0.10227709096232904,0.03558848627347755,0.03004978978800346,-0.15648406338627763,0.03846670216741013,0.10457816922034249,0.11687652476834806,-0.11147236534350406,0.09878624502087183,0.10913410443717655,0.0990917266056173,-0.016506547476541206,-0.14239355384341154,-0.08709646671597455,0.1555209576057425,0.0800199772618305,0.1140300111618984,0.06946683545716967,0.030967106716989268,-0.01975525579815335,0.09167935058214524,-0.11369651511599786,-0.03159708464558325,0.14950171609476867,-0.12753505210478033,0.1691907941202376,-0.07419150284542235,0.02344268994804727,-0.07961176023608119,-0.10310617981220897,0.015823143512669363,-0.171791288126006,-0.16380117540622946,0.10199998854107975,-0.1740275307226252,0.10141300002418227,0.15201645259581134,-0.007969220378700265,-0.002658332100565902,-0.1389096904744889,0.03767488147372833,0.07452899681309108,0.05978201162379834,0.15847928318244478
-0.04663599133116944,-0.03130451351240407,-0.09214897630100193,0.1042905946304081,0.17370441111876125,0.09439990579403876,0.154346432709179,0.18016684217289256,-0.1677797392956223,-0.03704921645377804,0.15127059610218516,0.09836819722618981,0.0839618765202654,-0.07893275018535346,0.026485185495972813,-0.08509736167729706,0.0032490101907726443,-0.017260240621734257,-0.013079138898450887,0.17222797450502533,-0.1084090706428273,0.07784503476547841,0.03517623722497204,-0.014882178522031858,-0.030645720049461478,-0.13725897324005967,-0.08722732711015975,-0.1537189365847494,0.013739653344494202,0.07325374933036563,-0.03262017580393531,0.13501472375241633,0.1422384889954211,-0.150581480297674,0.07964093700095173,-0.13628301306618534,-0.1649990864958946,-0.037739520202556304,0.07847400645810779,-0.006881118016255655,0.06588507044682804,0.07398363140620298,-0.13381569733853257,0.060884586854364875,0.14246545775626754,-0.15072919798897488,-0.11978400455772602,0.1002571336993355,0.17463179985418384,0.12445926596841636,-0.08833921507760457,-0.018637545941878525,0.039423747348307,-0.07839985742571967,-0.022819384530312542,0.15701106840313597,0.013413463610701032,-0.04570711614303,0.059287345030787114,-0.016305289924775895,0.12534558632579848,-0.15352435194779118,0.08260151169324495,-0.046625968459082595
0.16201990734067198,0.17867784037931747,-0.16561315994225723,-0.15994374828828667,-0.05756932935766035,0.10031195325946549,-0.16475938986136088,-0.05137296461808469,-0.14004457139159993,-0.1664052764100051,-0.14578895168569952,-0.00647480072481435,-0.01399688031999069,0.03249874720727125,-0.07581729873375552,0.04721726834476439,0.06486480229115943,0.12906782593135843,-0.040102301497192655,0.12303576742496006,0.16782292074527763,0.06648363993539422,-0.03879428528723586,-0.09973432584756356,-0.12120875144867783,-0.1277779065098686,-0.16511074802467632,0.13058205342566795,0.1637118009978061,-0.07249008727407222,0.10647570657954145,-0.04605266269410668,-0.0973192895471743,-0.15284722749776564,0.08267083466113759,-0.06790249762938202,-0.0006626579845623592,-0.15186556950582938,0.05087340344962621,0.018878863787738065,-0.08639844898425324,-0.16947919772018155,-0.03472524674431507,-0.06190092265986957,-0.1379740106538079,0.07876640503714052,0.0776220586072063,0.016959390860021573,-0.08461913081410169,-0.14276039263376572,-0.04366810641267699,0.11124075300175115,-0.08461417592208548,0.1706857094493697,-0.00744799295550308,-0.11352340299073153,-0.0806915183862557,0.026299382472710242,-0.12720372996716897,-0.14631436043286478,0.026130050890080914,0.03369168346567586,-0.17864131172252007,0.1042102394134232
0.12507377648529813,0.0953239694291795,0.16010438505335875,0.05795131953249849,-0.1449192131997543,0.022574920709674623,0.07724827303684487,0.08128782903300688,0.007950742250409842,-0.0614634624777079,0.08879120634919488,-0.09030330334651852,-0.04174431498223952,-0.1357516914449181,0.12237812591720162,0.13737382709644994,-0.17355584255417936,0.07079345202236251,0.14340673175715304,-0.07550923808201078,0.021034827821151153,0.1079844687996557,-0.019016112365094012,-0.10781277139148843,-0.17155806587780728,-0.1292793733396753,-0.1413425802485868,0.0005966404357825028,-0.05577002048523723,-0.11105172799967719,-0.004174813796851612,-0.04341796401009873,-0.13511673286136006,0.10973909345088637,0.015678252589816893,-0.15252688160509495,0.16757462032046241,0.12086148103345554,-0.11819579688150678,-0.1462704099435309,-0.13264574340751356,0.0003882872943620497,-0.08164489892160748,-0.1611585487929217,-0.11495591246860536,-0.11576313622513483,-0.14761639307739144,-0.09213092141697585,0.04731286252367842,-0.16441545846973712,-0.13076321228927895,-0.011372031023592633,-0.0010614095653949385,0.08699923029367432,0.11932799976358119,-0.17867875256135296,-0.11769489265184101,-0.010748598590232916,-0.1520729042982915,-0.14406942187798136,-0.17983324249883373,0.061574710135351735,-0.05925886630282645,-0.14309631103319675
0.13303118844437664,0.16678957291056737,0.17013056121801887,0.09815031310308156,0.05812775177959931,-0.17155415971200622,-0.1699392358731012,-0.09936176234237595,0.16613141934958683,0.13538889555693043,-0.15582505641698813,-0.034429278015986,-0.051450660779462004,0.046407721452795175,-0.17896731750787787,0.11030809848584397,-0.017559735489044465,0.0957917151468409,-0.13313687612408837,-0.12144499079523671,-0.025043876993970926,0.08035615744460747,0.08384924404336994,0.12114976493628657,0.030979137053783523,-0.17451903662245985,-0.05482637501861609,0.12298846927712173,-0.06301803432745867,0.13582427502519065,0.06467358265372641,0.14308890044710973,-0.019437586105784,-0.03472673342309246,-0.13822886613525576,0.0020386377507643216,0.16955111437894174,0.024367549101372066,-0.07023353649205082,0.1276262417090633,0.13529691782374928,0.12392113861338352,-0.015792081196917218,-0.020154959074233703,0.10244443196503736,-0.011604881249801607,0.1572338458035306,-0.03173397245319798,-0.07934729977209863,-0.12224027658096148,0.09848421453835435,0.0848661885601297,0.08307400433104731,-0.16396376219884382,0.15248415177513439,0.05071056046865602,0.10430763677069058,-0.07163769758376143,0.07411151564885135,0.13441714848083494,0.08055549663752651,-0.12040521720775119,0.0775656616860241,-0.015592354435906675
-0.14472600007650444,0.03456645440897277,0.06173387360266208,-0.1718696695307625,0.0695518875953566,-0.028086076127263326,-0.042814215240911224,0.07935382652118597,0.15967981678984808,-0.031212478691413387,-0.0493627957857008,0.11514004966987204,0.1541261915479186,0.09410029305286197,-0.17875302247374208,-0.14108987754993513,-0.0017608758353226672,0.1719130172353421,-0.0727316837608838,0.16648886462772397,0.09155908898481793,0.07931869885442247,-0.03637652441827191,-0.1406816955466527,-0.04902286581967821,-0.00025163202223074665,0.1415415966110539,0.11391329693228,-0.050556335207987246,-0.09886106816193792,0.008252938090696771,0.1756650392066116,-0.17714641940390638,-0.12852645629939205,0.10167975972375173,-0.08853549040758091,-0.12216545114087221,-0.16162038758001263,0.07327988797440452,-0.16911755075144794,0.11078323189920478,0.146022275458596,-0.14182485681749163,-0.1777851788334086,0.14761974586078716,0.1397467045324983,-0.17338729326624777,-0.055920967261110524,0.07753417369215063,-0.07568281879187173,0.09431733015169949,-0.006378555424861848,-0.05578005205950029,-0.1470872599870495,-0.1371778577515042,-0.07476159938707339,-0.17044995077376918,-0.09212020462961315,-0.1719851503743582,0.0006849684783609977,0.08313357396124968,0.07513043741375244,0.1295100785581945,-0.14543657577998687
0.06314735984980283,0.11442457589223878,0.15158627494494217,0.10492030402902644,0.010374850392459722,-0.017938195857998912,-0.042705907437599305,0.09889515028989701,0.10351583254967214,0.14443827989547994,-0.1681320571879396,0.1353949788421602,-0.16740255924218167,-0.010668744069498776,0.07287809238185147,-0.012621611047093473,0.03532198908743084,-0.08128429303992006,-0.0276871104297709,-0.05004347684054508,-0.09833136328621064,-0.17618258688979657,0.013995758198590696,-0.019081781504263623,-0.1408934997259324,0.05149943924449568,-0.005224049662679531,0.10945786505479746,-0.11908858099558661,0.06319255446970873,-0.1757102820395265,0.05370241404183129,-0.0019635017987695014,0.10381331859196988,0.021721390847142336,-0.041723760223483786,0.03196603120234634,-0.1709413140577437,-0.04939373020080201,-0.030779319405556504,-0.03451827633533791,0.09612341887467354,0.0361397058907659,-0.1270086180744307,-0.013635260594336895,-0.018048831856956854,0.16265439985580163,-0.142465298778547,-0.0973518427327205,0.01126289842868608,-0.04641033015839291,-0.029850747789710003,0.08419973915884707,-0.001205592948954587,0.029698080781250358,0.00895495470032534,-0.017477031596356024,0.12442958797364503,0.09857390774860228,-0.13611732923626,-0.04923966263510998,-0.12014492136807955,0.07892046725607507,-0.09231569311266692
-0.012900768232553983,-0.07115138128773092,0.05513559279101954,-0.01630210157208764,0.12463508299456297,-0.16551632731971522,-0.16218224027338426,0.16935416642596215,0.049098295928242275,0.06937221299034937,0.1751200716216116,0.09655818492467919,0.09102284500623856,0.16249876352693696,-0.13515115599255934,0.16471633050580994,-0.007622533301615969,-0.06949702446847812,-0.07868245705413483,-0.1093621977385807,0.17276125383121907,-0.16400384309346666,0.0001717352793677296,0.03236744226012489,-0.07261787331026952,-0.07471313484135894,0.0011874665906042303,0.10108614958376308,-0.0781867415600224,-0.014166363175128288,-0.14003254589121733,-0.1728862399298515,-0.15003145489129643,0.04777578794250778,-0.15123954731253939,0.12069373726805746,-0.09471774065235078,-0.018688453981817066,0.05876674866969267,0.04906096480801142,0.060106465660425934,0.1425360458860673,-0.09825612031132382,-0.10173559453193398,-0.0004999230070077965,0.11474667941417568,0.033946184194198176,-0.16434570196918774,-0.09713705809734552,0.16157972454748135,0.09129416978183927,0.016326092192696567,-0.007859063183600218,0.14375510060253674,0.003120963488493028,-0.10276411957121102,-0.1744550472626961,0.018434501725862612,-0.0532373846121858,-0.010931658344472545,0.08171353309390209,0.131180794572034,-0.11438314343596752,0.018159339219810056
-0.10664718395649471,-0.13709572742396842,0.14904567168102065,-0.039567129746586355,-0.048324227944997494,0.08369080425675077,-0.02605352818842202,-0.14809267456103165,0.1652130977040874,0.0882494983592266,-0.0385008636950514,0.0012343476431843914,-0.10696272242482187,0.1179927404283567,-0.12388281934015592,0.12416386437703811,0.05057197276172379,0.12229649311791005,-0.12295733547494686,0.0277001754878535,0.16951169284959752,0.1734189782937199,-0.176333713699745,-0.0546568935765987,0.13761002117901375,0.14953862369962093,-0.1408386203235823,-0.1473615808198554,-0.07572561904634025,0.06630746592366316,0.04285851044266478,0.16687986958590803,0.16255246737333492,-0.16654151995701558,-0.08199727838185338,0.029003276106558284,-0.03603490892071948,0.16814395537842083,0.11101102683759548,-0.04162172144492507,0.0841856966419691,-0.13993691604274788,0.0679846567998304,0.17883387552227012,0.15173524590034285,-0.10964159317808773,0.11563771588027252,0.1579567238968603,-0.12651932634546234,-0.10226516075575105,0.11262722008197903,0.09954294111269682,-0.07145676662048893,-0.08729691963200073,-0.08701661659849481,-0.12026258335483916,-0.09846256474840848,-0.1047457632831954,0.16041434673202734,-0.09692553972881846,0.1058542151977632,-0.020157679988374866,0.05027299082871897,-0.16416858545822174
0.06532250249156529,-0.0023056531561533866,-0.09617270783075352,-0.1559452284499784,-0.1706225708741222,0.16716634440918196,0.17189255126375638,-0.03697058483817264,-0.019244509446270874,-0.049363912240989016,0.006412955989115704,0.15339603932448467,0.13096014026293576,0.13592212878300716,-0.03851188571718808,-0.03642279676478455,0.0023162193520276375,-0.11039316420268118,0.015174419148162643,0.16053766760834845,0.05502466309310236,0.03729688159882838,-0.13827132022694494,-0.02657837315004949,0.16666960993247368,-0.09999022372493946,-0.15801248801221354,-0.14271235938711305,-0.14909780775748085,0.006645177141027164,0.09278507745280859,-0.0892216942316993,-0.05678287029376042,0.025292503804544425,0.16977993168686475,0.11380850010451518,0.061776842314116814,-0.10886666970376832,0.08266304868419469,-0.17904183461949197,-0.1323870323293552,-0.15925385107559406,-0.024515697770585793,0.022705326335216686,0.05689872500604451,-0.16987198807879098,0.04937210726023758,0.00989217586653418,-0.021624390345933275,0.16535124330027098,-0.07084202753310373,-0.1506946657879021,0.018972866033208552,0.06541910175636423,0.020424301773247555,-0.013837306427326307,0.013399249656339068,-0.16143738133367463,-0.12320697156381105,-0.1391995542328907,-0.0037673812937114304,-0.08943190440000423,-0.12837182114693732,-0.10532681810923604
0.014517988348110022,-0.005091926338403607,0.1643144238746714,-0.05217486416150233,0.08233538047396058,-0.012072333642995842,0.08426166595390464,-0.10578924051432041,0.04023090705963284,0.08023470683334075,0.08956140568221568,0.16686150760075683,-0.10469651567121219,-0.020252225713453337,0.03539679218978581,-0.07650159246224286,-0.04914940286313463,0.0983248330962753,-0.08248098961875674,0.10560902300454775,0.15586254881336373,0.06059644996365893,0.14459575101557656,-0.09112838161399064,-0.0828219448267185,0.06525701973401693,-0.014207362539388119,-0.047638104445028556,-0.029269158290584046,0.13176023290872343,0.0242878786281521,-0.038933486304993464,0.1660428297744512,0.05128762916838317,0.15042250848638014,0.1476032618550008,-0.16806028401933998,-0.11219651972589172,0.06193897829776093,0.05411592694161216,-0.0027318755453601684,0.17861591469721586,-0.09143668163522983,-0.13502110317088592,-0.14314703342467794,0.14698842351559158,-0.13419357482056773,-0.17858447623874402,-0.062435944186688935,0.03732954347474135,0.02492678706447274,0.011021953426509135,-0.08039492071084582,0.1790144442454675,-0.043712569520387795,-0.0874486803072224,0.1723379343986057,0.06711135960729658,-0.05018317563612426,-0.10945140384952001,0.09393552205841602,0.13694766925043358,0.09354211775700519,0.036988623752342964
0.08884153038176243,0.00421777343567295,-0.09437816096363379,0.13404671933197446,-0.12449849529689636,0.03773404654221549,0.13231988187324192,0.17764123278186658,-0.17736632998138704,-0.02272201357810763,0.05175466204152629,-0.00446773178381174,0.0626680130610183,0.017309640364423867,-0.15711855599320287,-0.001952293372962044,-0.05093545779698902,0.17825239027732184,-0.016485282343601693,-0.18010914963799826,-0.06297974329430196,0.07832395385410593,0.1800828467802376,0.03317619258346538,-0.057547555209922996,0.16329758411418108,0.17476308504008173,0.056778907320239796,0.0027059713793444184,-0.1005848101178051,-0.17284580888911152,0.029322856841339673,0.07609010565936178,0.161303263952058,-0.15749894341921078,-0.08351071691369866,0.08441913865790426,-0.15998702023475547,-0.04015951623324163,-0.087790000163701,0.13133080271485384,0.08710229318011045,-0.11843361539805863,0.0738530150249124,0.17300180948757357,-0.05866061493392623,-0.05020635393746309,-0.12825902366786515,0.1753258661728698,0.016158243494356073,-0.06560195950501964,-0.16620947340799097,0.012604084241726377,0.02487091569296937,0.012976564835860516,0.0932280488476813,0.17832051899467852,0.16189769024132242,-0.047802767832956866,0.10616767083115966,-0.007655811544102359,-0.1305417083416205,-0.05126772885381556,0.02978299337212703
-0.01718746067779997,-0.14662990911764484,-0.09505611376080927,0.17081724178968508,0.13878236095617805,-0.09818531392876788,0.0018854129498329653,0.006410131870432906,0.08080176848849754,0.11232784900501411,0.0362314682900044,-0.08547391464330231,0.11461503647880897,0.07560480387277299,0.11474822197412074,-0.17470449901288365,-0.10915845858620028,0.16788624214377326,0.10361990721771971,0.026359036128364766,0.0286184396597175,0.02621412421812419,-0.09106704007496677,-0.02262399607320051,0.1795522007533422,-0.16030803518339193,-0.02567898812195729,0.04834288937499667,0.10677684319202266,0.004286887947561685,-0.15748406080808788,0.08998940704474331,0.11955030298697014,0.008272689015619117,-0.008965273483513864,-0.08312454465776965,-0.12893329507856932,-0.15398831256790474,-0.11991746089328975,-0.13524671242603442,0.07124053339392059,-0.07099908766859647,-0.009708997663625457,0.056367587343433195,-0.061095162778651554,-0.11119909176148805,-0.15722089233088724,-0.00836760492390523,-0.05305099134346797,-0.048529832189923405,-0.060027910707961485,0.003779810533155542,0.06424248358414242,-0.059581087585920275,-0.1019406145693613,-0.015332122106320928,0.044278644231465186,0.09110400819009914,-0.004298232751711234,-0.1744771911754107,-0.09527979064777672,0.08936630271795667,0.1639653022109769,-0.1275584719936731
0.13079183880039505,-0.08114946563116246,0.17487100057982694,0.06918590637771399,0.07965585878928946,-0.10810311442308142,0.020310448492881356,0.02011725489318439,0.038616999179975936,-0.11504674935774666,-0.03383707708632347,-0.18035816746442088,0.02015226863900954,0.11454083216681557,0.15353561058711337,0.03132935291319394,-0.1566741147530694,0.12609449626788757,0.125157912768086,0.002082562300315005,-0.02927285892567133,-0.02776973245005246,0.041969211370666254,0.15242068803958972,0.04539961047044497,0.1457453727488726,-0.13728974531026475,-0.020495367670655906,-0.14511215562717633,-0.12377782064982012,0.14440803454180715,0.00176034083575341,-0.15579627723318545,0.12001491296520464,0.05765143996602731,-0.12922302144905498,-0.021861615368466175,-0.09164456101108076,-0.010220179170179977,0.07453532054290399,-0.12585247429748533,0.009528292094153595,0.10395786327204201,-0.17642104558208546,-0.05966118464334011,-0.12098247254808017,-0.11716557190677232,-0.13812870060667942,-0.1696983377355303,-0.15835757582577042,0.023804558493183192,0.06885289087733037,0.04079094877285511,-0.168943654266905,0.03852641931807538,-0.0380009474100331,0.08050934080999303,0.1369695361739017,0.07061684529759496,0.0328545424691741,-0.11733562478866022,-0.03487816324941806,-0.07816327332392095,-0.144338884467501
-0.03331893463441307,0.10592487640145973,0.08682143468167511,-0.04851030731409958,0.09883558791406463,-0.02123900962383804,-0.08714419224819175,-0.050515409929841076,-0.01147310656331843,-0.07718365532317231,0.021164772977511126,0.13691973992975684,0.035665966277458355,-0.14360038143050327,-0.07282426346981591,-0.054692913062134196,0.09660832265881916,-0.04785787367926503,0.07056610023712354,0.1645384513804026,0.13934256302284256,-0.1642087116899896,-0.07900064156486734,0.1135975029715047,0.0067977074532722115,-0.00930047102677814,0.10935667807689772,0.06906156460466764,-0.04564762925632304,0.1724583576173974,0.06857022818614047,0.04689067038418576,-0.11928585195863808,-0.047100758606467785,-0.0850200785933312,0.1578519655663038,-0.09620742608569913,0.13248310294335477,-0.036140463082840385,0.0429976411041981,-0.05812650752852937,0.12425386485872866,-0.11222459143076466,0.04170179042818509,0.0766017922496913,0.018181201047914708,-0.10374443997119688,-0.04877151499564686,0.1271776529750311,-0.14818602888208632,0.10290246770308983,-0.011951282018362902,-0.05070566932451545,-0.1525072940065577,-0.1664749207867515,-0.06717949603352583,0.08982642331026533,0.07807680114547869,-0.04958483045688583,0.1279659003256087,-0.067515119673164,0.06192746464416504,0.016713402595016885,-0.13736993417035534
-0.1333860671988411,-0.11270378652778983,0.1317693489209538,-0.06516933994745097,0.06040651009667483,-0.08882857852953038,-0.08315602723670648,-0.17788727511000624,-0.04547055083576346,-0.17976035080382116,0.010270874877619823,-0.10184179767588858,-0.05929986546375081,0.013960178444227478,0.08264966988269465,-0.09375239272176669,0.04215014978834916,0.04845130101732972,-0.016626670097175666,0.007816629238567324,0.12445983317331619,0.016536263049247102,-0.043292823704583594,0.013663135853720587,-0.17745856155132553,-0.17174293113755976,-0.023615139172943167,0.0405469327207513,-0.10969645999908861,-0.11573934018021013,0.1569835905407422,-0.1721578071655908,-0.13280422772497347,-0.0699348502234641,-0.06769560039652894,0.13392995390159487,0.09911930730554566,-0.048357873539233875,0.07849799158671536,0.16965069054810453,0.13278689293323617,0.01963348670153131,0.05868992631860226,-0.09635178989246682,-0.09941994821446412,-0.08414248882323638,-0.15510950899574732,-0.007981269496247612,-0.07791875043659345,0.03712780735253016,0.0709443714502648,-0.0016422799119078235,-0.16664733663693954,0.04115525409514234,-0.07661430549401176,-0.12854379120281764,-0.095266884329345,-0.06375549092782809,-0.006207547803287444,0.04165229725939823,-0.12878194898704398,0.07931871698475104,-0.10515609509141798,-0.1277436268330668
-0.06517317209145498,-0.12276642146599365,0.1583487399008119,-0.11374767671823807,0.1184638415134385,-0.0046936201280514955,0.15387666687717186,0.11755858816922446,0.1045394922148529,0.06018293760552276,0.06025633148000492,0.17063434886286097,0.02948499476547317,0.15580936210133647,-0.09241043710501148,-0.09847585145781432,0.13865444320557394,0.16458929981590661,-0.03170106318075497,0.17518925258777615,-0.010085798523752965,0.07333692307902015,-0.0167644522790473,0.0927780168738627,0.09190733963720829,-0.11827532117488165,-0.020509975877982034,0.042069382533748534,-0.07812806590403676,0.10763165719081061,-0.10247584483255509,0.12283284655529234,0.09227250385753902,0.003109788761565757,0.17753072793312366,-0.016088558687543664,0.06751824705376921,-0.08655082325971382,0.11483965123254034,-0.1537760503283816,-0.10424261664431489,-0.04398076976236093,-0.011860204569851429,-0.023695271864753953,-0.03761624028688271,-0.014244051054632528,0.04252104334248272,0.02666737759945151,0.17413804559544413,0.17254556446240552,0.17950948684998966,0.034081320153198175,-0.12353743511900092,0.17663344879230233,0.17714384952523024,-0.047619899719414105,-0.024652989494040267,0.12528765405275447,0.007872348630624248,-0.17068289256736335,-0.038343229917505994,-0.007646137714327317,-0.017281948548601433,-0.17876989679536293
-0.03387549950589261,0.1801048230676677,-0.03372848085536803,0.04453689390267679,-0.16932668109286259,-0.10963046245872222,-0.12226430479389944,0.04347579850963665,0.11302115689304318,-0.06055216851274957,0.04649773273344429,-0.07007712992014743,-0.14887240251320827,-0.1083772890229558,0.050591853618585425,-0.15240680452046718,0.10529597890259415,-0.1444445727510913,-0.16197283879266813,0.05707218977457282,-0.1612680532387732,0.15356848093077366,0.08172139771429512,0.04019517491721997,0.04929208412517894,0.0936512128826835,-0.006175021075956577,-0.036536971131086365,0.060840963866620135,-0.1425127479912039,-0.12873265182083832,-0.024264327667361446,0.05213422488771452,0.1500406150446333,-0.16635478916152013,-0.1691892318197028,0.0811530304923069,0.14029035886978955,-0.1283964689103927,-0.17803187898247289,0.1795240655975919,0.15044021105727004,-0.08523382026857557,0.08422499692644539,0.06210591898469148,-0.09336249274240246,0.14900060420558361,0.021491511019750942,-0.08443281667962,-0.046399387121874,-0.16834461972186063,-0.16820530333211584,0.033458758422722196,-0.1463297888504486,-0.09827702609491488,-0.12559650185047583,-0.014527105978560884,-0.022622650571006292,-0.09206477853414358,-0.07495052672734849,0.1529565686161746,-0.06233984902760055,0.09521900885548104,0.09492503507225217
-0.13814236259307655,0.016345308807065362,-0.03364320941638993,0.10443185261613405,0.07153529866223887,0.10623779637192246,-0.09200381878320195,0.16490751551871066,-0.040555778746295706,-0.07637067913678941,0.048349283362136286,0.022995434611821575,-0.10247374109826406,0.13684018329232375,-0.04981763958376606,0.1636057619905731,0.0990786303351269,-0.04182403737220358,-0.026616489293267043,-0.06862812350891932,-0.15020511926394647,-0.09101961114060603,-0.033315041356881125,-0.1397148987522362,0.04177885056082198,0.10599826951409261,-0.15881729238901873,0.08093036584904037,0.12243353210561289,0.15282234996966923,-0.08291824682017357,0.03746752127607242,0.016188335745467797,0.08655235722516794,-0.11169545055472317,-0.04409248162492413,0.020137146281901636,-0.061788959272567584,0.038315332433344534,-0.15612193620480436,0.11634203336804708,0.07469333724704483,-0.0008345040602452669,-0.02661803730759274,0.17559915966019332,0.03816613995202314,-0.012797429194239013,-0.024919243456901413,-0.128726357998967,0.03585463523237989,0.10085723922339199,-0.07170258657019138,0.08332530128632118,0.17750761521554012,-0.07347808649253543,-0.13928294043435197,-0.10737252306246582,-0.11649805184553487,-0.05595724023014732,0.06722255649630193,-0.17724064027975883,0.1477178602474619,0.1401668599916908,-0.03848063371337773
0.016964113221711125,-0.13768261965963732,-0.14108070735833422,-0.173282376912398,0.13423711885950204,0.15318583768649527,0.11922305460417962,0.1469696801020847,0.07439337441426472,0.11119982934560788,-0.00012528103342637764,-0.1234528330888035,-0.15592067318314023,0.1766785346029822,0.029677990927798437,-0.12150005820165205,-0.10160824409486754,-0.04149298296078294,-0.10148435771797969,-0.020798589635002057,0.17021619266053475,-0.14332222410653955,0.003940033668659498,-0.13329759478163575,-0.12078210605653988,-0.14346768559135242,-0.07221046234459608,0.014365793034807645,0.12429574946776231,-0.08363345828817277,0.11438010893212844,-0.1475448572212848,-0.044278000698792536,-0.12416503424467551,-0.07103063986319529,0.12973477677799403,-0.05302400246621225,0.10246859959056673,-0.024297876536785668,0.07241290587663426,-0.1518892025221066,-0.08064942537394844,0.07863118724172266,0.1131749714125019,0.00034534685236084495,-0.17572846606972306,-0.05246990937839868,0.12958979050686056,-0.11271858335204997,-0.05035670841953052,0.17877143879919913,0.0019009069106674381,-0.12434251644672735,-0.14395715576847218,0.10142460906397124,-0.057136132282880975,0.09069762370991472,0.12690696165006557,0.008266187912584683,0.17990062076227462,-0.07749806116725264,0.09514644061478919,-0.034316348263850216,0.007812421019025517
-0.11635510548519885,0.09502582090530062,-0.1444231508437769,0.011072209890454238,0.1686279294343256,-0.14795972475735467,-0.06642130451049978,-0.11534395917950664,0.012076360873956166,-0.17341622266368786,0.1435456838130951,-0.09402992260944382,0.08490990125756334,0.17288554710075613,0.10954348999580718,0.14810581759439043,0.07493128664380547,0.16524972401923863,0.14818930117135368,-0.018548805502088567,0.056562847028670815,0.16868391011854125,-0.11053076190802696,0.04893419157293802,-0.12321457209099215,-0.0034556500480888985,-0.17638812038978596,-0.009276482426059413,-0.03857384137848291,0.039664348421640405,-0.1645337381586869,-0.022265393962628,-0.1313054794860618,-0.07763035589317074,0.09700868534862486,-0.1621822908912191,0.005896056849476972,0.002996682672581963,0.0495802374255683,0.040685694094555025,0.10513253125987557,-0.019507413096489623,-0.008206159887373443,-0.12805844574307124,0.12872730744506453,-0.11223553259637611,0.0216408840184944,-0.14982320642458558,0.05291435796955565,-0.0014299351620817302,-0.10934576131589425,0.135186149594868,-0.13255101684550855,-0.15094021753144457,0.05229765980559206,-0.10263352257669811,0.14711055529722059,-0.14182338966398073,0.1151213348708792,0.09277301080159348,-0.05608007394240931,-0.04458710449618386,0.050274906992444524,-0.06995038827077142
0.17956202030877813,0.08449770176279489,0.1335745016001811,0.07493028727944953,0.003625569425490416,-0.1786483337024092,-0.15652337314590573,0.011104919217851617,-0.13690814779381755,-0.09911374120786023,0.05985616428469928,0.01929401402088987,-0.09389162942967326,0.016992781343008218,-0.048165687957938935,0.10785526056272418,-0.16660050967185472,0.02253962250557512,-0.1342989877711982,-0.01036017789475388,-0.0883046965760517,-0.08284744486594368,-0.004677661618401607,-0.15241154084174974,0.1038175896101998,-0.12247719737119675,-0.17061966885325272,-0.034488577839202283,0.08370235292515485,-0.12449023573786676,-0.006617052913878013,-0.1592837335349051,-0.010098395202908617,0.12375921983185803,-0.01565980851390744,-0.1787861822370886,-0.03558257252865102,-0.06442743969392077,0.06529381948991844,0.02075994346768356,0.030240869292562617,0.0008688867969469383,-0.13668381538122099,-0.14120053836127028,0.03190040139747605,0.1569220534024486,0.10384776165695611,0.0918845777797885,-0.07049310483163852,0.12436531743056714,0.03018968204302505,0.09246512454199027,0.04364828306912616,0.06056587645985939,-0.16600332093567194,-0.02901104923426681,-0.02440623552235141,-0.09908634306068645,0.09475169301477607,-0.06257655337542954,-0.04766462141413225,0.040965953620079265,-0.09651177022986243,-0.1755404070931728
-0.023901263970225878,0.061021678736522145,0.1067387673079134,0.01116816071979082,0.12552677764403766,0.14720619316709774,0.001811015879986666,-0.039451462203482474,-0.12058133852499414,0.013896693878096222,-0.15636725074054847,0.10886063861428633,-0.035453107548814006,0.00627473630759201,0.13309679269488714,-0.11664413482604187,0.15432483202708533,-0.11655385391222632,0.016043413917616878,-0.08524965980115339,-0.14800091042542024,0.0893735809747995,0.14126275338539038,-0.11949019212837474,0.12168580067636389,-0.16330186344473063,-0.050652864347626336,0.13011516204866572,-0.14551048448529874,0.11639361522224587,-0.17911009332707561,0.13211849725211414,-0.03731624921154156,-0.008108007164963793,-0.08094489292671987,-0.1336162174444152,0.12802949701953556,0.07363023409991717,-0.11704049181655136,0.09324805679649542,0.13548331393917237,0.10013731951862906,-0.14506839226392834,-0.17650013153713195,-0.04526807386254075,-0.1357905739117384,-0.1378701616136954,0.12702555588694772,0.06696157308146145,-0.01978792278142469,-0.05436120920126952,-0.11552475042156561,0.10981801983343151,0.0053017666534492525,0.16653396110814397,-0.17730867116469476,-0.041433256389714124,-0.1548502662803919,0.1336486397594923,-0.019938460260592372,0.02992616063768519,0.07100198465618643,-0.07117406451312024,0.03556765895685671
0.06338687098781046,-0.10043269030048836,0.1398566668320331,0.03823258317031181,-0.1365469550065281,-0.08047458293003827,0.012913522104811587,-0.06847645163169197,0.06377051761978475,-0.023219013140249295,0.030011494414447754,-0.030619582856922456,0.04607033761552773,-0.04495120107736719,-0.008108153889469089,-0.14371516782563792,0.14402469637598528,-0.023717213604121073,-0.055287030469978765,-0.07113085549144547,0.054498029382722385,0.08944647670411057,0.08711350879347604,0.037175672282693806,0.01231413349265445,0.11662844609511488,-0.10508592240129941,-0.014565848153302668,-0.10216045792836173,-0.055226553337147904,-0.05548803533978633,0.0031813822425884597,0.1302128031072526,-0.03665206948696387,0.13999236744281976,0.0990240745735402,0.17653637097348582,0.1534611369708518,-0.11179494315634571,0.03651434821530716,0.005824144546671295,-0.13663829455107918,-0.1272933593242446,-0.060046713546144936,0.17820453362542069,-0.057171767434040024,0.07230813897729174,-0.08639705118814302,0.1095716801675625,0.07006968463497468,-0.0018265896284261895,0.010548577873154774,-0.15573145441247677,-0.027260356016604037,0.12893376194858083,-0.15273240892410017,0.11025850247236421,0.16735968072911037,0.05553011753214898,0.13139052049673802,-0.09328626856506132,0.08589758654634597,-0.010004923234068847,-0.09524087594830342
0.17683918450596323,-0.04647183572104549,-0.14949013321958943,-0.1102942690356393,-0.11944629443792053,0.01511897501811793,-0.07827387511398083,-0.07091226834884204,0.1041965774908449,-0.1308022738473117,-0.0818684606714358,0.15378411590084143,-0.0889421288509639,-0.15464707178272802,-0.08069489040232292,-0.018408912518239257,0.0036579002677772643,-0.0643342787890749,-0.17268129461157322,-0.1122001696728888,0.006003126023851779,0.04874051430052334,-0.09523815082885811,-0.037702488793235484,-0.17700404717115523,0.16372179576941923,-0.13690398267275514,-0.1583812742294975,0.16826415194539654,0.003882801702193739,0.17575333807650814,0.06902289282609883,0.1535239567604377,-0.09688879319232029,-0.11178315392817853,-0.10285134809123227,0.10481971792266556,-0.02432115989815678,0.14866706929437443,0.045348633283226414,0.02317351185091307,-0.030002273176581273,0.05875358047439122,-0.08393013671647216,0.02465044293127816,-0.08505645823363174,0.12410189081839654,-0.004177307658079693,-0.13207101499899376,-0.048012158877865,-0.01825508726540584,0.07428317780413432,-0.05653624101090564,-0.1585824556950255,-0.022244046540409596,-0.15943499921423632,-0.06480846241981456,0.027780773180761276,0.021688105031987454,-0.11123617138190782,0.06280144357841011,-0.1709247284771473,-0.12790152717150965,-0.11209640774021476
0.16949166457870188,0.012998675061423604,-0.05832251472215737,0.050263465165590104,-0.005055312369959569,-0.021916302604568227,-0.04020102139740753,-0.13306646493228105,-0.02461571621005962,-0.022796629394384815,-0.08564464348066246,0.028523084236085267,-0.16743549563136065,-0.0809901030378235,0.10957573296816528,0.12046498518055346,-0.1370475957298069,0.1610247532936133,-0.09488774495276804,0.051111087933041394,0.07000850603656464,0.06578125406648758,0.00914499270660099,0.031122752368780898,-0.06636795877082524,0.048946552608627264,-0.08812347623404548,0.05073586009825479,0.031508325393932696,-0.05403289818964707,0.03704425549106649,0.09897582814792447,0.11685698710103556,-0.17653197087542363,-0.056881638911280105,0.17214122866443135,0.05498201407760067,-0.014844567804396691,-0.037778313600643904,-0.10211868689999098,-0.0009275980904251413,0.09993205543401759,0.17609263870005828,0.08193428536880712,-0.05282218159176047,-0.1723198761051906,-0.07984656106014723,0.1174450377226107,0.13915930056888812,0.010165220202824343,0.17499004394472198,-0.04699803350561976,-0.0975399581929629,0.1602927612496007,-0.10846104388620088,0.0929104281501654,-0.016252187116576333,0.06870280224005396,-0.04716768641268801,-0.14164146962232146,-0.015347304765142622,0.011654227937352879,0.03410994645255461,0.07228952440005657
-0.11842008937030969,0.17566698541998413,0.002350675135196767,-0.016487129084654606,0.012488449600810164,-0.14590048970205866,-0.11109029459805672,0.08342932494397357,0.15839321390923686,0.15910467066325992,0.10584280757403211,-0.022347829167732536,0.1438834686595726,0.07182620647279084,-0.0742790272299408,-0.15591850391317846,-0.11976360360996521,-0.13902816696848902,0.1492972169852607,-0.05623557284922864,-0.05872974291536828,-0.060433204363400925,-0.10346492997111191,0.1666155767526917,-0.028035074682763034,0.14944824520558594,0.038007147506606526,0.05713923100868884,0.020393235989933395,0.1465572176431912,-0.06210025796957874,0.021862468172040017,0.053155138542403696,-0.11709534260601827,0.1459043324934192,-0.11284246861264512,-0.0762481959555893,0.06444757487826969,0.11286219091498736,0.024966381140458183,-0.0016932994273388124,0.13264924650925589,-0.13599459970638783,-0.0649084337537238,-0.04284480193186474,0.0936163451362145,-0.037990292638489354,-0.043213508670210815,-0.06617147587338881,0.14198640899777346,-0.06367683354598298,0.05181355083064043,-0.18005470028266907,-0.17595107122606796,-0.08599471619394773,0.10089074932050832,0.15360781746380733,0.14207652644063454,0.11105444153967589,0.0009369005346591408,0.02323047487200225,0.16608775984046006,-0.07308588958922614,0.09571063888177808
-0.06842985711598369,-0.046378866088088694,0.18013539293862,0.11110827572122747,0.10746968512338265,-0.15740927419324194,-0.0493669134206442,-0.13506911218675907,-0.050061229051816925,0.05787850783925216,0.14114806515773862,-0.1122322823670801,0.07635415826059913,0.12822339187488516,0.16346678051809718,0.17338513171819805,-0.1318286385358222,0.11362814226998783,-0.01263114251165709,0.13112128046681923,0.13515808100135898,-0.1690896507140563,0.1259456437463479,0.014596932688903524,-0.12462559162026543,-0.006502567185263541,-0.1785742170263651,0.017263830274846237,0.10866336797944218,-0.16019370155263069,0.17635157873268723,0.010214236456207254,0.0051127770321369725,-0.11811546370158776,0.14320601562947502,0.008724906109393915,0.14836902346117023,0.029595492138926288,0.15070924681883677,0.08714788350857058,0.013050445002665306,0.14531243122464835,-0.11464320102973782,0.035511607504926934,-0.10827367149267508,-0.10481750916868263,0.13993381723265538,0.11444142129327414,0.0017798126707699036,-0.05025866934534318,-0.05734924157637382,0.11558112335744444,-0.11429024173223806,-0.0944173655495613,0.10772681950677501,0.11934358678469412,-0.17632246308647959,-0.17124431445363011,-0.12547593069064772,-0.055187430932374854,-0.13514815521706888,0.10053497632352218,-0.074922752027857,0.036597871260564935
0.15626721622352127,0.05426023051917225,0.16701947742762738,0.09418948007088992,0.03458921426251796,-0.1740883840127618,-0.11932078561706255,-0.04446932087993438,-0.0023939487802187853,-0.11423943551261964,-0.07315283606267581,0.15672487191818443,-0.09486603882924237,-0.11011764089374362,0.0933142731742527,0.10441717582889784,0.0900900445730213,0.05457250685615472,0.08973811697275938,0.13743580249166418,-0.17943800977526847,-0.0826770014665701,0.11172529685664881,0.011785643786552169,0.10616312750783755,0.07706346615585422,-0.006169971905835625,0.14336546748680903,0.05719443758274981,-0.1394525343561599,0.15484512060752362,0.17946863394170523,0.04218791960187579,0.008031325035899511,-0.16878533156731956,0.10038037089341925,0.06405736571708143,0.1272446788729277,-0.055744211229780155,0.0359035107420381,-0.15112704710300098,-0.012803328395878555,0.16346519360176756,-0.007034371897759656,0.16452682801853893,0.14709647491439046,0.014583057841410313,-0.11197516616527323,0.12304513264724257,-0.13786293644244116,-0.1510682868477839,-0.053479354492187825,0.06922389783794444,0.05295741655246203,0.15266324186914573,-0.09754645118907863,0.17537482846114885,-0.12589834729438346,0.056210715214243645,0.048630076182129806,-0.10206410129170705,-0.1626161525015245,0.03790781050893055,-0.17908125793210045
-0.040419098861196684,0.16601443345943243,0.011205015170806965,-0.07848129212969025,-0.020670120345844673,-0.15306273931441955,-0.09753632300982061,-0.11805142830002682,0.035179459180706696,0.1741292064040754,-0.05180032492157205,-0.1448396880617503,0.0724350737558854,-0.17914498242327367,0.11162345116020164,0.09718009858271012,0.1167600590854245,0.1270973378180232,0.10030850228556978,0.05594843540822639,-0.1204424617805173,-0.10296116302903052,-0.11762651305323224,-0.08618596491598958,-0.15612441176190742,0.11675884289544028,-0.021876438576220375,0.11457425781513145,0.09602465296840842,-0.12140188080017378,0.11559060857848649,0.023336163463770515,0.013816142881206583,0.06860712193312457,-0.04615195564847685,0.06661436309637486,0.10587902431707882,-0.17170597360572512,0.02835518711584742,0.02881741336758728,-0.16708703486141366,-0.07326888836057355,0.1048533276984934,-0.1370579661548874,-0.031783797515443135,0.112124319777726,0.08336078655706078,-0.007843205816772864,-0.001767377247809121,0.06166895243569523,-0.17889157369016917,-0.024627488757648808,0.08193490375039161,-0.08302541399507819,0.06644213375428237,0.15103886383577106,-0.07966823982396748,0.09888762206386839,-0.03351676068692602,0.025595737645046635,-0.01762063866719768,-0.08653060221504365,0.007434613675426249,0.12563484972320618
-0.16765247995963298,-0.016001466249422724,0.008619708140130106,-0.11149992665192775,-0.0587485829772942,-0.05231356386374106,0.0024327300405989905,-0.010932720216324604,-0.07834084382787121,0.11397640039467186,-0.16189461704170638,-0.17522800465189617,0.0401176100746892,-0.11067158669759004,0.07390094236021574,0.08645902990438345,-0.14453890090860932,-0.14493533813579207,0.08415079381369753,-0.0008522490305068187,0.17627256746327133,0.11264658941230457,0.00790299606022582,0.051826329289844625,-0.11632843622319058,0.16691237808977152,0.09763660181496484,0.023273067229440253,0.12013552144494619,-0.15340859587996464,0.14147055902696695,-0.16630041982714502,-0.1295679550547166,-0.1621724608383917,0.07118575735687613,0.06754378699490562,0.10921200358065428,-0.15247883662232864,-0.16599640961238024,0.054340669586007695,0.030507996403211723,-0.15544872603403245,-0.03576059557349212,0.12969501632721261,-0.03544233201285504,-0.027676411145358903,0.0956855120819182,-0.07062463957679206,0.01776584214514426,0.16536965210240204,-0.12102790463647674,0.0632638728220192,0.011551279877309195,0.1525376076610412,-0.14344906412898029,0.16872696014255442,0.04170745609499413,0.061314910141485296,-0.026153348672188187,0.06104478124204901,-0.1506606416161319,-0.1350579277925514,-0.005677986420035586,0.07435762949496486
-0.1085447415778338,0.09795701570223395,0.1487577990511675,0.07210376698771118,0.14194549245264673,-0.00856843697028889,0.17454156682552233,0.12179389800469184,-0.02076439640158348,0.08935257872951444,-0.017752423308153492,-0.07079804044441797,-0.13980275660764496,-0.13278911227894577,0.053425997936433434,0.14727709950547416,0.1083322894201493,-0.17687017375680875,-0.01393801260913266,-0.06819860872084205,-0.07610604648947089,-0.10472585450707347,0.1188656211002759,-0.09027182806874451,0.01601705363895317,-0.09264088189350349,-0.0546027838034894,-0.1029203065942725,0.048894228505687504,0.1196176421021918,-0.044098221226467976,-0.036544257607629,-0.050834142120759235,-0.029787452628133676,-0.1103344642137513,-0.06352264027000305,-0.08810227435433968,0.05473735018217493,0.10335696890877075,-0.006033262000469775,-0.09912498610443264,-0.006694246432271733,0.1756554761654099,0.1467247051526334,0.12793019937386665,-0.0858548330072261,-0.13134629404864068,-0.1004087406866822,0.08177406240870136,0.13274807566358174,0.010917509687472876,-0.15689774648999064,-0.020813163807498147,-0.020564163081433495,-0.1264535391851635,0.06087068712585106,0.1453618561650675,-0.13868197555937023,0.16740701673559374,-0.06100262648659732,0.02858411355014162,0.05090208250545694,0.17347319297318772,0.07107812555218065
0.16071896574047326,-0.03827423617397971,-0.03557788927606059,0.14330774583512637,-0.13117767492760327,0.0392026799000926,-0.11530500320319459,-0.04947172908912098,0.11664173787836249,0.1075018951510571,0.13777567530492804,0.10456820224591909,0.033002884525259735,-0.05572373278576678,-0.015424571917104585,-0.11557601962090554,-0.029172660091364183,0.15141346546392023,-0.0660138882344865,-0.08452767377949329,-0.06593145398959374,-0.09273214997217245,0.10255384976881096,-0.07040659753560197,0.021830665896500207,0.1007671463667972,0.10766947875476221,0.07242893650002705,0.025626591686599698,0.09769565943439132,0.17501690458259786,-0.11315266941202896,-0.03308359297336802,-0.15141406261612952,0.17994775047426317,-0.12752942297987066,-0.09653709349221556,-0.13432820997984207,-0.01208125889672812,0.17826758043184635,-0.17246137523272595,-0.02488731313384407,0.0778569754968583,-0.15595195133764783,0.14022976791628514,0.018041097616423307,0.13049040083874988,-0.02186369112449771,-0.010154256461943206,-0.12645500309007948,-0.06006807876216054,0.1446836871018237,0.1715546364392753,0.07894537837585633,-0.04874024353706782,-0.1770489024422856,0.14815486304053446,0.1729156540474426,0.10536568264405269,0.1738327161538614,0.04081273174429306,-0.05061440655057489,0.07276246279725865,-0.02614888071422919
0.11613069760906594,0.05763087947306639,-0.08515454104206281,-0.0749918491358035,-0.0429201300015101,-0.09068415844062304,0.019511230454023504,-0.13033862269062474,0.10204730178190799,0.14143126679114779,0.1419427893761854,-0.0743334962498872,-0.08954724979311933,0.14911943688935844,0.0794479373811117,0.13651221034484454,-0.15660356379082618,-0.04498864306045952,-0.052757519360117966,-0.11596937962709712,0.12026569077796148,-0.10293227265769438,-0.17760588010399714,0.14845209753358793,0.09470779670491017,-0.13755010991140743,-0.06760695899016152,-0.04222880167841825,-0.11044944521015788,0.01818799781469818,0.13727876105372463,-0.013138208030556042,-0.15467136854918395,0.17599629538324477,-0.0635637559149956,-0.1676352380365835,0.0820575588987579,-0.077413281259115,0.10901630924940761,-0.1693489309097061,-0.15246145200655614,-0.1309983834964224,-0.08344771445276551,-0.12984674618140063,-0.041174784934612185,0.12720292265090125,-0.11236488624413071,-0.06571589243238093,-0.02557635350747045,0.07055625215070241,0.07338785315455579,-0.010631632580065276,0.05619097205989293,-0.10653534889906803,0.05511095057646892,-0.019530149725271256,0.1248945124388037,-0.17006846293555242,0.13518629899670057,-0.1744512016146957,0.04683882930672703,0.08117524962297692,-0.02009953892157612,-0.03702895078994503
-0.17820112162117102,-0.1414505221284204,0.16926795473938702,-0.01920802902228355,-0.11593272085607445,0.16158625591517015,-0.11120575837779509,0.025701234835520226,-0.08714928898004469,-0.03950027443100704,-0.021852301673332908,-0.09375076578753466,-0.16853370336708695,0.07209636272412115,-0.004419568097131232,0.10723958447793122,0.11924740261417946,-0.07411803434727568,-0.15364093016032104,0.16825340339207748,0.15497699025262232,-0.06297965195269754,0.003265012500871578,0.0820980305433662,0.1408497781832899,-0.07368202460295473,-0.1380456716085921,-0.021966168673842434,0.009051530409970532,-0.16598309574737857,0.13430739778687875,-0.055615895409325294,-0.12942202042421136,-0.11335920623976277,0.12210206863830672,-0.17044060421019644,-0.12602198120700936,0.07489685394453996,-0.12406595850742168,0.01002509300592977,-0.08169669804226717,-0.11483657159542948,-0.15944876484088652,-0.057323204936257435,-0.05048700283213478,-0.04341525483553765,0.10183151802252108,0.11817676202332963,-0.05022962269693823,0.010565964362712899,-0.17102848318478522,-0.0023624339732957467,0.16921324691536224,0.13984512069238517,-0.15447876074824124,-0.03251865886365235,0.03429883958317537,-0.04259871163759349,0.04712028899152129,-0.07815108513673266,0.11430368025359403,-0.1321646570613027,-0.0074614864760818855,0.17474640874507621
0.14123148641970398,0.1360203181693422,-0.18035491121437575,0.10763214212152053,-0.15182043052655905,0.17241445009095072,0.1531201070996777,0.12959350155049018,0.04059735705031153,-0.1461708339028649,-0.06923325124237448,0.14551846704780105,0.1065585728942974,-0.13463392479492753,0.08680431511922668,0.09378445626219509,-0.02948033865497862,0.035558194780478364,0.004389276823015348,0.1296394798457475,-0.10138564478533225,-0.17807524050201726,-0.15042687321683507,-0.14045397186989023,0.07852788906234728,0.15776273166866242,0.0051447272830456026,-0.008336502811902458,-0.0188412834092668,-0.07708378831873709,0.025834391028288495,-0.10669015714617133,-0.09292122957172066,0.11687431524184308,0.014589037858519088,-0.02638000484569658,-0.10554702274529387,0.013978749512875643,-0.13163653217792862,0.05443325314037889,-0.1601377317508359,0.13609254928945083,0.01605604204074454,0.05058660505486384,-0.06098598758917899,-0.1155183216443423,0.12421244336490592,-0.1043061123455602,0.049604624161155325,-0.029236757042777006,0.05105849595844589,-0.18031969378096377,-0.06392888384608889,-0.0033734011918926388,-0.040511018430626156,0.14063765583839274,0.13885954720464902,0.039300857530709,-0.17377555552408983,-0.17481406094073948,0.09603977860173254,-0.006410610353271201,0.1287629105428463,0.12058105228591895
0.03362769573617225,0.032157619640114626,0.010386751545871709,-0.14176236890734606,0.16054871032343462,-0.10678703548753676,0.10291654357841659,-0.05282151972864757,-0.09692718834237057,-0.0721526544671317,-0.10658763712920963,0.10060133515133382,0.167449354160472,-0.15815140421859677,0.11566343749910016,-0.07350485986751262,-0.17613420627394924,-0.017184174269958358,-0.013656521634392765,0.005218438043675805,-0.09967585073227322,0.1603334793467249,0.023297869156848422,0.17747133722234956,0.14666734229814485,0.167732880458371,0.028068495579292196,0.022834725336785044,-0.13879319871623286,0.07309014022506663,0.12632499123310434,0.025846813227180493,-0.057704996162880884,-0.012607508441715404,0.15416562994853963,0.14194225795835544,-0.12742773475939145,0.1540810119450242,-0.046593580736360274,0.016515457922729238,0.006877080955287718,0.058511288789459326,-0.0017296104139253587,-0.02181782626415074,0.13526197822624678,-0.1474459898931455,-0.061605699259719274,-0.04818336613241633,-0.03839971139130752,-0.06297643236544229,-0.02237581256531107,0.0452522421753804,-0.028202944035439992,-0.03631013010680684,0.1542213556289593,0.13040617276505664,-0.03725188863357817,0.10589872722965535,-0.0852222381454662,0.0054475250842578316,-0.06260891122775109,0.03889102469126793,0.1400747000495738,-0.16531410743140806
-0.12792109773447444,0.03516459337124794,-0.17528209629122274,0.17749259566953865,-0.10552966117006232,-0.15120483934440834,-0.0036186696993309175,-0.04213239588330375,0.025280843765021932,-0.058562462538059176,-0.09346235620042831,-0.039841939888373645,0.0060442471946541565,0.13046545068364476,-0.14000733632514575,0.09673954827605177,-0.1684916224897134,0.17082526613286517,-0.0005778699086076977,-0.1650052250585901,-0.10873236647780848,0.033777068963245116,-0.16552475725297036,0.040953027540215986,0.0627266120363999,0.15146424743282308,0.047134511504250215,0.04558014112608824,-0.11248378523250992,-0.1591809424328361,0.016245549937510123,-0.14713771435069606,-0.049507497744014944,0.06083698366568832,0.12193673480417191,-0.07961155383068083,0.002047620004192896,-0.09162596885053019,0.1450108236883433,-0.027062435225054055,0.05437771773301067,-0.044127046031232464,-0.1352695088091163,-0.15633673992651928,0.1470537384569879,0.021652299351869436,-0.08078938345216172,-0.013221075733288734,0.05047891031445051,0.09868990434355027,-0.16572554724196542,-0.10608480430788653,-0.1564054233291182,0.17733118176727994,-0.026935966047706678,-0.10066618448462267,0.08972213029037476,0.03116962064416165,-0.05147583184260335,0.11523864733434788,-0.16124194582410104,0.020539027573419855,0.08410301466513251,-0.14614472056652855
-0.05446095998828693,-0.1737894038680873,-0.020484033773023408,0.012858235499604381,0.09148539054375002,-0.11734170642933922,0.12921031995524082,0.14026768251773267,-0.1773237665404943,-0.06930550020485178,-0.02459279660045663,0.03949312307446212,-0.0902875372967592,-0.050781854637585666,-0.033383784691295604,-0.0200688991025032,-0.01207535593723763,-0.012024450719089141,0.148794802845344,-0.15200935363946594,-0.007049178983323523,0.1537495890381728,-0.02057020033154508,-0.1205480795787433,0.02515328067654285,0.009260909087786512,-0.13788226215099977,0.1064674908592351,-0.1414092378947428,0.15912755973796203,-0.03223522339227364,-0.0639793782987454,-0.059688728612289604,0.006024055900705538,-0.06914052124412129,-0.13381152255146017,0.010914599314188644,0.1717858501674134,0.11210015722226133,-0.1366066046999947,-0.14469573387483917,0.06790999283817131,-0.06421329851109492,0.05728398955673894,-0.0780533335446716,-0.01824941582539752,-0.1045506042571175,0.07198960981997485,-0.08300018587233549,-0.10032777764334731,0.17303189275858175,-0.08028064663929364,0.04591064780333001,0.03415380216632166,-0.15126553623737476,-0.1732519121904463,-0.007030705546389515,0.16293606247981,0.06554798692749994,-0.07803688478527868,-0.10825254036125817,-0.17014166251973273,0.16247690549886443,-0.09052860886103675
-0.054007274277428546,0.04709799147524135,0.14162288456200792,-0.1414976897815564,-0.17613475287353123,-0.10182829583932224,0.11188924988309976,0.006598163068846391,-0.0772179015722573,-0.10438132303963667,-0.11301579270001076,-0.0011219108115825271,-0.06846079430555141,-0.06267475275156124,0.1255973234743091,-0.03824803994967557,-0.05124047435079787,-0.06225794404674913,-0.06453777402043957,0.13522281286229673,0.15152340907521053,0.10992615830774957,-0.0037486690079299445,0.09053789753635336,0.036830448886612466,-0.05882950744040523,0.09590889634259,0.09885061119891694,-0.14150319216417023,-0.1703398629837632,0.020434552238657755,-0.06171120899550239,0.0996297074294463,-0.032058933636189,0.01065289725273122,-0.15686140908389426,0.17257481986585269,-0.1213619030158247,-0.11854296859676094,-0.09616669205630303,4.654711145404833e-05,-0.10677662740913986,0.020298987198892143,-0.0052021027793377195,0.025967005737571214,-0.021390995084364678,0.13430222224286456,-0.05283303090217456,0.030560506343726507,-0.11718884047760803,-0.13673617518226688,-0.16687002048384922,-0.1737855489909242,-0.04706078522456836,0.0014383204226556257,0.009070996412018945,-0.1638578479336374,-0.05079816378137908,0.15576045497334387,0.01978565226763962,-0.05105622906115723,-0.15901246050449372,-0.032550476183922455,-0.12367473139450932
-0.0902932214885904,0.16882185426733845,-0.04496769880236032,0.17117605426253976,-0.12074572171210693,0.011699884767989527,0.08746074470348666,0.12560154023445494,0.15591633910994915,0.12349698475005241,0.11429953981963811,0.16058002692293813,-0.07009374282091856,-0.08954862173693022,-0.10075520158777261,0.11819897641663238,0.015932648382861292,-0.17681271158877315,0.1788979934886454,0.10699340954423395,-0.1648057374784101,-0.15358004462239017,-0.15442990516664915,0.04233501721627356,0.03719974924101127,-0.002951088006868219,-0.04567004546110168,-0.15722747204168516,0.03845633590774308,-0.03638167274817905,0.17447749758250872,0.1575599544968466,0.09235715829434435,-0.06690615211294473,0.08377382008008835,0.11373231018990734,-0.15177194888653767,-0.025959682459940153,0.1274167357389324,-0.06816105225607873,-0.011925663465671199,0.049956520077043626,0.043387841577480935,-0.1703011563546433,-0.11926867359768317,-0.1213936572982667,0.01411516813373842,0.049487254211481146,0.05687671964238791,-0.18003945712663535,0.07411754048366179,0.10659789837157793,-0.0553468453840352,0.016458584954066158,0.1592305639873043,0.10513808857472953,-0.04284751024341338,0.1589430016786416,-0.13805494016459896,-0.08210835668573971,0.16538477368648388,-0.1557701311645426,-0.009330141207025161,0.04872387386770152
0.09097010802426111,0.12387157803665536,0.07226473460762503,0.14401340466430065,-0.1597053870219914,-0.09790430455803861,0.16045572974376784,0.17989587873571647,0.1289066050278975,0.15530305446946882,0.041450902893817865,0.09040464324694988,-0.17815473484711264,-0.011603285692696141,-0.023586166274930126,0.10076271320989097,-0.09815596340822076,0.08339055783702723,0.009423855335622594,0.16299102710048455,-0.15480683417376442,0.00767343758026387,-0.03615678529841279,-0.063177975966196,0.01154890644022774,0.06645877678176401,0.1789451856614732,0.021298165781741152,0.14747771034932425,0.16298954983233668,-0.12232652445804594,-0.03915801074388944,-0.0566413714511039,-0.06203110014239553,-0.15258948334088546,0.031048504864855997,0.10597854644963509,0.13740773924019647,0.06962922872738406,-0.009253392523217135,0.1700934225446978,-0.07135607922066828,-0.010648725336231013,-0.08709958315688524,-0.08521418100870443,0.050199645130015486,-0.04256035117347118,0.08888497773811674,-0.091543705810088,0.16078036956393874,-0.1106428091095286,-0.05386554654286335,-0.03279518834574999,-0.06021195324299124,0.08158188774496591,-0.17021047488515648,0.06736168687750804,-0.031717629910980705,-0.012889932189657782,0.14962385134578668,-0.15974729748467964,-0.03523038230193437,0.05679033313047285,0.06252467326867134
0.08153747118166074,-0.13679914319837874,-0.012134743694531325,0.06995133193706857,0.024255162157186566,-0.16547315818724384,0.16778916135578623,0.016477926066044035,0.046831827603343756,-0.05226694938362966,0.16049342027164595,-0.07193945238138313,0.0664326233266469,-0.0527606720767701,-0.07262892846715772,0.09845251315604706,-0.05983158133740796,-0.13984162734728173,-0.07771693951254414,-0.13571930538492646,0.09509461320848187,-0.06287951979606662,-0.0053752678541392485,0.1749081397195433,0.05686346449263727,0.019993849240246525,-0.15397991256029514,-0.1510646993875236,0.14647352000040167,-0.102084295577376,-0.07231182299740474,0.16646737767929773,0.1698975863483079,-0.1285141205732842,-0.1788766979549085,-0.021028905159959865,0.03102600139239925,0.04100141133623192,0.1418237921138383,-0.05749910412692613,-0.13885926954425942,0.06091602760012671,-0.046334700132674544,0.005775228841800623,0.06586885971278683,0.11365182169431362,-0.15431107291231272,0.00424572160516426,0.09893532123954304,0.05338565730219261,0.11325548679709943,0.04036830443619677,-0.04992104910601544,-0.0497390552515983,0.11302627831980919,-0.010379171479022536,-0.17080967491340443,0.10866222152027691,-0.12445976223853795,0.0471569701977437,0.11114845407828952,0.03435101794037412,-0.04103891481049954,-0.10023489116611885
-0.16695518760410438,-0.07586335737078549,-0.1572016117347375,0.0972635379846575,-0.17632901663025377,-0.08640739787348886,-0.13280906852664692,0.04749873013452263,-0.09932284345257165,-0.1651432654863473,0.14301182150713607,-0.13145406239373306,0.016233863956977762,-0.05401723835916833,0.04631876523401898,0.04621174705632011,-0.1533426325748021,-0.09843375871184461,-0.1259280407853598,0.07737407624515094,-0.13194482651638173,0.1101876208259717,-0.10699442128789291,0.005613121215435973,-0.07479049025636975,-0.06795907739130364,0.16885708944369718,-0.13302776265123337,0.12478433436026745,0.0454998455716982,-0.17764295832369933,0.14395520623029026,-0.17522128229225203,0.1688144356604138,-0.03328602378085532,-0.03241988863853043,-0.15575497824483822,-0.03867437898775139,0.1022991688677691,0.044294423371409236,0.03780207431074781,-0.01115629885268643,0.09749439649684524,-0.16054350813295323,0.015727751530704437,0.07973245564165318,-0.101415213357305,0.14443357678887367,0.0810588892396806,-0.045012900466303324,-0.061271139493771,0.033397491806105406,-0.1767414055550643,-0.042640417870010244,-0.08986936033706547,0.007730267405608643,0.08543213569120309,-0.1795653834760711,0.16506871412361238,0.1253227905898849,0.04194814552881729,-0.09829408918308687,-0.14620664567394576,0.0031450911552652616
-0.019225162798053613,0.1280622782825733,-0.029115983807168566,-0.10597537691624316,0.047427456526610484,0.07440982059508086,0.05761607207700134,-0.09955058676539844,0.01701803115809558,-0.10486243719533808,-0.12797786722024707,0.03824986548692319,0.10185813464589363,0.15650669508949963,0.08283574840599087,-0.1581426400022637,-0.06479232840780721,-0.1014991829291688,-0.08168382547828464,0.1381816892331764,-0.17216951341834538,0.03704151850681223,-0.15349595429660012,0.0387016656115054,-0.06604527128200115,-0.15344284834292607,-0.055656172333326995,0.06011828412804551,-0.07031162496415823,0.026782891573387396,-0.03824889353431557,-0.05804402544215802,-0.03324620567140618,0.13351382088200134,-0.09145061432251722,0.17826686823887386,0.14629511629475336,-0.12107253527553846,0.006592605213944724,0.1444233246975605,-0.08905715389928234,-0.11382688117892738,-0.009634025171666782,-0.0919081750851386,0.09168176522094415,0.009961828553707475,-0.06776036423829003,-0.0029987148576984257,0.03045864649290622,0.10151091387385822,0.02628770370086586,0.03833520258215817,-0.15081722921823335,-0.11314047071868588,-0.06914055263469535,0.029864706021316245,-0.07244954617902141,-0.12739761795070959,-0.13452591427651922,0.021867943907837695,-0.09556727857779808,-0.08817835201008443,0.0056737589274842015,-0.17190964598213448
-0.1787848652545434,-0.06349556099693848,0.17692384382063905,-0.04960528627396696,0.03578673744802782,-0.13319737527832612,0.1651188335467497,-0.03027534653119135,0.009870377073261327,0.16182729280545913,-0.070855364272792,-0.059620836933819116,-0.17232259725756904,0.08833845818499733,-0.01258292678968645,0.15793942504241912,-0.08852878548883225,0.023942109353502217,0.05801239031447289,-0.043400774285191956,0.033851338516811075,0.04604472101869164,-0.1313840248793031,-0.06509983802705181,-0.0339798034933774,-0.008183992466025247,0.10527750002583833,0.017228877543600002,-0.041066287123552314,-0.14904945968041453,-0.1696139762348734,-0.1018976502932281,-0.003969766317929585,-0.1512910005095475,0.02179011667039399,-0.08413435083012563,0.1505771304341806,0.16203788479840417,-0.038396214442319554,0.03573611858422829,-0.1050888706010872,-0.09972123070327416,0.05550507345779704,0.1575443142138325,0.03633755022090482,-0.032682422948493495,0.09942380128417075,0.131507536116485,-0.045925123368001114,-0.07048178685623045,0.12225851326250983,0.09265959677312077,-0.11691819429487664,-0.1259146629420318,0.027841742722823776,-0.06785001276964317,0.028625733984835894,0.10606050724036512,-0.021857527976466035,-0.14718506655977098,0.1609734822842718,0.0404264121259168,-0.06968572892578567,0.0015573013673799985
-0.1024736055729404,-0.028838105212737164,0.11491860914473909,-0.17648509411025814,0.17236939179596136,0.06724921297971898,0.10578818924121694,-0.14864256693373698,0.17636880199911995,0.1587539078527805,-0.07489429929640089,0.17275770545741584,0.07021465714172556,0.1384065205873203,-0.10061054344599851,-0.06395316023918761,0.1793546149849569,0.0009229454675365178,-0.046370024190945575,0.11984455230858695,-0.17136485280298083,0.023824520071768135,0.09157049893933164,-0.039463444705551104,0.11563382350591381,-0.05401999611675204,0.03174252830394883,-0.07868988983008571,0.0766385423749544,-0.003953853632012699,-0.06609612645790885,0.11610428909263507,-0.11143629628374659,-0.012560658190401974,-0.13176021139958483,-0.004072588509813513,-0.016658765557285515,-0.10645391893620473,-0.06584825404380426,-0.10009902123562057,0.18054864564057052,0.148891254050764,0.1674276315096029,-0.027016925297497246,-0.15158410394891902,-0.1094933865734032,0.062485312903585666,-0.17190659547254417,0.04927815223839779,0.021391675217399347,0.14436771135435258,-0.0628009081042184,0.006716295117525223,-0.05346206000993994,0.1752785753640095,-0.06244241774562814,0.17485599170146113,-0.13528547063063762,0.10451055587729566,0.047133516887889554,-0.12401950190627398,0.009168482403780681,-0.06561247865479136,0.0023352073144537744
0.14417232253551923,0.16472052274694923,0.08126100241772258,0.14089588784452103,-0.06130473006685472,-0.036905433277608174,0.04648867180752944,0.15267681781963707,-0.010639258074223862,0.047125013444568015,-0.037719788887619704,0.09088723702692517,-0.10004417776441173,0.17618595607419132,-0.08109826831829729,-0.06619869735400524,-0.06064239638183648,-0.12176651463884436,0.10818985780783172,-0.07913243953343818,-0.14150040467993172,0.08376449637252983,-0.011891068290963397,0.11101796553999324,0.0953409540021685,0.024812121262749093,0.027437247454117436,-0.1352270564118738,0.15921625927505892,-0.10717253337642144,-0.13911309802888858,0.07680441437574834,0.1754634608244541,0.08176840507621455,0.15687950925405772,0.05733950089099771,0.0321597424679462,-0.13892229817945584,0.0735197083349727,0.16706599989210627,-0.012196183293987917,0.06414212176322312,-0.021918000491633033,0.10192653823747308,0.09223866937400829,-0.02516350227184655,0.16512981483304842,-0.05709229135510614,-0.04805617453714753,-0.1639971269713986,-0.07937737399031733,-0.05821979662596724,-0.12327250337587534,0.12006724573940727,-0.13542326887278358,-0.014301395348429252,-0.17107607575691666,0.09880423730445456,0.06444969161279976,0.13760795610940832,0.05251911860107922,0.14461646730259056,-0.04633128034976333,-0.17844159853687008
-0.1409757295550009,-0.1458034685825252,-0.022880272685862763,-0.04641004292348566,-0.10438141683405862,-0.06329857471852363,0.08860277616832199,0.06725329988104523,0.08255192694354055,0.09965328609859261,0.14210700610989072,0.03580276128924864,0.1774386376578764,-0.1363506452932492,0.10019215020387387,-0.16183097082089282,-0.1313393977249436,0.0627237068682972,0.004049977699473933,-0.17110086755631354,-0.160525116429353,-0.09101414824895267,0.17019555997050126,0.10458561652877765,0.012824313084567135,0.1425550906261789,-0.01540262447912713,-0.028002176172134435,0.05555559566632387,0.029898723165266955,-0.1033384960861677,-0.005987840716397602,0.13489910898002191,-0.05287735097801746,-0.16208119117384429,0.1583003211399692,0.07451623961337453,-0.01800945868404885,0.18002549256015907,-0.011894853787154713,-0.006210632656794973,0.04433875998553519,0.021171604079462197,-0.10877837555037438,0.16025607364461117,-0.02759088020966949,-0.035019925924094475,0.1230442568181537,0.09302546515586499,-0.1348959379833233,0.07265845927662026,0.05321032274425638,-0.039796594480746544,0.17487433393304028,0.1559550451237733,0.013462034194516609,-0.02243297872369132,-0.14984781146279627,-0.14626016177890522,0.09153273202856646,0.019551908668628742,0.013745542105068453,0.031522259669664404,-0.014551865169633887
-0.16254920043261373,0.14255901195696355,0.022358961443383396,0.10573004526645632,0.1386644312655996,0.11549164640169315,0.1186374672022866,0.03717606552529781,-0.09113914362707154,-0.046269532030709604,0.12362046097003374,0.036836621429734484,0.015442062438491277,-0.00843907882027603,-0.09374485798716994,0.13017920270426922,-0.15014372309311766,-0.11614529247246384,-0.09487870634002811,0.1578378253919218,0.09047866638403426,-0.0759239263360855,0.13357169888290418,0.019391505809880277,-0.07266746655313125,0.06090513756727897,-0.0926046941736542,-0.11328943697066474,-0.0822891266934255,-0.12401528075398857,-0.06590197228427981,0.14119358050832811,-0.13134477827283275,-0.028643967298562306,0.0770174771223335,0.05248288742637755,0.12305499455994887,-0.048793190396890285,0.01951600986270577,0.15097380749758557,0.07101951449039409,0.12006787487169215,-0.08778942195014904,-0.0953828278686301,0.037383537401772665,0.06933412387470558,-0.04377796998097877,0.07938182668779328,-0.05295131570630959,-0.08315783639514585,-0.15885600722954812,0.17349113441950756,0.08569310545012535,-0.05987761312667615,0.09075901187024202,0.07791462112003014,-0.13274135199036402,0.17115942252827457,0.13526218332821735,-0.017517120159389193,0.13435707628895324,0.11493475790077892,0.17645169133852764,-0.04544894945712988
0.017935693402644365,-0.16986309608020964,-0.1297425629349519,-0.15777095778636904,-0.020352126840675694,0.1351314946345963,0.12171936333745795,0.0083966250408197,0.13146444539098565,0.1138579841293553,-0.029542830508269224,0.15980467211354368,-0.04249500324088393,0.10183033401604721,0.1282914738449961,0.059422291239003056,0.0010916729566277372,-0.11050213182652943,-0.11711453144696493,0.03350751353844211,-0.14308744860543562,-0.15420049657706195,0.11335739961935917,0.06121294436909552,0.03738719111237945,0.14988062925427484,-0.09217616685625289,-0.10178290748487068,0.17226236820340188,0.04371070412525982,0.06225795330491521,-0.007866735590425583,-0.12560331467143612,-0.07602391198885272,0.033520322566912675,-0.07700745612504545,0.06639517266851078,-0.0038751424093638187,-0.15827153018651519,0.17092425146665627,0.10822577658296231,0.011656218293677634,0.010612727417482454,-0.03725527646543847,-0.1533565153096232,-0.04649914939060318,0.12821979916616352,0.16760714442056804,-0.11794232986469706,-0.1023079041538917,0.08861416939811531,-0.06767214813778198,0.061624883954408544,0.03904266743547036,-0.05378008602602699,-0.1335905971767328,-0.11949365363572809,0.10636297198229291,-0.07481930216180309,0.10201572331466499,-0.03678296233081013,-0.004790522955786247,-0.005177098175096817,0.061879669074324434
0.10303989835538793,-0.11619588785316508,-0.17210720952220235,0.06392947091288068,-0.13762054887752298,-0.15061850263310364,0.04233612329490158,0.05657570499695935,-0.022167383640584737,-0.07658413055055402,-0.15985420248393317,-0.07374141178964151,-0.022126501844125512,-0.15597945877350186,0.10303278838507865,-0.07835313689876279,-0.011511341865757307,-0.14327819022834784,0.17261627282943023,0.06686674561032782,-0.17293035246352254,-0.00410021467160443,-0.037346480228924395,-0.15117664468120479,0.06946253084028617,-0.134383670838746,0.0013657484114883434,0.09133556416337099,0.08662063149037977,-0.11940669809413926,0.04861194840846403,0.032120926220474105,0.06283420945417248,0.02828957506497004,0.06343986807854043,-0.14980427491825657,0.12271668763268698,-0.10210199079757788,-0.009207448076117869,0.13180444407795835,-0.07528980387459755,0.08728896344352974,-0.06022607364192928,0.038141482623644224,0.044626107754903194,-0.15111285433475874,0.04423064834452281,-0.08369460503867236,0.1387946326759095,0.144182393363305,0.07393786259965276,0.11994452295185112,-0.10146879513343636,-0.1076912012536691,0.03865916700729388,-0.1728307629175489,0.1007455649189021,-0.025278564931769054,0.0038467194638230617,0.02047945164942283,0.05864139459876874,-0.131451729617983,-0.10392615339524826,-0.06536133850958288
0.12422354774981251,-0.07537129197678233,0.17537447922524088,-0.05401333035455996,-0.13679301701250393,-0.13301122644941551,0.1388165705451275,-0.02132427953154678,-0.03343853876278202,0.136702530399358,-0.008089063885383468,0.0928916949646981,-0.037503926790547926,0.13731651573213408,0.16823106481399688,0.15122314099827702,-0.14070578649786236,0.03504924929885103,-0.04174804652357092,-0.02937068486046271,-0.16143992075040095,0.16681664459711906,0.06996971174082658,0.17097644063708714,-0.15680887512249478,0.15846252520958784,-0.0033061288620500895,0.025807356144976923,0.005170749874832514,0.01954523816335063,0.1416517754467944,0.02946419744376122,0.1678117530205411,0.12863282525361477,0.06417655579060058,0.013245435499316033,-0.1547632349730711,0.11946339987790386,-0.14872636730792346,-0.1679371523020248,0.0072071808004308124,0.11745151104241255,-0.17954306015151145,0.14436845465203738,-0.16102780251787685,0.04127633748745205,-0.019402223461848,-0.00425132395734365,0.0358293497692761,0.08330624375188564,0.04150484509917379,-0.07591962303434513,0.03365078721478476,0.1751236825607451,-0.012650921690172873,-0.15733758136655496,0.17321657952776734,-0.13918457208282065,-0.15186919804413873,-0.145356047322482,0.06225880671773995,-0.16345111482978314,0.14664284196400887,0.12885011944847127
-0.04220441155489893,0.002769260469289603,-0.011807465239932563,-0.1684021270800538,0.038246476206392904,-0.04533123201465647,-0.17925453174394368,-0.02940656368710634,-0.04793736121283257,-0.050012377973846694,0.014622969076340891,-0.023901940640893155,0.022577258452247756,0.14701748425823083,-0.04955901405296262,0.007965853515949972,0.022688052230201344,0.07341040759115006,-0.09544971127949538,-0.05760707928238268,-0.13438260362456989,0.16167515827642373,0.01143437400815911,0.0492393395337303,0.032596777669759214,-0.01733126970663454,-0.16129273882340164,-0.07554073324929146,0.10101916080954579,-0.08462989319941652,0.17256457436173686,0.0392249160376196,0.09121577693738328,-0.001123770109468264,-0.07961607078601592,0.10074010181456675,-0.08954472760585029,0.05012212038182723,0.04192042185687339,-0.04508805284444736,-0.14067424398035036,-0.1429546708367074,-0.11425272678758885,0.17727410232433963,0.001980089319060352,0.10780301516579152,-0.01529238590618956,0.09000131623262117,0.11201302705129743,0.15819935366109386,0.15624925384849417,-0.11455924891105215,-0.04503103347367568,0.15293334029242647,-0.1653442702350971,-0.11832911776032286,0.05868279801974863,0.07410789850840968,0.15007341132254573,-0.049728630944576774,-0.07368995556959425,-0.06189192697495441,0.13837984043890825,-0.09895523894994905
-0.12951934135803883,-0.1289427164292845,-0.09548270791408191,0.12614965186327223,-0.023989623138767985,0.17439790663744079,0.1642679958088992,0.08445579250037796,-0.0008745330732983225,-0.0892406881619592,0.1439237210343747,0.10773443563890825,-0.02622735867018397,-0.1605654578151981,0.016937442360312582,0.028212411547012844,0.15222793511584196,0.07815449417166351,0.17411573153717683,-0.029121194123593402,-0.027207821400727805,-0.07817547298788179,-0.04689354297828291,-0.06490585747413154,-0.03630164181608678,-0.038087101124081396,-0.09656333092549697,0.13695654108581537,-0.0667021224394668,0.1393292640529207,0.020906193842075538,-0.14566468032694654,0.04887012635319321,-0.12103112352918435,0.13084210215185674,0.05249919639586301,0.1345510613618988,0.17721084485099267,-0.14738542094859666,0.15350980683053414,-0.039278265558343656,0.1024184327977202,-0.09088611522797871,0.1604386839699166,-0.06287356564758553,-0.08177742067121081,-0.05672248247912476,0.09198622372868728,0.04350091643985837,0.17067348931536422,-0.1269220492927476,-0.09235033892548146,-0.07013777262891775,0.1723535017203993,-0.09024928033750709,-0.02934427796093625,0.13407178440646886,-0.155324615601112,-0.10335951403421613,0.026211723043173596,0.04452915480112704,0.13587463736125385,0.09332574869690222,0.09287556425996082
-0.10734605063738858,0.04751318630062176,-0.12266261232567574,0.007857368003521797,0.06940544599923884,0.09850710241652152,0.027292380485329393,0.03455403106784499,-0.04426368270911668,0.13170536391511992,-0.013102556950804894,0.1318740479722467,0.12784084378439384,0.020608270057709738,-0.03717533518023397,0.1373992061789587,-0.044426727870367305,0.016507309967533523,-0.09282136280739033,0.010030694291369685,-0.028113698290269606,-0.10184006858166272,0.10704127220198043,0.1302165709689729,0.13857358501402858,0.01668886202687464,-0.047512982360563505,-0.08230150865135183,-0.10710043180159047,0.1588464675228514,0.02207060250765394,-0.016547870494501793,-0.007678397845806012,-0.03367992075101531,0.11660382771985203,-0.17327025201657226,0.04220733519455791,0.11984128732420682,-0.1535314166868522,-0.12561957674573132,-0.15348715347021355,-0.17812200482917062,0.07495896094837737,-0.15546209248264642,-0.09699607499472872,0.17781064027482615,0.006101091759390498,-0.13357766352164735,-0.12599966969245036,-0.15098480975946704,-0.15158340470587522,0.09736545281885914,-0.11931674230741643,-0.16827855321484042,0.07098481799074144,0.09625638406332124,0.04553500694688223,-0.1790080558342654,-0.07140913787522048,-0.13276344465173479,0.09824478176719545,0.027194198161173994,-0.08199818852905691,-0.14014265320127
0.06679798104362641,-0.12403998879915612,-0.07761894675229916,-0.07630395515416459,0.03600389169145643,-0.11788271104215971,-0.17774181504456596,0.05957989183528273,0.04853046064719946,0.008737901612343502,-0.1773986050930855,-0.0027010126368650356,0.10811244233860193,-0.021776182883205597,-0.15810525547505536,0.05166757663770008,-0.038911602528402645,0.023307026129492064,-0.1256154013371667,0.061496298022729795,-0.11102348183390204,-0.1564939006991228,-0.12710899184880609,0.08985508474634743,0.07164342545081773,-0.10235877668683555,-0.004613276510498282,-0.0711918605011029,-0.08771332338316583,-0.10055164253563387,0.012812744395967746,-0.14895917942874004,0.07122910662814211,-0.1784441937126002,-0.07093276867326674,-0.025548810359002222,-0.14634800336180312,-0.0010269278462546327,0.07262681779221755,0.12926617310717617,0.005066601408628274,0.14803387206025623,0.05654433790425417,0.04019635430953686,0.10815119238437607,0.07517211961253698,0.03204618210802815,0.09380696844649591,-0.14492881527599388,0.0470637519854617,0.0794369689589067,-0.1674617910694939,0.11009999675883217,-0.023015971981748012,0.15015386293611757,-0.10768017464843785,0.028279745858152572,-0.08188751931586757,-0.1372638360717649,0.05203847949447718,-0.15480756825403896,0.132996749380722,0.0049698752780316935,0.02410659353466027
0.018201449835167666,0.10703099303086075,-0.15554256981653114,0.14930549217104624,-0.11988965668439475,-0.15857113165882392,-0.029467703937990503,0.06166974891256452,-0.06828290365082108,-0.15566488294989236,-0.033857763589123346,-0.0977677468241834,0.04923199973925016,-0.14382931654575476,0.016369060446500355,-0.0550002058498715,-0.057059954992239884,0.034766675619669896,-0.16299517079801096,-0.07121678930639692,0.03806469871032456,0.07465722713235076,-0.01022932158007786,0.17894164658660086,0.07353860424775813,0.1702951659718351,0.07091833397324407,0.09983584873904797,0.09324237709417779,0.022996991622426854,0.11859411145080409,0.00804705528641031,-0.1470154629789545,-0.11254541314474158,-0.1087714225738798,0.1017299641563584,-0.05092270400754165,-0.138217585688424,-0.1542618470065714,0.019172987891856258,0.13604806088757534,0.1332719385910869,-0.08014753711990948,0.003772953454054817,0.1558596262270375,-0.13864497721173985,0.043673056522150894,-0.05034782583681208,-0.14973777479061218,-0.0704237328848714,-0.010751618550275316,0.12445293427390605,-0.035965593792488676,0.03720117852654867,0.05650213440511051,0.0730960404148557,-0.04803959483866374,0.10208187281202022,-0.1169013536294198,0.12247567191214123,-0.051383679369715995,0.07367287164912836,0.14666721705742078,-0.05329661992629217
0.09286925212870736,0.16524419447851094,-0.1640648936850798,0.08848314562897588,0.10782192826237605,-0.007361509865645904,0.021924942547643766,-0.16740816713831855,0.053251502828472824,-0.12669368654290192,0.17938650852207913,0.00932813881863126,-0.08721971918259998,-0.0066825239534181735,-0.026649435277197403,-0.05085356348083281,-0.06470710072224863,-0.1444555341389643,-0.08420807190659106,-0.15954177259463942,-0.13279141710840792,-0.0027600918134730312,0.008519766733317558,0.03858860975444059,-0.032590166291755845,-0.14724003472278765,-0.020888110649420866,-0.08106628194233462,0.04795387052240924,-0.03181474446073515,0.09627711931919722,-0.07852704518184497,-0.03815896118267206,0.05968088064451976,-0.10325769197783079,-0.15403065411277778,0.051664919265507286,-0.0028712376077137114,-0.1636452389478367,-0.022569191909826758,-0.09180836136123538,-0.11082557821067285,-0.03860401882192491,0.016250634682718562,0.16478444492664843,-0.06718943977675461,-0.034920207004120074,-0.13759941527518407,0.10049624145672806,0.028645885590657144,-0.10527006811821636,0.07439134525625793,-0.09910893664276664,-0.09021897672640151,-0.0714037028395874,0.03832630369658921,-0.1319808358079985,0.11959330823215494,0.004497942752724804,0.06193831174781417,-0.05194389035856109,0.10101163545929484,0.07183124909025265,0.09550759129792333
0.04124392638788657,0.007094888205495309,0.10270174008864516,0.10097963628023185,0.01787664636843761,-0.08936282979334784,-0.1360451801829108,-0.16732547704563225,0.12900550236972222,-0.05873458795209051,0.09598362192524493,-0.12180869816157153,-0.08549587870233646,-0.0955821473247937,-0.08147517252618766,0.0250252154027312,-0.10257401851394109,-0.10292136884143177,-0.11999601390867742,-0.14181496195335971,-0.10049346217777057,0.07588906521672903,0.13138457896871383,0.06885666956905484,0.054011948311033425,-0.07758612782355433,0.018339834982107506,-0.14145426461525007,-0.0658984103924752,0.11710368120784462,-0.15187080331299752,-0.14235461676983027,-0.049988455534519,-0.005904879906060562,0.007262070950099786,0.017144603703856426,0.17484914228138718,0.07004315438247302,0.09813228404596488,-0.1396869733686582,-0.14018147690920124,0.14162036004028208,0.024797078963682218,-0.012684546170933564,-0.14558537306089045,0.06859123954540708,-0.14641485624409956,-0.1059858353325322,0.09642768723493908,0.006882159076417038,0.010037065122135702,0.05263962907500522,0.10908053191593917,-0.17549095619192492,0.008690941172456279,0.1310177402201894,0.0461182410187278,0.005212113478640562,0.00631360535372244,-0.1495889523648797,0.01647051137090222,0.09840449502322071,-0.13271826544511886,0.15790597367990913
-0.021766073886573922,-0.17885848684590303,-0.0765777576128222,-0.12685379969504318,0.0035946739827653063,0.09722333985726869,-0.09159653377990963,0.028506979879319716,0.11642238129050683,0.07932993450656209,0.014982568122996892,0.0778037547909369,0.07229739427490714,-0.05002473627944881,-0.02376840471496644,-0.05260504541930447,0.11907175450692012,0.011891170873336465,0.03312201149279376,0.11084857846930654,0.16757747096844858,-0.04542458987938533,0.14933444597780834,-0.09751906376912724,-0.17835573325162732,-0.10536526104705043,0.10252271768228174,0.16420395257706763,0.020133237793233033,-0.020758984437231703,0.17902157112155007,0.12838163789042753,0.03575675793235747,0.04275444309092427,-0.08468327925523704,0.004991102901042321,0.17277301770223782,-0.15169750927103387,0.12321240598634811,-0.1262267124004088,-0.0259863700297846,-0.12191414691804037,-0.0751982537951765,0.12505813840938798,-0.01787292503843141,-0.12311019904510631,-0.09306072694540939,-0.04336196627934999,-0.06949200837704726,-0.1172954510067791,0.16994743691522826,-0.03855754534008493,-0.062324024251429605,0.13288972367635096,0.09048535938526572,-0.06016175532825366,-0.05079291444790554,0.09968143330311238,-0.09636816612890371,-0.009853505321634232,-0.16001974579766584,-0.14037547339969508,0.09512901535663312,-0.09542166848858033
-0.12441906426578384,0.16053418579523623,0.06864850478731047,0.1358501382196263,-0.1379249224226299,-0.025330917957335858,0.06271886558247344,0.12135421736741273,0.013166144771496108,0.17098706005619482,-0.014068403188832762,-0.14629447777286897,0.14868163020422456,0.060297841766491805,0.15708807403292033,-0.05551088646700433,0.16884557671619296,-0.11079967678570955,0.09484488405512129,-0.12926784213890932,-0.1347450884198501,-0.1771951280076214,0.17803021264017557,0.15599016595202994,-0.030423366832695836,-0.005569692095156814,0.15632718766410028,0.12943628718990322,0.15854955147745672,0.11440086930809654,-0.0765063248189377,0.17850981095426946,0.11360086253635213,0.004585114355308756,0.1391761117668672,-0.1583794743839482,-0.09712584621550041,-0.040332715707296046,0.06499632971285785,0.056240114390208346,-0.17944027498388573,0.16814702348364277,-0.16369398835002907,-0.04349719363519727,-0.10980374429502884,-0.09548037521088412,-0.17356837425051386,0.1699197194020878,0.10102759982913237,-0.07048718480333542,-0.0693813362437343,0.03231452667004747,-0.08537627650773444,0.07803906774438382,0.16719633878903187,0.16365353747607744,0.13361160742259112,-0.10565838641085117,0.15407355610466203,0.10127491983201123,0.07366993928955032,-0.00872873205900937,0.0818415551729271,-0.17801490783423438
-0.061285286838284506,0.17346207985964365,-0.011084326730595562,0.04096043122930379,-0.04453414590781224,-0.17781548537783182,-0.059240881192901884,0.15225815691535785,-0.07454872012294637,-0.08652915751847506,-0.04370160774652174,0.08711757616627128,0.13423242354865736,0.11594980236820299,0.16798604231866218,-0.07383400906791145,-0.1798857059289151,0.1720907477206182,-0.08174964539746205,0.16643261340227347,-0.013724629571355035,-0.1510838439890178,0.0338753731781522,0.17275800315979897,0.03071498331426692,0.17272743455048614,-0.17894466824601757,0.014534785091465302,-0.09055275418189908,-0.17592176435877244,0.07984257176815321,0.1241188076686168,0.035906387751749536,-0.1459223645365348,-0.07972675263525056,-0.17616566212553095,-0.09521133676228534,0.10561701559695527,0.1742318752966295,-0.08743704684716368,-0.10455060296024891,0.12848786135917054,0.12077188297374084,0.09730057589625377,-0.0580443058484504,0.06354798163269207,0.13173635214436416,0.034598956962185734,0.13844466021177723,-0.15141298857738106,0.0263830485656025,-0.08851560961855748,0.1208025537049329,0.050449196658079176,0.0322011854532461,-0.16984493053725677,0.04513295539465162,0.0894873629944761,0.10234942645969855,0.16176866031250733,-0.10577311010761627,0.15857147885630782,0.004788233023187538,-0.15004238887578605
-0.16274398915837562,0.06901325106167933,0.14534231642226816,0.1607845438610843,-0.17571502215894175,-0.06675368850400477,0.04959064112784567,-0.05728371405521064,0.04057487191407069,0.1574694684016438,-0.058286198157559393,-0.10709959571402303,0.11554546842274646,0.00476970656823511,0.005316173535675456,0.08589476996637038,-0.15111908160283757,-0.058115336673655996,0.1804623268351215,-0.11814708149682587,-0.04498536457192637,0.1051172474623577,-0.101847177073022,-0.1196171769300319,-0.0694079209079486,-0.07239696458625312,0.011027664606673537,-0.14581586142332154,0.10178394042730224,0.009009640052911466,0.11676747357368136,0.17693435139686817,-0.04502091207355374,-0.00013996341810201818,0.15386438150531687,-0.09036153394136034,0.15002460456479713,0.13797598685594406,-0.022949572475569613,-0.1413786049479403,0.028850993659200824,0.11255138908879345,-0.01153228487368041,-0.1500329144386858,0.13780381253178983,-0.06475741163177987,-0.15629684235977706,-0.11284468965517695,-0.12678581073398015,0.026480483393780174,0.14822233980538876,-0.04342860511033503,0.023129506549614764,-0.0807227027258235,0.16892036912283806,0.17763073206146449,0.139054746033387,-0.13425338609339563,0.07991811521927147,-0.10944849389041125,-0.07015146461226848,-0.05334516449674878,-0.0009688816040700765,0.1702965624241771
0.06263363877304937,-0.17204465890981305,0.015317207116188836,0.071059377698135,-0.09426036701478914,0.15328255474698424,-0.17228180550365302,-0.12308792638194091,0.06008659074624284,0.06640321489677689,0.13909872431726414,-0.04333633873851461,-0.005274475372081283,-0.04295932916548434,0.17936948986599652,0.16918619033214924,-0.01908861240410803,0.05335610797391577,-0.11367443991283888,0.04317861212770299,-0.04877183595569662,-0.03450771448785234,-0.031670710409435365,-0.13565499353090324,-0.08022658334403233,-0.058979206901280334,0.009551870931391288,-0.10827296627618545,-0.1498871797924268,0.04294503982261838,-0.161665485533912,0.0028431679858149372,-0.11269268497427633,0.1461394687521345,0.16113715547615112,-0.17928543973356892,0.06564035021316242,-0.06134542402309415,-0.1464885288564609,0.09512168966930465,0.16712398670191111,-0.06140166157400487,-0.06612358676333302,-0.13167294071968666,0.06284563850494809,0.1208189857657099,-0.16344102852191303,0.053660635227632314,0.08258543090158868,0.022843162228817854,-0.07593735999677102,-0.1025215387275551,-0.16258357769214749,-0.11509151784470377,0.17161882344304494,0.032484972046688376,-0.12208645701075743,0.06072980831041719,0.07885506085142172,-0.039192914281054064,0.01380245256676435,-0.042962714525892814,-0.08662370483318028,-0.041804212964135334
0.1335718888774177,0.01621579636130202,-0.05550986247318593,0.03408078521718877,-0.09607907280641229,-0.07144879995415228,-0.10000352442357655,0.13951296656212972,0.09033073261673483,0.1091146432112001,-0.09923584066967188,-0.14407321582522262,0.16774606389438537,-0.013163773897864245,-0.15733285078366535,0.17723759741280906,0.0702940707332251,-0.144540235981683,0.0727043745893324,-0.08307921307597382,0.04547189859148651,0.12442942412769889,0.05605021315283376,-0.13697269461330946,-0.08860847779655272,0.12078970473066838,0.014730549646703117,-0.15330002405229728,0.11031240691074559,-0.16717941397981262,0.03084859264854778,0.09812215531229337,0.05208078898260629,0.17378059670589022,0.023066059463326682,-0.0004519418430817823,-0.08022013108312809,0.027735750987991248,0.17585756740215827,-0.019602605785353472,-0.041662245745767296,0.06313183825482382,-0.0772607393704982,-0.16198388315090806,0.08163529444115256,0.15676004971912186,-0.021033924593785752,-0.03892665453572838,-0.1373941962719315,-0.12307052351219115,0.09075412485349352,0.17586386417734143,-0.13491838389209854,0.17258387083836943,0.09935933071756717,0.13462334550697555,0.12388012396186163,0.05129900243112023,0.09039263897701791,0.1752154568068153,-0.006427544685004116,0.10999195525204306,0.01265299602071654,0.05143042855254226
0.09046684042072459,-0.10955109110719338,0.05887997597302383,-0.16869185013193888,-0.06535389768011379,-0.11925780158141662,0.02228527197116606,-0.0011129860302834804,-0.15452153721177259,-0.17246647063776216,-0.14533922046762396,0.01233747881719957,-0.1715901835930933,-0.047027915005653065,0.06982997317102638,-0.14860914819177545,-0.09320425774788807,0.04581986059858273,0.11487312153478105,0.03089733173780626,0.007521888350281503,-0.13548516947991107,0.04123394354325713,-0.10820173320002947,-0.10183183882543492,0.14233169698995227,-0.09569392707012833,-0.031241486031279214,-0.045073446638998926,-0.03917214822490281,0.13949912260756622,0.1710420523017495,-0.07529593181684793,0.11827903518180247,-0.15394277890222002,0.15310602107320573,0.13711452598251914,-0.06528362113784142,0.17486550136523446,0.13473977517280458,0.018077330475985892,0.012120490697512365,-0.14351243700169103,-0.17070638091413468,0.09313545404334764,-0.07622727504798718,0.1564840220580118,0.16470769715536734,0.1425287321945977,-0.15228868315439612,0.17508202144567683,-0.10465679494638494,0.12973346067737826,0.1645499446180931,0.04638141439564575,-0.07772106733363224,0.1195451260834278,-0.010508113545380532,-0.11063102171856516,-0.08939050483714261,-0.11011348448826083,0.1275363157565326,0.0892441532403754,-0.046670706617574026
-0.11504331940612575,-0.02257846034507463,-0.07275026059694521,-0.10746963664550462,0.15052350008391954,-0.1374846893498422,0.08963030153674997,0.09797183555760866,0.07560096932538854,0.047022582382498845,0.05194888552220492,0.05107672255218687,0.1443669015946156,-0.07170406533809667,0.12080061072043483,-0.12379564951083138,-0.15552866535903964,-0.0252249934064869,-0.12133862153240103,-0.07589941468001678,0.05760659243789007,0.17608212753451694,0.0009907182616418209,0.14440911653902858,-0.028949285874534603,-0.0367668230603371,0.13923318033457902,-0.0692051187704685,-0.021038895994181905,-0.1673439227071034,0.16066967590512202,-0.0455929051451853,0.013969924690770047,0.03382975024634069,0.014554913319818424,-0.03145561070769842,-0.11859163613845392,0.05585958706851915,0.1620708967165199,0.0162467557910545,-0.17900543337852695,-0.06440293263068099,-0.10354336425057556,-0.07107170846399126,-0.0010534371777601859,0.16994818026348926,0.06277053178105349,-0.03792862045009254,0.13074146937094386,0.11620645181263126,-0.12774048238231783,-0.02396965466556175,-0.119777916646792,-0.17237643936765787,-0.0833623456055534,0.030333709401118125,0.07923478664684855,0.04312140628271624,0.06751554038059537,-0.11645302649016849,-0.155301320392838,0.17653136392848515,-0.1478835719485248,-0.1498337485042849
-0.14465467799609,0.12355279652813903,0.14988557483482626,-0.13417612734611672,0.07659820580826107,-0.08820950197372046,-0.131012101339472,0.1220907887281483,-0.058702381129060024,0.16051715080861065,0.07041942035478868,-0.09205427481744831,0.10278883737012731,0.1462711249131993,0.0963067729918878,-0.13564613138791717,-0.07528526932090367,-0.15196393495129712,-0.009751949176630414,-0.17150553643582053,0.16899265166276792,-0.036935306521566624,0.10979151667491496,0.08305536962812646,-0.15616632843084458,0.04159973677137374,-0.018985821682910325,-0.07564890212500011,-0.1104190019439125,0.01469235926101703,0.12194571477295027,-0.07317752258180237,0.14642168117565682,-0.12367605914869899,-0.14877868060435218,0.09735548604284075,0.17083383291301815,0.1501277188005188,0.05426090868847952,-0.16018564862566378,0.1736894411115665,0.03576879280975373,0.15702805855531224,-0.09104063775623664,0.01355623961374064,-0.17452008976703418,-0.17023685980890169,-0.14181068826768886,-0.14255344504332246,0.07594761633308253,-0.0006534555328299718,-0.0894904082225292,-0.0937968051320411,0.036804506220564775,-0.11989557240669103,-0.010677892995542393,0.0018250902361436894,-0.0011924827495469192,0.1704509547350613,-0.10150975771947564,0.1005266395135275,0.1455081660060282,0.05021414665927226,0.09620267248496708
0.03064699556894765,0.019189031259980005,0.0588312323101923,-0.07451574826949264,-0.03702915495152398,-0.07151565955759125,0.03906568488081261,0.15184162939431897,-0.16488627623175459,-0.15274471304578954,-0.07738576235276981,-0.12202924617603769,-0.10489753140898185,0.08827822426877266,-0.04109563374124095,-0.1503482712193705,-0.1660815322649317,-0.07468661834452563,0.12009868329761139,-0.14581096005944838,-0.0019726083877087963,0.017707745957783433,-0.12092806918744084,0.09285387322343439,0.13645424040806606,0.004083167502340668,-0.12497960570507219,-0.18021236823967623,-0.1679424342360274,0.06822669136521362,-0.1721485691041982,-0.16197418260960905,0.11746091649522236,-0.06745314891367311,-0.10456439921788185,0.047681402558001046,-0.12090467765595897,0.12918439998183254,-0.0661643925380549,0.11131913694150361,0.010794362220894943,0.002261052738026542,-0.025404485880347938,0.03207204210377748,0.07979710876594906,-0.15647619033228327,-0.14766525843158862,-0.04279238648736028,0.0864782330116913,-0.10551377376566923,0.1447469424766766,-0.07386569344746027,-0.03880900982894639,-0.11791408873902551,0.08639196544605729,0.07687183779810183,0.12473768858453535,-0.0682598244797837,0.17652905966307594,0.15266818841137583,-0.1341605080673413,0.059715762197785904,0.07742182305636833,0.13931901332955873
-0.16203261059596175,-0.1638832659098919,0.0810892157279394,0.15492434440823374,-0.17513862760851107,0.05075376612530741,-0.14341295393682474,0.008764721156242161,-0.15411139254125017,-0.12555122753194708,-0.12189120726836002,0.05537879446445043,-0.12863901700482075,-0.15896056787690277,-0.1413845364060983,0.0039634594315377525,0.15621559433523222,0.16219313511460057,0.1062733971857466,0.054779257283127436,0.14865756102538455,0.14324164854756502,0.06555751707743315,-0.015181422791019833,0.14600784251237311,0.15670825850209594,0.027496350985251106,0.11323863738355447,0.17543997621307564,0.03982355171692503,0.05588759881269201,0.12952221490677387,0.09240865824806513,0.12695781156710337,0.10380838288840835,0.10292011290349076,0.13172530076516806,0.16398660786741023,0.035481434374321,-0.12223280008554208,0.12670285432693631,0.1381060562971639,-0.04334788032776993,-0.15561127472949624,-0.06705604196045793,-0.11169299260850216,-0.11171690341030822,-0.041738150935449025,-0.04054181706693774,-0.10758513994887885,-0.07630081321750865,0.1343249131884194,0.17166703220135907,0.02228121257210064,0.12725620898370418,-0.039240305060932595,-0.08926320543241133,-0.09859334476816604,0.10102896654573426,-0.07542583624564735,0.007299741524746883,-0.0852715267599983,0.014621021718204813,-0.16137524293391092
0.05467372609323712,0.017770749460499197,-0.1516165872589382,-0.17120887886932407,-0.0724307201788674,-0.07152538355732066,-0.08049078067497331,0.1385260552685468,0.08724111351709604,-0.019646784207369178,-0.10158408315016196,-0.005837871078297918,0.06279228911633597,-0.02991600602088257,0.15684009213029673,-0.0660163621365837,-0.11066518633163153,0.06300896379940052,-0.04357551013285038,-0.16436416783594351,-0.07251108732252241,0.1608787784115626,-0.10946909765677534,0.03626890843065256,-0.05796487990163533,0.05085748634159473,0.11738125786951961,-0.025778033282201046,-0.013789563873400495,0.014380252200311083,-0.1065233595361667,0.14829236661267273,0.021025708453801445,-0.044777779054612055,0.02491865876167318,0.1388510103899003,-0.008828954913526643,-0.10342588704849887,0.15869687924701678,0.1765149864361705,0.12380553451672802,0.024137669847523496,-0.0015881655946798912,-0.016652276867298837,-0.08454870458420101,0.0630073757666664,0.13328135320113985,-0.15227777841700624,-0.07260558094925076,-0.004396809781108568,-0.09914576365752945,-0.11343555860166009,0.11229593836476429,0.018800713128067442,0.173550874893704,-0.17080855228887068,0.15029564835735595,0.1109722530304291,0.14960712454586664,-0.16383486886547907,0.11464861918666544,-0.0708254461676369,0.047079352187099494,-0.02321081951159637
0.16120233783751428,-0.1353010073892535,-0.04139930262710906,-0.17078709061822397,0.08020413762405756,0.1303137146909841,-0.12056055947716798,0.03841354330456226,-0.1017081906829783,-0.13199038534722335,0.03629564358125967,-0.10654937461919653,-0.027237238711732142,0.009256633414257004,-0.14514628029319393,0.031069059927092524,0.021472695413177728,0.08574420090971344,-0.023649487030677013,0.003639049029491359,-0.06401971559887869,-0.07601938023874841,-0.13596254304085703,0.05810836936019273,-0.16283625696245313,0.0429243472754571,-0.14116954112636831,-0.17573270573695593,0.0027041923615743757,-0.06867847866955411,-0.07577707773093216,-0.07940507261079553,-0.007136881235566744,-0.09497488454592151,0.17620997166450783,0.086313398013218,0.060495830502697384,-0.06117860239757621,0.1575344760840152,0.13937820860947583,-0.04602929013892315,-0.16919452436489119,0.026806937705582068,-0.05373553519605237,0.05328846646552837,0.07609655912475857,0.1655179348544811,0.054568742004537846,-0.1641221314634728,-0.12552276316272132,0.03257864153107576,-0.032010836203242576,0.010335872779545313,-0.0018654426869084972,0.04238647146077262,0.1206776141896739,0.10466251377953481,0.1342253743471943,0.034330997203479124,-0.1266590830614269,-0.06764818655978852,-0.14274343092042727,-0.11684013591901429,-0.042641736292323595
-0.17687945970420071,-0.11346290759217914,-0.03974471392737716,0.001370687753619343,0.0531253669086304,0.019236386669027022,0.16786668646539385,-0.04563731448619665,0.11432541947126942,-0.05407226131382109,-0.016087564672804533,-0.009895986361691422,0.041347713454587626,0.1674244370366649,-0.1255223741264872,0.17159912580528683,-0.13561703834368022,-0.10645781318843363,0.11561604856576987,0.028229671008011437,0.06293858367334779,0.00393915686953647,0.07792935663185405,-0.006970171506021278,0.13321275880322828,0.07120309800130722,0.04773110811762507,0.17808699769789724,-0.00289157610783497,-0.15987574248542205,-0.14546422285321609,0.07957721139696397,-0.16297746849053724,0.08520386970433388,-0.12199537926549836,-0.1801067168006011,-0.1323857976721846,-0.06138106826370014,0.020154051782837912,0.09618890888343298,0.061291750228661956,-0.1086518044445818,0.1772221792921629,0.006710157207339029,-0.004965769074426807,-0.07973561904821842,-0.12236847392551485,0.13544021403645837,-0.1769946475721512,-0.026385853580293994,0.016079569366407392,-0.1658993396640326,-0.11161236419680255,-0.1598404150149609,0.1759100365282932,0.07440776477190839,0.07453339873976064,0.11619862225437813,0.11178312923632552,-0.1336614018490419,0.143692168007332,-0.1309739969154432,0.1573374794089201,-0.16821669890308744
0.059683229495426315,-0.13448257372306657,0.11442772020472261,-0.03141298603027379,-0.01925175747873195,-0.029084127641693686,-0.0016373372054294122,-0.16826120555191829,0.09709562359237492,0.16043201186890285,0.035526083847338324,-0.0709907281670065,-0.11498194256402251,-0.04732277373303259,0.053424704369817666,-0.03736615446492056,0.1112228064588309,0.15887066049570867,-0.0950546780900289,-0.11984128906432714,-0.03121092395547148,0.05599879302374178,0.08532600820540262,-0.09716692626102855,-0.09346225371040556,0.015841128237413377,-0.05181795901144684,-0.0725285086159508,0.0076415665247612785,0.12072970735387226,0.004950546978301662,0.14820460695267743,-0.13616268390023245,0.14376880622056512,0.16024279369781688,0.1458806069106082,-0.118996648324138,-0.0985610699037116,0.04436823047214175,0.14144954355838754,-0.17645443547049902,0.10820322345090463,0.02787988102710892,-0.055733685337940625,0.07638650614742151,0.0057744362556585715,-0.1177416378772631,-0.1567819863509433,-0.013301646258290445,0.02550151447748053,-0.048767865225438134,-0.07010423289501533,-0.05533068323015611,0.15199695512097852,-0.17107920706937302,-0.03843425666470732,0.08780213702409836,-0.09603262953112117,-0.044001174711137236,0.010873377199667578,0.16132226762021243,0.024654122024206887,0.10689494153113813,-0.09189098806409278
-0.043330572503601006,-0.13130560719611592,0.03210770184098441,0.10074206182357612,-0.09188135958763544,-0.06318107387132221,0.13400117839274625,-0.1789438387068705,0.03297493994940698,0.00664396590086494,0.055562997149555204,-0.016557627077993298,-0.07957394433077844,-0.012501892049622598,-0.07574161325107744,-0.14161007077602294,-0.11465379554292515,-0.032151406754328704,-0.003990339318225122,0.06784517155823172,0.05377982593226624,-0.021361641881694843,0.0765125026687393,0.1324910764249093,-0.03588182545868515,-0.04683895581903266,0.17996205704604415,-0.04923033368067853,0.12345639977929554,0.05748548957397487,0.05606525062914208,0.028930365161063926,0.13843820682130972,-0.14743395577323096,-0.04681892830373055,-0.0532060401394259,-0.16997794535844102,-0.08105548709611239,0.12289702733429,-0.14723822585928026,0.17935627626564296,0.03152570909353647,0.08117685139157851,0.14676644104470818,-0.06964586281946485,0.00777130285665012,0.06505468669461453,0.10877775447846202,0.06621676555163766,0.16851218452067987,-0.0893635845018709,0.1703303458657253,0.038053148020228744,0.14425173735990834,-0.12239971704249214,-0.04791552622121359,-0.10192720834621087,0.052893602968033665,-0.17575470246729266,-0.12813736576596946,-0.03171121350674469,0.004800061564639496,-0.011407099073886623,0.1664635246344108
0.1461684225345313,0.1069140570924337,0.012708188149569977,0.01865898547313158,-0.0824300424616695,0.06757454617101574,0.049730689382660814,-0.018434972252338033,-0.011860097814941795,0.10236920719042611,0.06788813456871456,-0.1583423617653219,-0.1364522581687716,0.1382061608498064,-0.013337100791428164,0.00589079126739292,0.0934279110620431,0.0719482633373886,-0.06426146672929026,0.06519961651958159,0.11291880153550923,0.15912119628681873,0.008110250376879069,0.0683966623441393,0.13736907030843706,0.03391626466664349,0.12334111488875735,0.08614910980847965,-0.05249678090980045,0.1113053524068591,-0.044369034026932985,-0.028535343665170465,0.0915429504186007,0.06381602147203869,-0.06337441114865852,-0.14488138497198588,0.16816173412295302,0.04603514304558087,0.11708083813091827,-0.17575835014324223,-0.12606283442129598,-0.04437289270688918,-0.16780464441472057,-0.04863028675365666,0.16769699081004227,-0.0037849685223315666,-0.13061735124434434,0.026696589483983735,0.09169407064255045,0.06025019080398605,0.02929609654807913,-0.0054013836843226914,0.038045503899633154,-0.13710133274019376,0.052279082350024875,-0.14854874807807553,-0.0024480783443204257,-0.05402182741776526,0.04709851633597428,-0.16526756621325425,0.16658933731937023,-0.03710945901221302,0.053186011249602455,-0.12081266998452284
0.0951284082070907,0.16577653590170952,-0.0013431713490099362,-0.03290277158016519,0.12298750100747699,-0.17709903657923906,0.08932895169753838,0.058424294639779384,-0.13619375089547428,0.12622644738277675,0.11733781542603364,0.09394608609177743,-0.058259013995950126,-0.009643624370411996,-0.056281049204652045,-0.1423418009972386,-0.09041368737191104,-0.1088378512512211,-0.12914947698785473,-0.10443052759068365,-0.057284057210715986,0.0005629724396027935,-0.17617332924538656,-0.04927724844940365,-0.13598026878748481,-0.0335015912551242,0.08189145734021594,0.10803486249290659,0.017783165891206182,0.06480326029594213,-0.1545208892324893,-0.14577795704532104,0.06825082188048445,0.029174436271406035,-0.05346500598931636,0.14037369644558426,0.0780323669147536,-0.06126831932866139,-0.10207384290981181,0.012113534584674346,0.10338735182105033,0.050421948406955075,0.04846641291768858,-0.048281682856637975,-0.09862187624894059,-0.17872376859283548,-0.10080713624082206,-0.07780521498811899,-0.011730818327017667,-0.07761825096945744,0.043601025642948016,-0.036711567110164905,-0.0015446178007191558,0.06577847558428435,-0.17108341612629388,0.11743280037715179,0.0429829885562345,-0.15413983009537963,0.07016467602656742,0.08270699423952979,0.12580530177367907,0.09151169061965206,-0.03854633000352278,0.14501071098688542
-0.026585429238637076,0.057023603849043064,0.15737018333679473,0.16568610279548165,-0.1070553502588343,0.1431255388139163,-0.10742345263319648,0.07168827217242882,-0.07120994391261229,0.06119904691565903,0.06277509362404754,-0.1186747996635591,0.09387003103695471,-0.09701715803232719,-0.07269818437754466,-0.009646878728897662,-0.04368683206300808,0.039380450491442065,0.06547023859567222,0.13346987296080284,-0.01967811147442533,0.11910211635986498,-0.12528775917423268,0.15775151922098438,-0.06774145102905355,-0.04697000755141628,0.01488721960511391,-0.14045169569980834,0.04199352809821827,-0.12802241966698114,-0.004737258855343041,0.0267810455751111,0.02544730492951866,0.039650800065000574,0.16420783176283069,0.03381957402322752,0.06311657861320394,0.13820464276083042,-0.08278915909522323,0.18037467717655534,-0.1365721245377901,-0.04929110951795035,-0.11598748963723458,0.07719989237021982,0.15566999144448315,-0.08996680812731221,-0.07479055487451114,-0.13855604830266952,-0.04928773960569818,-0.11143864908091886,-0.06393644563894854,0.043210909554532356,-0.039978643485420545,-0.14747886523369258,-0.11663295829371895,-0.00927787634281979,0.048301983437366386,-0.13783931861563972,0.0862191195893792,-0.05122862981341972,-0.06748260787573804,0.015410618157977313,-0.15005159545458285,0.029874180133693
-0.054736913111846475,0.06420631139642757,-0.11522404660427547,0.0187723321658414,-0.06479920516192039,0.1693796507149901,-0.03970452869808805,0.11771580894426195,-0.14687226662515762,-0.15211414278753033,0.10556351406931189,0.16587949415901884,-0.03825186079453732,0.15292286352126425,-0.09412463259590423,0.16627524379829142,0.0645057732625002,0.14726754081473467,0.12545920337403918,-0.13636343864697217,-0.13353585451711159,-0.021958810203114854,-0.15780299156693098,-0.01756071320209379,-0.04870483663548525,-0.1296271418923528,0.11825754701056049,0.08803684702037987,0.0672511628569113,-0.06481006382174906,0.049665238145227164,-0.12902686281103817,0.12488285132231444,-0.11683541629266835,-0.017814685615429038,-0.10732569276674737,0.124457380879863,0.0207826527104589,0.13610457127662076,-0.14575590546978745,-0.1280608539035548,-0.1523741938518114,-0.07452270429549522,0.11853448590573248,0.008397249617032365,-0.13469897093764194,0.17281002745354693,-0.10586472566587929,-0.09428859052554656,0.059100129926611955,0.012186204675779438,-0.1705824800055134,0.1729253747263053,-0.1505088828575516,0.16495539901576747,-0.06882557424712199,0.0523103397820541,-0.17826177646992872,0.05225920104174911,0.17577516549519298,0.16499046938126447,-0.09385391912925357,-0.08287160418957479,-0.15676970068418133
0.09664581379028639,0.00076709451531351,0.007231839603532464,-0.06037965730306939,0.0730993063451775,-0.08266212424289456,-0.1475456218199988,0.1310032375510615,0.0567973735052974,-0.04058013760727652,0.07729959183988802,0.10464255958936211,0.07195348596394993,0.08709953509898763,0.14101614491665196,0.07493491536680061,0.0200632635817089,-0.07838532265092431,0.10996187058410115,0.012572798486505637,0.15827799429245423,0.12957398561101938,-0.08335725478040497,0.11012931673152268,0.01751008100345433,0.04593967887408701,-0.10086703821589053,-0.028658035440010138,-0.08536964446650225,-0.17801851374197566,0.1561028928760417,-0.022161383038951488,-0.12550442401301198,-0.04344684650225311,-0.006010929158597661,0.007904731882768884,-0.10715875637777143,0.029406620399871602,0.07056912298405335,0.020558977039238424,-0.1440934635539306,0.15670201886770965,0.08256977693007414,-0.09790944529604419,0.040324099894611776,0.13901296948449823,0.1702127516239735,0.0341334953856236,0.09708761801427987,-0.15877607583803283,0.14555562014912463,0.02978560634413774,-0.13141116093952016,-0.09127325962028643,-0.055374511318424025,-0.06438537050834157,0.10016080417130954,-0.02682966214773136,0.015203502662737456,-0.09784950999673213,-0.08937169996486154,-0.10473068220131287,-0.04645761701506826,0.10377092699201837
0.04509759896149956,-0.11177876161936279,0.14246897000781325,0.06657404006186843,0.17128681356541284,-0.000118271536426795,0.10784027978028962,0.12671157448304363,-0.05048288095662856,-0.06832000864005529,0.08430995729450588,-0.11289017664565895,-0.11128854787134361,0.08846261777192096,0.15306567547459674,0.03644356121065864,0.14843611566332968,0.007213605425627684,0.07702544285025117,-0.10937672651113901,-0.038520149498880496,-0.16086928845727883,0.07608690476008109,0.02012647095299469,-0.14436842404235672,0.04532522769859784,0.16278125854945644,0.022156924052285032,0.1621099278758039,-0.04162267135331038,0.07315028811761018,-0.0795495854636143,-0.1271115659077219,0.16481429416719065,-0.07048990086229753,-0.1502660170505016,-0.1434660455741118,-0.06516212675496152,-0.04578634905497583,0.10343111373471423,-0.16985976527264354,0.16067297540036315,-0.13553754606329654,0.11831066377298374,-0.1779725627011737,0.0797135265065296,0.17173044893479147,0.010575815033575853,0.033425940183009845,0.12609367450773093,-0.12948446747334905,-0.09392554657367211,-0.00450463846541635,0.001808866020011013,-0.012330268127053318,-0.0033375045412976923,0.07670107597104422,0.10298772453804925,-0.15990860719056937,-0.12234510503728695,0.04368054666940094,-0.17551041839907047,-0.07571960177430626,-0.16733838806265786
-0.00683815273468244,0.04641267623652906,0.012913028695336226,-0.06948489665255166,-0.06825347711886988,-0.07283573513891109,-0.16794908305028938,-0.15387779332609264,0.030839836277730515,-0.1301951682596593,-0.0954335764719551,0.0907080795679531,-0.17726583333548293,-0.023600059133610712,-0.10921935047985276,0.0558517792209092,-0.08634707360095437,-0.06321751693331319,0.03967180500935236,-0.0756480074170866,0.01758956649377255,0.08677152580377237,-0.12625713375171518,0.0581229075036272,0.050250651635118215,-0.14643527652642416,-0.010903328622997449,0.047512176550879,-0.10754383322025121,-0.11366053573424556,0.1680429489273945,0.051755898515144894,0.05555251986150769,0.13288097303455151,0.056392286866119995,-0.1612245031403544,0.14776964350409136,-0.08353168386373967,-0.16377622727367588,0.050939647783673214,-0.024294080178069194,0.09132106763344652,0.09435132369838925,0.06762951983193022,-0.16192984941993557,-0.05269853329028018,0.06551919059299646,-0.08885340958834524,0.0186541448116245,0.10489613487459251,-0.1254449246399689,0.14189031841458835,0.07350304782707776,0.09579443908353005,-0.12256941120791259,0.14100215395422275,-0.02469588922661231,-0.08976806996398684,0.10639641327115748,-0.13275102650914916,0.1052306309295302,-0.1289041084597546,-0.16508187165019045,0.06958842889616504
-0.04936017518342925,0.11896337080801597,0.12049633377686073,-0.11179507849507553,-0.10586674334649221,-0.017241958148004388,-0.17089701107648944,-0.010660827400606337,0.042393494405680826,-0.1717115994681667,-0.09035084987130065,-0.036120797877725486,0.005618646881096451,-0.14615406467110442,-0.07064723710317071,0.14064697801776263,-0.1773055587613002,0.16113496412761266,-0.0367515441463892,-0.146868522122919,0.12488908338632751,-0.12913838186446955,-0.16305691475774714,0.17740976367738878,0.0966577976227733,0.08032072463668574,0.05959686545935414,-0.01578383380393744,0.029875639684337485,0.02534917927490385,-0.16659844567616056,0.1440159478243145,0.0007986886106284286,-0.12349639803106745,0.022535002431719048,0.12737219580306483,0.1544003755292017,-0.06385069974285687,-0.12188884822809057,0.014381924183358208,0.08762501084519261,-0.13546856562927342,-0.026972822863550183,0.0005618205265920384,0.06629228724487499,-0.06490473370376945,0.06755610742076992,-0.026023152540657013,0.03746545367746215,0.11237932444306528,0.1727322410838528,0.01889846750797422,0.12114036431812977,-0.1506599099165238,0.1513253345525086,-0.13015394911161832,-0.1676340843102252,0.08197152130769478,-0.16915071034348717,0.12210596728916065,0.12388613639041882,-0.1774000656986343,-0.04975843513944425,0.027954388131463365
0.07181029465074576,-0.07743607312119898,-0.07579588803985257,0.177475890134458,0.12387418117488894,-0.09286243035597458,-0.10145469531070951,0.0157071854496581,0.07547369011742314,-0.17316128761575303,-0.10542410914475515,0.17332043079195678,0.008361098603051037,0.15591717968949723,-0.1716318809348227,0.09125876966151034,0.05428394111536708,-0.03788871465496188,0.07650473872946348,0.020453368202517835,0.05003098531409905,-0.10822830542368143,-0.0073147479352104194,-0.058416849350730854,0.15013913950851873,-0.10913810261668237,0.027999303795683522,0.1262244000870564,-0.06237006740859671,-0.025229995733939636,-0.04635172195182874,0.12523288078923459,0.1546128719759877,0.15999907711928266,-0.11479020764245168,-0.17822567732980016,-0.09497408805133715,0.016111727798483994,-0.09342210191152009,0.14758069802777588,-0.12900890584265118,-0.0721059962194673,0.1155700803666069,0.0604912531035047,0.0039240686414887815,-0.0950131938097772,0.14674227242221047,0.02038220084822187,0.1757201060546351,0.09337090208456891,0.13517210529971166,0.16286181674382935,0.034994755784982234,0.02486457274313683,0.04253938867602153,-0.010173267906014583,0.013363766701555146,-0.03706134205807493,0.056708656201567675,-0.10179283193476385,0.07578078054315004,-0.08022037083098986,-0.13581342221844922,0.0441690552996738
0.11141154714284865,-0.046431521822313,0.012294312730088464,0.16986011048554808,-0.0399505262722499,-0.14428565303029542,-0.1065974346636289,0.1617462026907023,-0.05121693479824152,0.0802126355799487,0.002352431944666167,0.009153500065607112,-0.1306774834824668,-0.11245651372270919,-0.07895464119236138,-0.10874977636963075,0.057529795165243536,0.005506826744335003,0.07526333387327497,-0.089937864216411,-0.15275285134733801,0.12968603916283614,0.0652551769290386,0.14519472202564146,-0.08464364291663905,0.026626558269635114,-0.027160054266514577,0.02925115908962725,-0.11720759532959997,0.0954671071570117,-0.15886452423892805,0.0896692311978097,0.03371145476647089,-0.11226983474359012,-0.16371381966458054,0.0914803970362976,-0.1243244692310739,-0.161740857835321,-0.03522720483414002,-0.06868890568148767,0.03637709080822549,-0.030700288516647883,0.07670300705606961,-0.04406379187694037,0.14565826132778656,0.10352171576696836,0.03746713851877648,-0.06770590932556497,0.14476971267776004,0.07524818446789491,0.10494598444916184,0.11874217621320052,-0.039848863550589225,-0.02797781863802043,-0.07002070969350839,-0.14665786623332847,0.09749045759318073,-0.1520912585565117,-0.14008291332862324,0.14889873391502736,-0.04250823794468597,0.17680635595622904,0.07147763404569354,0.060822897223657496
0.1501895644847722,-0.014115911944551501,-0.09304280086952463,0.05192320490377131,-0.10528646905692522,0.1476559028347564,0.0020411170041730597,0.040248094127271594,0.04231033087403288,-0.021204441675590824,0.04192222296248779,-0.08717213433200421,0.12737038383135021,0.033844350904161435,0.08130331138822974,-0.0322858825349536,0.12936615057007697,0.13223896963170903,0.024939288623463035,-0.13719257772108606,0.021879027447085586,-0.020176440093993137,0.022894193661196577,-0.00837558409266484,0.09148785560760872,0.10254685306701442,-0.1279120565542939,0.051260582063897164,-0.11103179248655219,-0.10506820361929013,-0.1542448481915497,0.0025509362357458154,0.003637223830301378,0.031058985902087166,-0.1045498145516659,0.09589037244972462,-0.10264264822236889,0.06707651911698825,-0.030694797019261033,-0.1301135043876906,0.07572240004039235,-0.13562041766662164,-0.08604394486882494,-0.12514032684060655,-0.021541649114457884,0.09645736838171146,-0.043222875530121635,-0.06691532927867348,0.014761605140534623,0.022150513244670655,0.15411407540129354,-0.1063962618591682,-0.02922060163384696,-0.12063064465275,-0.10794485102183714,-0.10370351820113918,-0.010691587376986056,0.12282623055626016,0.17110034725947657,0.15961599566125037,0.03193536201395272,0.1308175544906975,0.006539240602796287,0.035474762280853944
-0.03209779205599056,-0.16472841407248584,0.0904984363372626,0.034468251378355325,0.14146330966909762,-0.14825202529806264,-0.09874187306080062,0.12368560663754932,0.17766926364401106,0.15209370485066495,0.12798686522553251,0.17222837517391934,-0.10828516218952211,0.04583278838132657,0.08915420200138616,-0.043112944582281015,-0.001210355558268289,-0.1481865011645204,-0.03859763662770366,0.16757120966651975,-0.058979152058208556,-0.12433127804904233,0.14618627696100514,-0.14784905781972835,-0.10503407403761304,0.17363424220264798,0.06406040939461882,-0.061358310404456134,0.05713547871514166,0.09075657207822688,-0.08580328490098325,0.04194654682006582,0.08898996283115504,-0.15908816857725724,0.07748605693869762,0.12633679391220762,0.012423329316547937,0.14563128364397845,-0.04883356825311114,0.16742793352243282,0.04584735546643384,0.05499002071435988,0.14934174796599278,0.11723032808344566,0.15372020926448907,0.14710940594269958,-0.006863894377984098,0.04719119545626457,-0.16443259948847597,-0.12429835244292367,0.05571743256979311,-0.0298031162994756,0.09656733245002488,-0.09877707353813975,-0.004006718865296327,0.05464226220915755,0.030119373719699277,-0.05446813921823507,-0.07571672303514383,-0.17075216354647943,-0.03222937856559516,-0.17660202692299976,-0.08400897871088593,0.13857008587358063
-0.1801658455768239,-0.0729129460275341,-0.01448722944728223,0.06528211446179727,-0.015838724431508466,0.07853574317813342,-0.018226618507871162,0.08521778162753699,-0.10443887123203012,-0.11648758598921866,-0.14795144464016524,0.011728694990747884,-0.12080289094964781,-0.1425978479623108,0.05147478777679626,-0.1143109518935884,-0.002383363291331958,-0.02093691580343779,-0.02917109051637648,-0.12052912181360792,-0.011698296012795067,0.1693808971869454,0.10877208482081904,-0.1662078567293977,-0.1310847291227083,-0.11805716297966447,-0.15059971557602359,0.058748778724384,-0.1632487046084004,0.17962794160270015,-0.002924241676930728,-0.005439808230987192,-0.1209010248708706,-0.10684159090027333,-0.07857583659098337,0.15343160281712367,-0.02295167546750293,0.06140586846350257,-0.09071481953796325,-0.041473317828541856,-0.1554824861549905,0.1521637806699361,0.057093588604863965,-0.18035408422125526,0.03576324643679171,-0.13433378455719755,0.11825674734946548,-0.004735715518595751,-0.11513144620582967,-0.17947080086221365,0.1036633763833876,0.10157254750435271,-0.15686008410033755,0.0030438888246217544,0.11756023387876893,-0.09216995142087528,-0.11042269008760303,-0.043107762257352744,-0.10117467928607904,0.03991978178308567,0.130088969787903,0.010341760644398595,-0.07214078795290096,-0.1753827209073853
