w1_0,w1_1,w1_2,w1_3,w1_4,w1_5,w1_6,w1_7,w1_8,w1_9,w1_10,w1_11,w1_12,w1_13,w1_14,w1_15,w1_16,w1_17,w1_18,w1_19,w1_20,w1_21,w1_22,w1_23,w1_24,w1_25,w1_26,w1_27,w1_28,w1_29,w1_30,w1_31,w1_32,w1_33,w1_34,w1_35,w1_36,w1_37,w1_38,w1_39,w1_40,w1_41,w1_42,w1_43,w1_44,w1_45,w1_46,w1_47,w1_48,w1_49,w1_50,w1_51,w1_52,w1_53,w1_54,w1_55,w1_56,w1_57,w1_58,w1_59,w1_60,w1_61,w1_62,w1_63
0.07429215141662972,0.07057009898393665,0.1150534974838675,-0.112244632760025,-0.11549799026442328,-0.06864703319518622,-0.16546708682360603,0.017901573917575363,0.11397802094907929,-0.03925363388997258,0.16937869724407423,-0.13217505939894056,0.14386009575758815,-0.09113577699071664,0.10512366964072918,-0.14107221207909712,0.16817144886380497,-0.09667641446801359,-0.05800548385039284,-0.03746832976141954,0.00781476388247294,-0.04729386687527318,0.13739114901548746,0.030025987377094384,0.02694882173236966,-0.13181853619078382,0.02077865124961766,-0.03667221230782023,0.12124670681113382,0.07674588844554624,0.10365775162234474,-0.10930617660233961,-0.09718777032078858,-0.05735379988006081,-0.008523680135569246,-0.12000371317528499,-0.13570288549893805,0.11371536452702208,-0.09571725073164786,0.1444250100633621,-0.10107372351977303,-0.12588363916735193,0.08671883913731676,0.01526986220409091,-0.05018314736232286,0.030476690961829884,-0.0395840730297784,0.08485151804756312,0.03322622263564545,-0.009127174022740756,0.12933912994780625,0.08144675259833045,0.006214646209425501,0.13354943827067772,0.11209278376592231,0.07604693990912025,-0.09438164424032405,0.09773039664382308,-0.12976492320285707,-0.13104008812689155,-0.012012002600640571,0.05385067952003324,0.15519800907875228,0.012321666740073862
0.1112342283010517,-0.13935050203432342,-0.11073718744142344,0.015499605786072708,0.10317777395736728,0.04226514669143799,-0.07861644123455747,-0.07104085053084808,-0.12330041674860225,-0.04609688460021212,-0.11289858531227129,0.10698848239214213,0.017474661231448453,0.08128965100798048,-0.1487870636949274,-0.1351534517932752,0.026120341170884978,0.16974183250290992,-0.0009343119992841105,0.059379258965737224,0.09206506129288625,-0.14381250886111763,-0.0988204693995005,0.054585926805646875,-0.08982609017167376,-0.06144656244003576,-0.06930691520569753,-0.09760783153130247,0.10986440261516606,0.004405753002833259,-0.007027736799595842,-0.015372735004780048,0.05791812795566867,0.07745344423815012,0.16736032154809974,0.0292047028933625,-0.028211991987718683,0.0360317222626379,0.025858107117561008,0.07369663421260542,0.08639825285523604,0.08314223984530006,-0.014164156872022928,0.045177869500394756,-0.199871854397297,-0.11339986145994187,-0.0825409501319015,-0.1120349540458353,0.016205615718751176,0.004836587371087279,0.05394451904893894,0.073184866646649,0.05808382848793823,0.006298110251586254,-0.07034480678255818,0.19234898138238185,-0.1331795976826882,0.05864714219638728,-0.06361195121168305,-0.010968116600299166,-0.06036317429439902,-0.12097105724315582,-0.02584125086763691,0.044926287646186565
-0.11551769495554078,-0.007486657282576218,-0.04901728677783655,-0.04589011232997631,0.06055286578007947,0.13117774728977277,-0.05464366515564249,0.002365837822994099,-0.12346051020737306,0.047098876008953,-0.03738247445847773,0.1453837259513465,-0.032019718245055034,0.1408122261101523,-0.11116535870473089,-0.05903621753279769,0.018438067010807888,0.15522315270156783,0.09731555979858666,0.03882880998154117,0.042547346365909344,-0.06090135965886645,0.10506573959795693,0.11160697807399757,-0.01626384185844807,0.04035305104900867,-0.016138750766255813,-0.08335038785024369,0.09921823834671745,0.045555251289062744,-0.03280035433715727,-0.026583226834548567,-0.05971298005511015,-0.005983857863313212,0.07067127535374954,0.09612437932578889,0.06447912616223794,0.081543981478465,0.14147308387449825,0.014565326661559987,-0.1747363110444038,0.004107534802898676,0.07848916543814052,-0.0848626285050607,-0.01612666402550833,0.16191240623386616,-0.16055031473772907,0.07878365688180633,0.10502644558687896,-0.07090767722084856,0.015226505004636097,-0.03827653081677186,0.05065657215394909,-0.14302201207015125,-0.034520719029170976,0.06089417707021571,-0.03202722248499683,-0.039599674701349466,0.02912471211262027,0.018085764640353087,0.21742894167229326,-0.003034312469004142,0.1371683054103624,0.08725433570660796
-0.07758380655626883,-0.05221529651435034,-0.13748034886808333,-0.02463049900751861,0.029553437184814898,-0.006736491758741061,0.03784238956633899,-0.010674348469451835,-0.12431398853220452,0.019012905063221702,0.18521368963950624,-0.010587587307582972,0.15650511601226066,-0.1195658125367209,0.01787789124979496,-0.022380463844364974,0.06579639259859665,-0.09897525382540931,-0.05994499782323834,0.004595187000192675,0.1578438699790107,-0.08636099329125893,-0.17333294510056477,0.02119970112276202,-0.041918322351383326,0.08915890811092606,0.07237661469649025,-0.016574511967591753,0.19503461449551412,0.1007806864693358,-0.06753780149857738,0.12263995241656622,0.057602254948396665,0.0185773605932613,0.037577329962475675,0.026330561271906184,-0.17333748674695806,0.14336252786242493,0.07162956848239534,0.10830717635398651,-0.1261542708040694,0.12674912950747055,-0.1768009079862952,-0.07043440255404611,-0.06834927337020527,-0.1354921618952998,0.01189958074879281,0.08325816444916907,0.09878692563211874,0.04002335434365073,0.0491587641449732,0.11790742160349936,0.026512228397784027,0.11191627156276678,0.0010527558217699523,0.09580856817550533,-0.03839974623609292,0.011465973363886437,-0.08371607129517097,-0.010407124622935728,0.13628112306093973,-0.001926211938612067,0.0066418667541891675,0.09379724612150261
0.1692357114280031,-0.14628704365286568,-0.15090910291532295,0.04222615412536596,-0.053993383468395474,-0.14209505254187157,-0.05376892860995045,0.06028962458558519,0.11578534970623855,-0.017574172263045484,0.04902254528328027,0.05590274144083271,-0.03898026094678449,-0.027012118380899678,-0.16433695801368042,-0.07070198567805541,-0.0990622353861591,0.05932324307177119,0.1077798513169864,-0.05247321546594909,-0.1401052190320375,-0.05435803962024351,0.026267578712312754,-0.10972751213771424,-0.07486902768025881,0.02425470944038305,0.020382204499649472,-0.13278429960580992,0.0423877488822665,0.12054506896814937,0.1539183686586392,-0.07138685222624205,-0.046957254982881245,0.09516462200295792,0.10769772891158141,0.021908398733861814,0.030452638676669083,0.12621377944292284,-0.002571076382247698,0.09619299797411059,-0.09021700363447449,-0.14518703054569135,-0.03731623860820512,0.127314460188424,0.0017440481609648578,0.06299350639467421,0.018870606087223556,-0.1014750209628041,-0.04058710082536318,-0.04503033805491392,0.14028514284027452,0.02590626129106253,-0.021342098228634365,-0.10346618704162006,-0.0770096038839912,-0.025932899768076403,-0.024801346414794003,0.006969911025007888,-0.0744858167182958,0.057649379085180724,0.22085583032478542,-0.03962368798976427,0.01341684331066505,-0.07372146165416184
0.127197972368854,-0.025907457689508005,0.052267827624187434,-0.12247411015240374,-0.01234422265766004,0.03366981555131508,-0.07877938239970066,-0.14849281184702862,0.1153577368283,0.04731957329347291,-0.08311539975918299,0.06867036610141691,-0.0667538272803167,-0.1389775627958945,-0.0308341314751677,-0.08906442103091361,-0.012976789578035528,-0.09405267151289949,0.08157871995784605,-0.0705982570000574,0.12669726228885272,-0.019800003649696047,-0.09002007027054976,-0.06632340271039186,0.05489282258447585,0.026193362169578356,-0.03950641660671053,-0.005583820270142808,-0.043967390260899,-0.1191220090161981,-0.0814543837780607,0.021111478336607547,-0.013812510664398625,-0.04945919255069883,-0.0044035889472752296,-0.0719267371170757,-0.12912031980946648,0.03349833268119084,0.035759677253435825,-0.117162153620675,-0.05705136543560845,0.12065339799197096,-0.0185502287798274,-0.09144391022985077,0.06034850334141471,0.02358207661674386,-0.03408549454460292,0.13280808669525526,-0.09814117380628994,-0.0395701241106409,-0.1034407209714546,0.12320920864387992,0.1153657261692823,-0.006272919433139406,0.04569265361633148,0.14424865337962547,-0.13380469275041107,0.01242928575052949,0.1453118771242843,-0.018199363352871444,-0.02047708166249875,-0.1144185384313982,-0.12103482131269712,-0.11332090526455889
0.11033236528967848,-0.15787434486956345,-0.09509523722857924,-0.012637455746092902,0.01748740832372049,-0.023591242201532366,0.023332299264164854,-0.18124386091931666,-0.03502884434251315,-0.10197883245587809,0.048008901275904126,-0.13499762408057434,0.11947420450200419,-0.11441577587308115,0.05941858490486335,-0.049129950580806755,-0.009555745246315445,-0.029490755383141883,0.17655468758281295,0.07343918272911558,0.13725462498069219,0.0010991483986698676,-0.08476138323499711,-0.0024301439757354795,0.09596801572642824,-0.07397456210131961,-0.07243813291912539,0.05155598620151714,-0.036605444022443964,-0.21226021774112983,-0.04597653812303449,0.04557223666769563,0.06486536466672338,0.036925575953325775,0.06802585986870033,0.06096316688852526,-0.21911899410010785,-0.10183023972371319,0.03831155865020754,-0.13370973766453711,-0.07010749416051824,-0.022595620936550417,0.13196074372573002,-0.02563898106232114,0.14358065790276203,0.09159499155817716,0.12211552959058306,0.16650435119429305,-0.04007061594000048,-0.1043799816795925,0.12420570986511233,0.07838909581047905,0.10609547685890226,-0.012321846886114004,0.011681909082461299,-0.12893961194967643,0.15243301250458074,-0.029780263690773055,0.11589289909436111,0.08400419979325542,-0.002736376424648934,-0.08740338061738435,0.08583330733051169,-0.03200340229509922
0.009408228391247666,0.037696934670676585,-0.02700108841306726,0.03894611599850731,0.08522110457570127,0.0687240316330166,0.07160768640598028,-0.08760478872180305,0.021069328171112473,-0.0449610035030496,0.20480405340460617,-0.025080188031623984,-0.03315715077686235,-0.0030717141451003234,-0.08755963677529849,0.08333982388340302,0.08239878520836894,-0.15238422368191692,0.10352927986175839,-0.028438100838623734,0.09729732592956453,-0.06548874851443444,-0.14003799625102245,-0.03150734312084467,0.11487803174617728,-0.04827279377125256,0.09116833202814692,-0.09887069548069279,0.01211246014127699,0.021269086105553746,-0.010539781908357804,-0.0019277086484146137,-0.12643768529266958,-0.07639468081009705,0.10715684216296519,0.04637845096589578,-0.04131977164632782,0.11827991149454775,0.16519770003653675,0.081654486026643,-0.13751208075124718,0.1468880483825409,-0.11130970269988186,-0.1020713911297021,-0.12658392407425506,-0.026852978184507985,0.05085798584149805,-0.0068238327304203945,0.01704091433460637,-0.06908683144690404,0.007476578021086851,0.13241763636657763,0.009510880702310749,-0.09249590483497125,-0.08149881259548836,-0.03895063887274144,0.03375058101384112,0.026468299795447348,-0.052033258207600075,-0.0037793774101791025,0.020617245352979176,0.16566195598293304,-0.08946023644138766,0.018304569987805493
0.016315737597843737,-0.07964139730381371,0.08801331860287186,0.047904081000260335,0.058958854931802175,-0.02732996878797365,-0.017192893425956687,-0.04000163871910219,-0.17252636540948602,0.06287876248911799,0.16973111408549463,-0.07012020325828702,0.08540416414017364,0.045317704905127563,-0.04577748195637064,-0.06899305106261577,-0.0613918921794489,0.06861542410159896,0.030092733136627567,-0.09253368152484082,-0.021343545007681795,0.019034594742215253,-0.018266896412311134,-0.08255882724554174,-0.01990412122650311,0.07485453847002771,-0.014888318286155758,-0.06611905454353083,0.035341362558460244,-0.06979417343125884,0.10563803298122423,-0.07200777395376502,-0.044823637989154785,-0.11095191207119724,-0.15910302309558336,-0.1339308126545303,-0.0053750147660688455,-0.10559914868520551,0.14840911849563765,-0.02653533244610361,-0.04025498906907877,0.017778456610221993,-0.010025507910792989,0.015622962322947874,-0.17030951626111168,0.17503826251345306,0.10376234359106323,-0.09700582774794664,0.11361128227559181,0.04613361133198927,-0.04450991674085741,0.19499359912038913,0.03694479515267377,0.061225334957975955,-0.02266914904685822,0.18269734021605397,-0.059518358601270464,-0.02692435485380422,0.027412933232809786,0.11315922282606289,-0.14726758006654125,-0.10063068777931827,0.13937748400467648,-0.05022446337534496
-0.03844522652210788,0.05270598797448947,0.050782919802206714,-0.12184155893091747,-0.0354470844496334,0.08284040647667006,-0.026547781238664202,0.04486625698641648,-0.049243714788825985,0.03908421641835957,-0.07019890681120435,-0.048639270706878984,-0.06150735627645607,0.08928950896701437,-0.047889364825105626,-0.09957566693110141,0.085202073551838,-0.09438518893186235,-0.01849900497189354,-0.09822150197331256,0.021452867005079045,-0.07432202345228518,-0.05924686819915647,0.04527220968310116,0.04904970134445016,0.015478364374944474,0.028398508631577283,-0.06513392819512412,0.008276371267474852,0.04020938714515379,0.049519524442719384,0.05127292153355623,0.06827211276127586,-0.08202245857313935,-0.10473183133900661,-0.0770192590650594,0.09755853979939748,0.02789997582593426,0.023732069842189576,-0.026858301597355222,-0.16477967502216403,0.10660487498899951,0.03538134379184637,-0.06292770687388184,0.04001598901173965,0.019075943187408607,0.02676894827551348,0.10951184938663425,0.03403935460994041,0.11711320226224022,-0.13352584253431823,-0.007024830578069681,-0.06792940879685982,-0.03998934284027167,0.010829217727935223,-0.03580537417641381,-0.04226749126093725,-0.021435264835280715,0.09517615057488729,0.05686627943824573,0.043534859144305015,-0.03263218865955417,-0.01727798665870234,-0.19205923989849139
-0.03669049804446592,-0.041309731102532825,-0.13736436023537058,0.025545023665402518,0.19196733230152582,-0.15643497870485526,0.06701058400983383,-0.1275768826485024,-0.0011204547308995864,0.044328921238426244,0.15654699325044244,-0.08250570882172746,-0.009197325630641722,-0.08615382966961983,-0.06533483670651163,0.13368887378597413,0.09002349871693525,0.07701727991992123,-0.07669767460126352,0.0693628168437685,-0.02804888022516012,-0.09030899031403368,0.08254909691077472,-0.08695433446757687,-0.13656373159366136,-0.11761734865324505,0.0288635292063026,0.03064034233391413,-0.07464574480383512,0.04696562942405459,0.12402926017894539,0.1408741263788377,-0.04036170563244147,0.06317243957850516,0.10116946993423123,-0.09263368612082698,0.028269651617645945,-0.030159394695231063,-0.12690083556105505,-0.027463544476253383,-0.03283999690481705,-0.06623478684536566,-0.09076448549204032,0.00790997476113795,0.04134216725764244,0.12414894752514868,0.0007453419479193841,0.01070789112126471,-0.04719582141809173,-0.0650501073370298,-0.07428160041346048,0.11021167861043943,-0.010793744808567212,0.0909259635232823,0.07140652635027428,-0.04863587261025984,-0.019604933124416125,-0.014762324974980465,-0.06008992189041925,0.052264029461829356,0.17120691575283878,0.11505812588418177,0.11541128085247876,-0.1766234582225342
-0.09167857043514838,-0.15221300238289384,-0.075462145324845,-0.020206074505460667,0.15131584190410494,0.013746696662773814,0.09662352856578207,0.20895735418181619,-0.1470064679690585,0.11990614682251514,0.01404126710919172,-0.025633357567984173,0.0969243436516045,-0.13291419979322902,0.11530893650873124,0.0682664223887535,0.14943400088199885,0.12943354836035312,0.016158493825530224,-0.1572969479423238,-0.059515257339999024,-0.1457701405461473,-0.14501840534178292,0.09932348677705222,-0.11674479918097486,0.14595352258857888,0.05032022757187825,-0.10971156736989214,0.008288768170938389,0.04928518017229076,0.052185421285788416,-0.027882536318204178,-0.15062121587844815,0.022359020720842487,0.0419011133943132,0.048090340671082435,0.15049916507517838,-0.11185476942696583,-0.10397957842451472,0.10871913477616645,0.1615889791278993,0.02596239308237308,0.027463677642576456,-0.0733271737773375,-0.09263168499835187,-0.046190346881028854,0.03332945930932105,0.0730817869390332,-0.052911004309818946,-0.09747086077437137,0.00822763059182472,0.1397345543259406,0.03901115013257146,0.15570460419487012,-0.02062932189460231,-0.018839848209110364,-0.12441342597320293,0.002496397558777233,-0.0038675993231517755,0.05710779312517483,0.10494858560050695,0.07602002692998039,-0.09834380652693633,0.04814817609283923
0.003990555931262082,-0.037563567325440146,-0.031577286828023285,0.03674720478814073,0.03339271966620791,-0.08342462548636656,-0.09705061357906358,-0.056995310336336154,-0.13243397041700417,-0.09961486134188484,-0.09330127895428056,0.08417641407129088,0.17258598523878996,-0.11456512454697028,-0.008560539756520703,-0.07756713022125322,0.12018813964806387,-0.13122848734146902,-0.06869378010280393,-0.13688430310273808,0.19121169795838913,-0.03241887462255709,-0.14397040245562642,-0.09518609067707393,-0.10324566847092753,-0.14147943502983662,0.05235780474727548,-0.035059824860758496,0.031059976209562464,-0.06348343818554908,0.019825516717445032,-0.06507009303303957,-0.15084163764622757,-0.0018179485756633135,-0.03550812307911774,0.03148506945167628,0.1886763363067487,-0.1227345547745184,0.13673542411750675,-0.04770527305911112,-0.042419432752099126,0.029050614550670813,0.10135548319347495,-0.06997372575784669,0.05851480482272936,0.18377961934165096,-0.08541954010362304,0.14477671974291,0.0069015025708275,0.13292027958575162,-0.07538516555516624,0.10071390572384457,-0.11271212848149194,0.15617772755753512,0.03560608165025302,0.004651807767757792,-0.15046056234637606,0.06408702298270134,0.07590685945615701,-0.017161908987271227,0.013058688610302457,0.08902332366442603,-0.07406128865163422,-0.14763539488140948
0.06570429037216764,-0.016588829637135837,-0.046525034123456724,-0.10682632114235822,0.14858363746631512,-0.09540428908056324,0.010596567536961643,0.06772599006656627,-0.1655402635201903,0.14493847134452004,-0.005127718671713285,0.0961981877211253,-0.019439741527261876,0.05172810497494174,-0.10134200132224916,-0.13231914163543596,0.1465094495703365,-0.15091838513406947,0.12349822006759835,-0.06508805428624533,-0.046102873744100395,-0.009426321105343544,-0.07331544373451424,0.1159810540962124,-0.0037987439577902085,-0.035543890418571554,0.01765955389504441,-0.028459943063297726,-0.06676119366088076,0.06923572552150985,-0.03999626705079733,-0.07378257128336947,0.0509659899159724,0.09346303772291578,0.03344836291178697,-0.08485547456772782,0.07477236723305293,-0.03620758640908142,0.009070281842730066,0.16662085430344134,-0.12570507115000898,0.016160982648362354,0.18405260683377037,0.09843774668740886,0.07972793853390035,-0.027535131613306816,-0.06420156178438229,0.13852498693977133,0.04667114643800891,0.015802822253607504,-0.08911639305685837,0.06764352709838047,0.03125508157226444,-0.044548113240450396,-0.008515648482561632,0.10786493560860974,-0.164563516949796,0.011658754349732268,0.06795203005978873,-0.06020323963784215,0.1185024952527346,-0.11356609459086497,-0.07033495366728083,-0.02472673829420982
0.0032212398907818006,0.1558795973266657,-0.05574425039839499,-0.012277394141421462,-0.15143413705182454,0.2223832602175492,-0.028901208638930233,0.12166484272861837,-0.07883303060801497,0.059156028917428966,0.05815660946104632,0.08535543347070564,-0.11403038560790978,-0.0002960889923446866,-0.06054010145422255,0.021216130201479378,-0.20017863704900307,0.07248710649715265,-0.01154688285609822,-0.06825683156519596,-0.025479513396669793,-0.23339787876718987,0.08475972408171627,-0.009265945182911897,-0.07505723463162782,0.03398191708531413,-0.05605546066233382,0.05191177638255441,0.11496619140602507,0.06227103088636329,-0.10145737310951108,0.1555419819605312,-0.015592271929270799,-0.15167214549821734,-0.12285837754677172,-0.025408229146980814,0.055665258254434004,0.0726971154257202,0.20508378432248997,-0.05061903715526361,-0.015751675033073974,0.06496109361475166,0.14272806684796843,0.0905668721034475,-0.14502005548660593,0.10505158671188913,-0.1702913701122902,0.040373827825917336,0.088849859235295,-0.013671768702514416,0.048387514132626146,0.12087339964055112,-0.18718189607697222,-0.001118137869734069,0.06381635224795852,-0.011241641721191416,-0.046642358823507306,-0.08392963339165176,-0.15342435319985925,0.09577776775867493,0.014616366794896783,-0.004467235050857896,0.11531080369520068,-0.1207700618675281
0.007950269809167979,0.043487774865938876,0.11302718653910121,-0.15673102758196156,-0.1664068076721778,0.09396238212465619,-0.04180266269556782,0.2092954296397354,-0.15366340812401813,0.020665465326052006,-0.07862332175622198,0.04283983266011164,0.13862787908070634,0.015234186877467611,-0.1648749150947539,-0.006677280387873777,-0.17740743157447197,-0.02172875490173817,0.09782324722029176,0.02417077090578019,0.11902978674406237,-0.05963409290488229,-0.053494345553963915,0.1945105356275548,-0.013020900127290765,-0.02030386979115051,0.06425475247140292,-0.05307170140043593,-0.11028719763916409,0.049861300278885565,-0.09145083779055221,-0.04929018749047586,0.05459059489324765,-0.012155210775559875,0.12066153052225241,-0.013918490800252864,-0.0364477156379596,0.06826673154317084,0.10456607066629062,0.06416246290422613,-0.03206716009134932,-0.06261190067560843,0.03607350325758946,0.08177144128690007,-0.13512504886282886,-0.026103128257950213,-0.0957435719123702,0.16947726601433752,0.08262981952867753,0.04713048907895699,0.11907048041803152,0.15041202418260904,0.11708816559795084,-0.13653955609378995,-0.0078063216104750305,0.12463921721477966,0.05188077286041946,0.0009197696387122605,-0.1257179140609872,-0.016171039707377776,-0.039503363706331465,-0.07129630211655143,0.027390071229716383,0.11866860856904032
0.14322632557921702,0.05450869077185143,0.023471701718161594,-0.040693965213049195,-0.056864948904485874,-0.10292101569764847,0.11270443289701691,-0.007278018714380741,0.036221684402896706,-0.0922919591581775,0.1558765880836632,-0.08046365295486345,0.1549010538767226,-0.06108055678082792,-0.10823256070104298,-0.027867776011579203,0.1530418299205225,-0.04555320105754102,0.13364989483775078,-0.04686123504989919,0.06331364288413886,0.06360823255999283,0.03664228025878276,-0.058384871716414835,0.061464125626469725,0.11943355962475047,0.05090380764122293,0.0018062927131692892,-0.07075595787748207,0.13229990715511103,-0.03820748586246225,0.10817004892464471,-0.040651490958414103,0.040965783003428465,0.1069041832601333,-0.17101207902304677,-0.08424997313120695,0.180436694256788,0.11324931163851122,0.054355348209011445,0.08096844584680359,-0.042422822137666405,-0.007158005092387146,0.05752987882163177,-0.05097752470998808,-0.012014586509527296,0.06137130240025473,-0.13362704866927713,0.0924464403971376,-0.022418010188794576,-0.1546569888278662,0.11200416402411399,0.08930817565799462,-0.0979035475890232,0.0022197171476578998,0.04491094810500716,-0.10411891251313815,-0.07218614321622374,0.026635814928272373,-0.03537838411929119,-0.06938424587738953,-0.028366823088494992,0.028872143193197607,-0.09993363842858716
0.03858498780421788,-0.18621896898784773,-0.17352865541065496,-0.06345801772203952,0.030010667107455556,-0.11580561053784623,0.20183735412399528,-0.15540896777770266,0.12891893894890735,0.07026139705383927,-0.11456024409953527,-0.01083251113803758,0.17559471250709094,-0.08645587008554823,-0.1932805858285607,-0.10741034697817142,0.03769992952569575,0.0056750440273048985,0.111047612262891,-0.17011924320060873,0.04744305230496725,0.052608971527041484,0.1021363709670832,-0.03861327964475651,0.09442267648869548,-0.10827985279082512,0.004190822874499197,-0.10417232816226137,-0.03426309578192412,0.027005387949583518,-0.018641613834847543,-0.054400941765017787,-0.31773662147849985,-0.051445596299945294,0.027635566935653826,0.11619581918828513,-0.000190379012731556,0.13788065180559492,0.07882147020525937,0.11596161125203855,0.1506990682116385,0.17574497158047694,0.12649410683902415,0.0873812500713835,-0.11079972170752486,0.04220590784194527,0.07920627479810947,0.05158450742520168,-0.0656003729994121,-0.1492226443581353,-0.018162597006309115,0.2848617019064964,0.03812924276321968,0.0927818694674694,-0.15918528467428647,0.02587249038511673,0.12348924690911599,-0.07937383625455309,-0.1511184547900278,-0.15281196531948713,0.2044867680401652,0.03084412467388109,-0.1868196614745016,-0.09713493989553587
0.12379037392925848,-0.04540052398021896,-0.1458302277397457,-0.06743293262790737,0.11481816145921493,-0.2330227520712413,0.10653299403784185,-0.14712214419009167,0.10062132769602111,0.0734036519257815,0.13990986714464482,-0.032851354291837886,-0.07196056342046234,-0.053557534622415644,0.026040188087240193,-0.07472261302092786,0.046690639217058925,-0.04479608124247238,0.06392920898137505,-0.06682168940187826,-0.07717976397142269,0.04625101427540352,0.13963912677610607,0.07109275173544298,0.07612960090828785,-0.07957302474745348,0.02814711274283253,-0.11514786471485992,-0.13322645560339508,-0.19994700231192875,0.03217576875112846,-0.08579444346952403,-0.22232974229715838,0.02573448232191812,0.032840216761906946,-0.05743812456015628,-0.034454887068854724,0.08499387937199922,-0.10248555657382312,-0.10006102615445343,-0.12270489489197113,0.1056670984350412,0.12025681670710225,-0.07305650466973695,-0.04271148464906733,0.11245968528707845,-0.023837127727582383,-0.10472723694621915,0.016682398020018634,-0.058689314892459245,0.03152593236793352,0.16162991058037576,-0.04975071331570033,-0.01637819698042113,-0.09496617469508636,0.06484853393781975,0.1483543606410229,-0.1592712343679184,-0.08569166972697392,-0.09129998017339623,-0.05259295200166327,-0.1029071163169046,-0.020868505069721818,0.11414983609345881
0.1477550258208009,-0.1458848142791422,-0.1398557252316223,-0.11066739719451206,-0.005622860335239025,-0.02179405170406389,-0.04441212803228886,0.037635853617698944,-0.025463674494349945,-0.014338750081659158,-0.03343842461322435,-0.01555768857331164,-0.01729422671436334,-0.0628516653232407,-0.13722681055183852,0.06357362040422276,0.003580949826467287,-0.0629301722909109,-0.017467606215819356,-0.08208341683314452,-0.08704461704800935,-0.0849175629397719,0.02230651351642705,-0.040947049536064935,0.04734644825116712,0.0158369362070949,-0.03148323519424087,0.03549935734420719,0.07845258948495781,-0.07588340388956626,0.09574140277357036,0.05108168113713231,-0.1925147868043763,0.01155597793379291,-0.0058163832394392085,-0.0699821730207687,-0.08812188059249158,0.11657684271799643,0.02732301735021208,-0.011863324086040607,0.09339740996160706,0.13848514548501903,-0.005940656563786921,-0.10972813138615674,0.09480044601156322,0.05026996494456176,0.022494123851959088,0.1579093074837221,0.05008150766268069,-0.04199321012260734,0.0550542832061883,0.2204916290482041,0.08666061140048496,0.06822720491564174,-0.024772532240798922,0.0463063345715868,0.14032468528156414,-0.06808724129165418,0.05491451333592681,0.08586122304691661,-0.012209472057765808,-0.039195469018374014,-0.15469178068314401,0.0201276386502181
0.052056257164138475,0.060105738058256857,-0.028559000858106733,-0.005831308396441517,0.07638376996994978,-0.03390295494387468,0.0327482983754364,0.013100443405888878,-0.07461839969314128,-0.06237418204738511,-0.09569765885018441,0.012425748602722605,0.018625082831798593,0.05988327872694024,-0.1350079730368855,0.06440129755072274,-0.04154570981057513,0.07479335662441322,0.07851496872393667,-0.011299964211144067,0.11531111162404184,-0.1586900589317661,-0.06516635527520548,-0.05751648702268861,-0.05383862178493081,-0.09704870738951422,0.12374583511807515,-0.17755305136422436,0.1412298089302228,-0.12748360775063308,-0.014019300925206145,0.051160998887097846,-0.030265881381713003,-0.20871596718176647,-0.12458359536531273,-0.1818674351894305,0.028315115335488854,-0.01687653964091302,0.12278199934313572,-0.09000100745715685,-0.053439647837655306,0.09342441131813504,-0.07013010256291718,-0.02375060141691637,-0.07765985174136593,0.10562312563721964,0.13191730808199967,-0.030106431834749172,0.10753101586864665,0.16205718884648865,-0.034022927769900256,0.10462265419277975,0.05976454254286239,-0.12788535130226383,0.11098990578321674,-0.07729545529037622,-0.07228599980140264,0.02099236175433035,0.04978834111548874,0.053291128872503604,-0.07993157469867442,0.06870827353823217,0.15055951740665502,0.0789618193511718
-0.08938390368393703,0.21735621717120132,-0.017008206249157883,-0.01729110228421889,0.013953611831505768,0.004199081008600254,0.14050008133363878,0.06534157203857016,-0.10485535181877795,-0.011556567682435607,0.13113592831993015,0.08949086026744711,-0.12576658555037984,0.08298243859097938,0.09875907690051301,0.026858084019266034,-0.010609483597568867,0.0006228064751977226,-0.17329857081108582,0.06029149976483813,-0.03878233796719132,-0.02799233982792985,0.0594451606080432,-0.09574572091646465,-0.11040017242871585,-0.1386896865169166,-0.09412805906849007,-0.06863205706307027,0.17722112646552185,-0.08030135306419094,0.04882807162156482,-0.08902813878144046,0.05439020456781747,0.18504523184730778,-0.053389494539006106,0.05463581049550963,0.16277861241044717,-0.10623982006334384,-0.010319780406707902,-0.019218201934169385,0.09050489551404488,-0.08306423702991424,-0.013334946245561972,-0.055975168481807204,-0.13116194762593353,0.1292975241240497,-0.0515907177113723,-0.020883308650670455,0.06457745985946033,-0.0195289081416316,-0.047615182239294125,0.0639895137196402,-0.06868782709831103,-0.04071031108933965,-0.16147985385975017,0.016933474547322146,0.08484506395004794,0.06226919785272952,-0.09899582820617384,0.08997216365727306,0.09812144879852089,-0.03314763473006039,0.17970866763367616,0.03568406936756136
-0.05907188952070099,-0.02899297512862533,-0.11664915680722289,-0.10183695254621628,0.12132092393214453,0.09840767568926365,-0.1476267874146545,-0.0251202474149008,-0.03538411391087554,-0.00705483925242263,0.061465652118627916,0.16350443757839678,-0.0390228718449532,-0.05662829254236339,-0.1111132622513159,-0.02057120567859445,-0.011658211050964321,-0.01228204507407798,-0.12871639706785382,0.06252069495247556,-0.047050276607685376,-0.05735236495599553,0.06912738454643552,0.08441516984460787,-0.13843914575470007,-0.0490688509040723,0.07499829455483896,-0.15292566474080269,-0.06406487011572021,-0.05405475430913478,-0.105559622916789,-0.09739087553740224,-0.11117859915582151,0.05920438804762919,0.11516322236122034,0.09258210228699046,-0.05233751158421982,-0.1004680398148378,0.10316587911764166,0.014722397595159661,-0.06555543011427592,-0.0657825861612668,-0.009935785781644745,0.010344830243532976,-0.12313673700661436,0.16002427758623697,-0.14699687105727513,0.16698078284250747,0.13152525331978726,0.025233080005973362,0.12507281409972273,0.06219907977251678,-0.1045010220588647,-0.05764361198521047,-0.008734892741337036,0.07205687201509917,0.0034803101152659855,-0.01088567793816021,-0.023095254124507372,0.014336212097699717,-0.01490930593783621,-0.008485518706328627,0.11495313196985413,0.017718366014588118
0.07666852278811259,0.036092328785059045,-0.022090005609117738,0.03347560157089946,-0.06628267847461608,0.08826636480908893,-0.1761839030591397,0.013767359229476372,-0.15402023952474533,-0.10518514519410303,0.11125291540781118,0.026832675793948012,0.09031135117688582,-0.07415252657598329,-0.053801414329601296,-0.09159690780872803,0.10413220966068963,0.09469897662761607,-0.024150945982265196,-0.05024176761497301,0.18515464151077912,-0.1931206235968978,-0.03563054644333033,-0.042059524566483125,-0.17307287061391358,-0.0968016998263066,-0.16481441145861575,0.12040771732606474,0.04165038727016476,0.10393691093262555,0.052241534303381076,0.03768980122882489,-0.033790682470384026,0.07215376929017987,-0.08279907823809264,-0.08073808132370626,0.11988924873369637,0.10111887164455002,0.15125927534419,0.09434269052076721,-0.0932961160127252,-0.08680197195724362,0.24405686279858999,0.03229690603843498,-0.11976968046442012,0.1684258763561774,-0.013294707064246928,0.09916108438856078,0.06275449164660735,-0.0948039964613104,-0.0004554830626569032,-0.04335790503368385,0.07134182710768536,-0.013850315021086463,-0.18483200125106417,0.17048525329677386,-0.0894080846365989,0.005897983851361551,-0.08998317368857847,-0.06903760367030473,0.1886803773378591,-0.05827167953664771,-0.019466530960657313,0.07553635702130335
0.037661773085920947,-0.04231422229981613,0.0832442542953173,0.0792583892258503,0.04674507025128923,-0.05381385563281678,0.09012730275708943,-0.03229484867967419,0.056331602395376594,0.1836168249975609,0.08041266201748909,-0.08176564378759173,-0.03726196927709917,0.019190748131577902,-0.07199942826289077,0.1260091716561654,0.021147786439442325,0.01831708565565404,0.060896540076585036,-0.03778534151995729,-0.01971922864544654,-0.17199491324374608,-0.0040394299973132266,0.0734313868132953,0.044563712233682454,-0.05386539208515905,-0.13073583824590293,0.09380343013735927,0.11969196244001754,-0.0329292271869358,0.07802375108918769,0.0037293058567467135,-0.060996389905296655,0.05975813794367716,-0.06989705733329982,-0.015078981527897778,0.012321320329277654,-0.09163951142580291,0.032786382559491005,-0.0758562639281405,0.024107022078519513,-0.05541248595060566,0.08407149176634811,-0.07171401197343406,0.030988034085386803,0.06604075150035978,0.13614747767406865,0.15805801703895778,-0.15501756588222834,-0.1358611668569267,0.08864068657764719,0.04004886067157015,-0.13236716231630297,-0.09070323123017286,0.008516128362626541,0.1729301539068514,0.07959835948545962,-0.101567288928094,-0.03791460736999103,-0.10546928847431887,0.012921329194849025,0.09371339428659058,0.06918231239716477,-0.003950803358217584
-0.11861319933452816,-0.011345265715327353,0.11482469544366129,-0.09507187696513535,-0.05431653036088633,-0.043427057084906295,0.057856846884916095,0.06533706207142519,-0.07615026597144464,0.02776296939067865,0.007027401832767145,0.25724821232998435,0.10722175260856885,0.09105929132463526,-0.10087407297751749,0.11602548812637754,-0.00045886573500313673,-0.13036662250964698,-0.1163446807752944,0.02195249791989969,-0.046920498273234267,0.07369597050098996,0.028422426466393088,-0.17424057762930914,0.03816079790389753,-0.09177717419991024,-0.07480375057767874,-0.003548188732384536,0.12262803901538646,-0.046306130483263375,0.09529288103907077,0.09116854973028252,-0.13323388748551843,-0.01743113811556726,0.06897285931115556,-0.10946762516819408,0.16649979346271296,0.07776369661327072,-0.07866061332903782,0.20629336230757844,-0.12726471907827755,0.08039287160070809,0.010374736472796768,0.05247840947224157,-0.03231969343017883,0.09749230287414004,-0.09135706333888838,-0.057918341285072936,-0.07921932946409013,0.05951775263322385,-0.024957251387758637,0.038517417355960204,0.08526951423702205,0.15894973545099697,-0.13164652635544774,0.1407705314801776,-0.11559497855306482,0.08742607602060008,0.11690525391276292,-0.13810777817619088,-0.05627093132064346,-0.030782814127112056,-0.030473917434917182,0.13670904411285545
-0.06395511422147615,0.13117470880831802,0.020092617028994186,0.14678660063681737,0.004848903665012639,0.14044425950761713,-0.07694304738445196,0.09254464877301158,-0.05252962491391733,-0.023075092232575683,0.06322764348742231,0.0818375937748677,-0.15011912165501815,0.07252689934359112,-0.09091242336174539,-0.15964078423002548,-0.02565492655182095,0.04192275706640678,-0.0637977060390441,0.10351100437658535,0.0020037900693066417,0.08337062090946282,-0.006695946549282991,0.09665519023987187,-0.08209791362651206,-0.036608250543264324,-0.07904106150113839,0.04310837860698864,0.06837163815758203,-0.10095073855746631,-0.11484904901976156,-0.02691140950716112,0.05493084535717986,0.035395788047331365,-0.03830697608192306,0.12057000055436362,0.10325560385716827,-0.03925106773743357,-0.10903757363038037,0.00011181808148745663,-0.012262465229477207,-0.020341624040366685,-0.032789613606591,0.06400395704456657,0.08411809664618922,-0.1063518462648744,-0.17376421956058272,0.11816170658449748,0.07565503309546971,-0.09941632075437203,0.050003169279938704,-0.0236692470812889,0.02002830796545684,-0.09568380825946263,0.1093768911323616,0.06835732914178205,-0.0711572604744871,0.01936200776965546,-0.04009378471262109,0.04412844411059327,-0.017468443051678946,0.12764413896892002,-0.04713619169790271,0.021158887686836065
-0.013037178623798938,-0.07739869295536372,0.0442144636708235,0.1124113714076233,-0.0737390999817787,0.1182744681648397,-0.15823613620570345,-0.0001883495656101468,-0.1263816389086197,0.04170589249711959,0.11172772567934007,0.12115185015571077,-0.10733890923238272,0.07204183527211239,-0.11588198745879268,0.05596499420375189,-0.09611519082398907,-0.09840808815515294,0.06262105371703121,-0.10210311515612903,0.030816355596714425,-0.07617552272588057,0.04995939979222363,0.14923930288398543,-0.05442456159074421,0.011981100507595419,-0.0049290528891886495,-0.03214007802638044,-0.16255097096506108,0.013175687976170919,-0.09214021866483829,-0.10284281580561484,0.006335044495044735,-0.2391189686541996,-0.0915519705819403,-0.1260879557110307,0.0710115958531495,-0.057536426928762846,-0.0625069932636805,0.02748361107215296,-0.11171009040708932,-0.04495103855291919,-0.049576761436136645,-0.055738236978316175,-0.07200572161511423,0.0014596890035837072,-0.024033652874447375,0.04565878285098373,0.21214280357164203,-0.014268917514209766,-0.03202218728944352,-0.0911744821115397,0.02334122118910885,-0.1248211022350361,-0.0008133633514184486,0.014218080876625164,0.0450613701110044,0.0701503218673773,0.11055855040434971,-0.028878272706951563,-0.07285988192538843,0.08837926490957959,0.04845493037796433,-0.11887538055362146
0.09249121662592029,-0.06600060788222828,0.201563550601403,-0.008310507818423326,-0.20866382354572063,-0.09039994523101386,0.060788204129472,0.2525735757328674,0.1051813659132722,-0.04346075002285892,0.04782496069380672,0.07042956391513877,0.050552337595429674,0.054748226423838975,-0.08165209151745756,-0.04125155911995107,0.08095268069505836,-0.007032784042776508,0.07090975614248603,-0.04474355144586062,0.16210818856330383,0.016408068508899042,0.027382738010958967,-0.06284241945329402,0.15759320655333484,-0.029471463106949317,-0.11118885231428399,-0.01178793791779971,-0.027261518923315384,-0.07783117642064881,0.14021786430769428,-0.00555892955908344,-0.02982574110103638,-0.01976536810817593,0.0535751838989181,0.027391802285713435,-0.007931219666315669,0.11510264555785943,-0.09254441831720385,-0.10643985068830135,-0.06172812635266361,0.019539139168606053,0.022275881980943525,-0.01927388095727589,0.05301577860068785,0.15674239642446008,0.0431642197793131,-0.09035384047984694,-0.01111102959343138,0.03391646807090371,0.15312971271894854,-0.08184613482951131,0.021624563302948038,0.019852252345062858,0.0011068449919210725,0.11170167092477083,-0.1464530227856507,-0.13410833515014392,0.008495981539251038,-0.0984634349259011,0.03490314382087701,-0.12354943552746991,-0.014320008391842599,-0.03909474764117712
0.1509886032437849,-0.11339274802691984,0.055165993747069604,-0.10591476963892965,-0.11507626597392284,-0.15912103630189886,0.08222329376236402,0.12599782023904982,-0.04334171325985203,-0.05830515311824972,0.1268205336831126,0.03358741788374977,-0.05579935208668096,0.13894533159637001,0.15271704069310385,-0.09564120907297578,0.042227987284759835,-0.07632381218026094,0.11102634769563359,-0.07371027652513791,-0.05845933744530651,0.13483970452597777,-0.05950824963589083,0.01520622914157313,-0.02422454070134708,0.052481277280480194,-0.09505568379509113,-0.06632605055203668,0.04195935025647754,-0.0525885229687558,0.08724105563888537,0.1688772383820613,-0.08733550711956956,0.10273982667113984,-0.08136267826703679,-0.15347381757745912,-0.18177547450963158,0.109552769350959,-0.03742865171540607,0.17094971525883734,0.15678344954380918,-0.03289127874737008,0.09740152744011893,0.05751581855131995,-0.05618750620409696,-0.07953772360690148,0.013503920352569147,0.11208320931623376,-0.10681066749241289,-0.09103461427910416,-0.04898273970705524,0.18012682016214923,-0.09751078287273883,0.08272144449655641,-0.13104563353054383,0.0941052453710033,0.10138334510598067,-0.09360326261469593,-0.12352960247760196,0.006443771571802743,-0.037175563321776336,-0.021112542987068255,0.042002427324429235,-0.1467705049491967
0.037848854680699255,0.0019317075848881934,0.046439373333466066,-0.06801877160030324,0.15584552459532863,0.03215569440233885,0.04459777835438463,-0.1369076430569033,-0.019521503255050195,-0.00786046065132913,0.09899509473676064,-0.03830533884150447,-0.15625331962448252,0.02859978494218301,0.05436729134912559,0.01221571157388402,0.00348765202812376,0.0071139786546495646,0.1308418245669752,0.02019504300388505,0.06552178441750542,0.01593852894145632,0.09936805354592837,0.01012360220165282,0.2132885208242718,-0.12921897701173912,-0.05374296625019345,0.09665175193430978,-0.14771855588703411,-0.0637066382663308,-0.036276483756026566,-0.08008928406901722,0.004772347981989822,-0.010767263030739462,0.08287569243276251,0.008098778965869295,0.05291741122187125,0.03263099533367472,0.012200349225992729,-0.19818833301798988,-0.13275537468737467,-0.170034120518407,0.12428719181894037,-0.0006347124605335272,-0.05663899257838882,0.10413614527690906,-0.1186200417017903,-0.058031306847016594,-0.16009650509895237,0.07177984524011218,0.04559425384970437,0.043545380485882405,-0.0076792427889876376,0.11686692078450452,0.10967458806424078,0.07005018676012438,0.1124804742506865,-0.08875679073021457,0.06626987897540336,0.0011217755828671757,0.11536815315318054,0.023241442439643312,-0.12215334025284431,0.005261707542534224
0.12995884257038737,-0.054799520632385565,-0.1629068603877684,-0.08845435360942477,0.04094891223935291,0.06520804389895841,-0.19167361667503885,0.0014091137049996203,-0.07092650373461903,0.05504925061215071,0.03454374159921117,0.09682131334119398,-0.1110512549842234,-0.030893632333013732,-0.11458872240859926,-0.13222166341825486,0.08331496667335891,0.015539961875919214,0.06572108225462445,0.14778995007542045,0.10977091793077516,-0.2487085258155602,-0.01307107771543578,-0.10136711461627419,0.0676129034307363,-0.13655843064929485,-0.13066219941673807,0.030210136850762067,-0.10971362239361188,-0.20370211692490406,-0.18055739045027439,-0.2067297245807809,0.0645452302671084,-0.009814793054298646,0.17704908986960377,0.0023183370623786658,0.06909609919707115,-0.07384795070816842,0.02927358388024331,-0.08594864056315026,-0.09022687220269844,0.11509626385220806,0.03800075840375292,-0.04513224368308384,0.02629397208944981,-0.030525830713141546,-0.09111267558635112,0.1628091558018084,0.1422224795380373,0.1621059768776077,-0.05428979910782466,0.11697480232919061,-0.12215253496419615,0.02428479397587068,0.010232132863954536,0.10915708575853074,0.02779059606625189,0.022431145725395618,0.10045078992338091,-0.0002785601143728764,0.1161859848451778,-0.1247154876818387,-0.06827760533132646,-0.12380390084438482
0.07244006084442764,-0.09775956703406138,0.012610203953745213,0.07409918340092443,-0.05761941855652374,0.003253356924659154,-0.0036980505008178473,0.027211592507982583,-0.06768001924215807,-0.06510536697172083,0.06209971185146466,0.014570520202165755,-0.03492337204437702,-0.05035425356927723,0.03401061063913135,-0.13084398424820368,-0.16437293831930783,0.09636980859185049,-0.09260238336707963,0.05985650138001385,-0.043490213014684136,-0.00030928575819510486,-0.09369339320468822,0.11823439955768192,-0.042760624579394696,0.10071033100178364,0.11387045552016253,-0.08429237492987025,0.0026958070991171187,-0.0542107239468951,0.05793491002454914,0.12145869967124029,-0.010648997334749898,0.09874811196744164,0.2636373617423757,0.08562980037880574,0.13555598168881852,0.07868207722728777,0.0821920567514003,-0.07260788377231352,-0.07596202970935934,-0.12485068472943509,0.1440680785806259,0.07799031407878229,-0.12358632528812173,0.16976259059227658,-0.084748864645792,0.13031678162627244,-0.011626099629822402,0.037675525952322236,0.04549338709041026,0.027989309414584353,0.03133829640643061,-0.008931015513521923,-0.09354647321854555,-0.010712638169720427,0.15357122837029058,0.009451672333366216,-0.10134505038981527,0.03602036693911458,0.11390719715573684,0.017164277186678713,0.1034077296366994,-0.1076418903836511
0.053167273649535524,0.13108564734838687,0.12161223448956315,0.025117733297363404,-0.18923173186285472,0.00709441894500895,-0.06982277756314077,0.08344520294424551,-0.12241012594520377,0.005754400546222712,0.012399977190040368,0.0023793222871131836,-0.05145172320520218,0.0033895027448262813,0.08424661165557443,-0.062238926472201625,-0.03267644478471661,-0.07120769322010415,-0.13084477163249109,0.08466493878117061,-0.015220287524512799,0.0841588065197962,-0.024316618385423133,0.07694622137647227,-0.02402600597179193,-0.012175310525563005,0.09080175163788673,-0.17901271199037813,-0.04056180155348118,-0.12746357048995466,-0.13739557669099517,0.017833646723025322,0.04391896105302294,0.1675502447537096,0.14284858016541402,0.023565655495404732,-0.003045041575527347,-0.09244902873458537,-0.053787746952058166,0.019992807342422134,-0.1453677041025596,-0.03755485166259107,0.08929533116711041,0.030490733633019265,0.0614563974470667,0.11033240093547622,-0.044331235808074354,-0.09535499545103053,0.09086817024993123,-0.012533086714408139,-0.013694158569695532,0.09222725978125917,-0.0435085694847461,-0.1149699181226224,-0.08692499420182553,-0.047162439324065,0.10766117443090656,0.05109868325538347,-0.05934562492045905,0.061648270857523814,0.07063010537774357,0.019535651010256987,0.019435360056369276,0.06400672565868508
0.10234500105102992,0.137135554747441,0.06041805073197635,0.14867666042572114,-0.04213686494858697,0.05104586807636327,0.07646783589162888,0.08407107982523418,0.06675133545206344,-0.06739250195787351,-0.08494162292537777,-0.038452899373412584,0.09868861618762577,-0.08874860948965776,0.021122408832569668,0.028040047794667074,0.08415385088687435,0.08035191515932623,-0.08329982468004396,0.14598527897670752,0.012354564842524113,0.0837500856450341,-0.129151531906067,-0.09915460045667991,0.019676092664356715,0.06411625106032842,0.03160927176834191,0.009659667384390306,-0.0617828910094269,-0.021382195505847624,-0.10325817500496,-0.015303496020886051,-0.046185469843164344,-0.021770321804894608,0.08434653523997236,0.12074522401913172,0.07973040133535601,0.06600009501883049,0.050504096195682774,0.01136367084215192,-0.14301377417558375,-0.06970264367192432,0.16380965297960215,0.046633312579453606,0.0893411238924959,0.029837187207161407,0.14081583957700405,0.166251867954431,0.005444400342328317,-0.021290286795191782,0.08205267495814371,-0.03172415595120444,-0.06453692923215586,0.09678065398996415,0.1450823907252894,0.11267336560979564,-0.00450118884739408,-0.04497919599925475,0.005869142570283206,-0.011355125415611962,0.0035217469745736805,-0.08007429894984491,0.10365268576907531,0.04274580703794957
0.06194478995829806,0.130016409975692,-0.0992938842224612,-0.1333341779581641,0.1846780274938165,0.0705021313339812,0.005932859071485988,-0.06187652773981573,0.0426655807140782,-0.1390542112672074,0.03866588829597984,-0.028839396560386685,0.10664364707688569,-0.05752913565245829,0.14841576822354194,-0.11294240582432002,-0.022569035033427227,0.1466574094500973,-0.10485173617683614,0.003945760236441342,0.008026213424777651,0.02085365788294669,-0.13956305462544946,-0.04708096599855057,0.035663726690931055,-0.05199955982647155,-0.1454662605529323,0.02948948739624837,0.008638290074764993,-0.14502252358897874,0.10415215171050937,0.12511345013269923,-0.14472170940469425,-0.03417467118573206,0.11509395327048498,-0.17883414247184798,-0.10320181848037553,-0.019234294424147164,0.12279946145554506,-0.022187461720930418,0.10561932358858626,0.09298818686222553,0.02537955187126729,0.006388684059509648,0.11558847738978438,-0.057306800978618205,0.04860794292615842,0.0656121773635557,-0.05290702661478725,-0.11692202649111225,-0.10447325392744941,-0.03100293211917786,-0.09257322526082201,0.1146044909849382,0.15676145021509097,-0.08166027994290107,-0.06755190013579906,-0.111808452508294,-0.12362638429795521,-0.03224363347131954,-0.008276210007148229,0.13520724509303667,-0.015534611391246348,-0.04396208589063394
-0.10162443494774445,-0.16880326673137827,0.08438365170674325,-0.14431703620470462,0.20248860111865533,-0.13695021954954142,-0.01352333858084116,0.1336536910578015,-0.12199281366979266,0.026682670178346853,0.11203476745239564,-0.11704799694905992,0.11798187591816421,-0.12890530691934474,-0.08459216502518957,-0.14852829604962642,0.17043887329228619,-0.06940503174956371,-0.15481031911531154,-0.006478852377484084,-0.02857976126865021,-0.06984636348615747,-0.10889352281122576,0.0513231720348266,-0.01782277669920271,-0.06455014374249468,-0.11593468507916917,-0.025051228176906463,0.054682858544620884,-0.027558038447852762,-0.10862759646929726,-0.06088768423954119,-0.0011633408901067413,0.11707259395915445,-0.11976515893332518,-0.10054659051555527,-0.08250079118188951,-0.027353351604109403,-0.030518339525937025,0.17056039594433425,-0.1491491616867869,0.10429668904919423,-0.021965108941572057,0.1409441384768947,-0.04661268946723528,-0.12000038897490263,0.1203131873931878,-0.10033296155798067,0.005116058071931116,0.1373197752637966,-0.09511745738591301,0.040706004619424654,0.1296466748175013,0.19628032775577242,0.05581228922717744,-0.04042591537548149,0.026448332284913258,0.020686290184797597,0.0713829697209871,0.1545744302203817,-0.0986785018042832,-0.132294928860983,0.030308665043328905,0.12268942155075972
0.09851663241882085,0.12927879762778177,0.12549756479633398,0.12198433610759007,0.07750742017266832,0.03900044770049128,0.09903734477269822,-0.04052727168368216,-0.1363443761370549,-0.08953638202731574,-0.10103144960275053,-0.10474875566735259,-0.09890798767303745,0.10702363724456165,0.047504320515897085,-0.022786451675697393,0.09708453782730297,-0.006006924596961832,-0.0701277514086218,0.0872043403872741,-0.054174199475302186,0.046665369454399606,-0.05280984130018992,-0.00036935911823207245,0.07890533221293944,-0.11307477838322917,0.07694479234857225,-0.15574128208586438,0.02135221743216806,0.11871038433312267,0.13671359534880545,-0.09122803410214786,-0.1819876024280587,0.06275900584837744,-0.11481113164924525,0.03915019911632077,0.03788525834146897,0.008234410234007979,-0.07502209612753337,0.01999469260734319,0.11599486606810984,0.01895762820241654,0.09503009911589735,0.02185623490760816,-0.11234155823535408,-0.060620301182477104,0.024830393881487497,-0.063346027227401,0.04763798824267552,0.0299331363511189,0.11434982639020805,-0.11472380660441646,0.08507138125513387,0.09414609898461979,-0.16235946279330146,-0.12056874701476125,0.0241747599187109,-0.014608946306591104,-0.03252913423848809,-0.12740261750098472,-0.0819749147221695,0.0942860618686825,0.07277008550123985,0.006382841080458231
0.13241728465439898,-0.05657652288100188,0.033915309298729095,-0.06532982099431568,-0.054111153035346984,-0.040815154019065235,-0.010228326642628106,-0.05686071471781383,-0.004126749945551474,-0.14977604101807596,-0.02057295116707019,0.12313398875046855,-0.04269258246627496,0.09895939549417924,0.019331195435886364,0.02177197787003074,-0.07185075486247564,0.09689780819143767,-0.10217221633916164,-0.005733656893327015,0.05167621871003959,0.020224262627739423,-0.09374914226760019,-0.025177465853063106,0.23261004554468032,0.07585676150038398,0.1530659805284122,-0.07322863674538574,-0.009458824417373722,-0.11441818872428162,0.1382655344132177,-0.05998345249827557,0.10271852790714969,0.17808638554857045,0.008103896346365809,0.035401143433540685,-0.03938706422640389,-0.0335663101333732,0.14906621099129294,0.015704221986432853,-0.09652226655181259,-0.1271724443910086,-0.09763837168049046,0.005894045339030189,-0.1373262363803924,0.05239659818924628,-0.044732809130266414,0.09012386064824089,-0.12949507536902619,0.10491463579663748,-0.012815763414749357,-0.1108966169426292,0.17312665072835726,-0.09081615215619453,-0.012727988165529428,-0.06039274282392665,0.030671760537084834,-0.024767649674359835,-0.0649074424904788,-0.02364634478245811,0.06211421784494791,0.058184777194988734,0.00045218526340198194,-0.09286823756854047
0.07657428140974112,-0.0653755697057382,0.09228583524089058,-0.15652467916474383,-0.05877371666675924,0.012191647723516075,0.050314850373045755,0.1314879824903166,0.043478327726366305,0.040970149541437066,0.021600487616232747,0.24318330715643824,0.02621291321691332,0.02512868178346647,-0.02970313733065635,0.11463122339708683,-0.05785256759119852,-0.12239551821134137,-0.1295568644942253,-0.08649096196253277,-0.06761465520696061,0.022400800278351722,0.08557030973789898,-0.13494835814883865,0.08676425744112128,-0.049662618497895036,-0.03341171956661962,-0.06788939676473059,0.06458971875992651,-0.07184484860428565,-0.06076764534517988,-0.10086393023397724,0.12571208805415007,-0.00449410048518703,0.05502942713733759,-0.12262507860456165,0.08864225940468369,0.11994295604395251,-0.017734377125450434,0.05239899265022848,0.13902408706084915,-5.1220548735948906e-05,-0.08370968362011985,-0.10742892097993324,0.021301912189131775,-0.015151277196338209,-0.16455779249760288,0.10531847186798057,0.10234584479990297,-0.005597608102794472,-0.15308210507000442,-0.12962998000116172,-0.010382257461036727,0.04984338551929675,0.001476383832564507,-0.009295424441074021,0.10445173424611713,0.0990673426008875,0.03502099741601451,0.024065296321672893,0.11132652021691469,-0.08415441965429385,0.008595453195719211,-0.14582372298572624
-0.002123290622198554,-0.04559677597703274,0.0093875968020737,0.12812024855549412,-0.09073732824540388,0.04516996822139128,-0.1578831080699554,0.2597877382110692,-0.07648006455274785,-0.09169776258564556,-0.022838462371191685,0.08559594532841537,-0.0869447303244496,0.04733195456892485,0.0671587044098542,-0.0455752435212946,-0.012502427942057897,-0.001293381172014728,0.09393496364039709,-0.09101266360710222,0.0023334392924534244,-0.12308563561121419,0.14136104705022715,-0.19997056827334303,0.13795328117143638,-0.0012734644271782183,0.1301672489602932,-0.01466471891246295,0.06077114855281436,-0.0418850855710238,0.166442586972893,-0.017840542719585215,0.07967321510320236,-0.10777426617199999,-0.009690549751229821,-0.026065083983652718,1.5627480865453184e-05,0.1538991146499968,0.0010242541060887557,0.18409094910049606,-0.1186231494325986,0.12142410649592107,-0.024027665163502684,-0.10485056553463845,-0.036210193301247834,0.05748391389582725,0.08197737158765607,0.004758678137948515,-0.1736018629967855,-0.1081333746141572,-0.0063781401385674535,-0.2654108087455091,0.014789001323162382,0.003760368642315793,0.03807512655111809,0.11359062419318962,-0.11236733311070367,0.03856866556632402,-0.025728064640297046,0.03499395035436709,-0.16505441644140498,0.01581475594376458,0.030456726856647978,-0.03848891878959267
0.10060098776633823,-0.033480380035514776,-0.11397773389662005,-0.014411641560795628,0.03832718145730017,-0.008586197753744883,-0.02260611108325054,0.08048988594547288,-0.07710474384233951,0.012175915057644177,0.11423895298058473,-0.0005570520902649347,-0.09271865719249199,-0.07614643238641848,0.05939493308352392,0.06467591135955666,-0.029692647395612393,0.14750621299442934,0.0800169464600944,0.00492957104843933,-0.08599052726456748,0.06801359920386062,0.07742254511035154,-0.12327312766207,0.19029550849687854,-0.026951825806069692,0.05772402121635846,0.059038670304606834,0.14378337262721064,0.08791332555982509,0.10054794879873766,0.12253298411795184,-0.0006149432757234737,-0.038776071137758855,0.011123094264645368,0.06411702273927974,0.057425022514860646,-0.24649795477974693,0.15183891259119747,0.16096136226861166,-0.035392889769451194,-0.13145079210394853,-0.018345137927578373,-0.13200883081625842,0.046594096971978916,0.16286638218719476,0.035771086547020055,0.04498234864546583,-0.1609922370040113,0.08024704051543839,0.04209310517742976,0.06484401955308375,0.04921396525169313,0.016489692381919146,0.08295026873390285,-0.0426189310933613,-0.07124504000692496,-0.2350653240001738,-0.043293137969401665,-0.16290155394701925,-0.07903905849208266,0.1228551941067752,0.05181954485325222,-0.11913877788382429
0.007875967288170799,0.07192741463637914,-0.12503950108801656,-0.04622171673887048,0.13128368058568393,0.00448346373488435,-0.13436744188812652,-0.17351297711064795,-0.06954597976628386,0.1633623051454864,-0.034524149836802416,-0.019252753619376346,0.010189781032219646,-0.11890864122310488,-0.022740349308846226,0.11026983007560659,0.16881912932939322,-0.03416110540692779,-0.024817797083341815,0.1772277121741169,-0.03274385026371204,-0.18951061626470944,-0.04844420764706973,-0.0845143422742289,0.06461211432851773,-0.03279743129719668,0.09751725739289846,0.004108315647181017,-0.13980135275822306,0.08208852517209965,0.01403950049936093,-0.11154219587149403,-0.07763832681421798,-0.16129704133795128,0.045898295996223096,0.06071735520264833,0.04031829840632801,-0.20258429852876042,0.042451225843453615,-0.10330850369415799,-0.12392943976879128,-0.0681129597291135,0.062309990158557656,-0.15013630544640058,-0.08747085723729624,-0.06509990492678519,-0.10195294091127947,0.08197299160354073,-0.23777152268731958,0.10729025845998767,0.08288432604030646,0.18375587209282898,-0.18336754824194948,-0.10528596486225598,-0.04702628170834657,0.020092100229895153,-0.06915399825725044,-0.09117182746988892,-0.15737152329333157,-0.030810141987104533,0.10388005193466941,1.0947009929060426e-05,-0.16455515190777,0.061364518244685425
0.013620598923927696,-0.1487059439127067,-0.057067371069503624,0.06697477073729104,0.026915076220836016,0.08170187005033368,-0.12360918302108836,-0.017415328081309,-0.06601810283291885,0.21975126366410663,0.02338998051854629,-0.0777920947676206,0.10059417794888875,-0.03832074434862531,0.15051422841789142,0.13666604783908812,-0.0876972074671661,0.06884432387934095,-0.0785960121131086,0.15432631861983254,-0.007665811248419895,-0.11510290173528254,-0.028851904432693077,0.04900303583699538,0.08290424294195345,-0.1019245365336,-0.09216099998670664,0.06772278241458081,-0.12300281229783959,0.031810510344476205,-0.13106658936072627,-0.1990613138792168,-0.06271838382612521,0.012699497176063872,0.16474299081386953,0.10146607880832029,-0.04654429153703979,0.11742855205278799,-0.11752984676999116,-0.004685191865334118,-0.147260574283407,-0.03071557463515551,0.02418595684598489,-0.028342725995014105,-0.028154963548174382,0.11380637117414147,-0.1529870854424174,0.09623312928473043,-0.0003879232359349808,-0.010170443730278294,0.04349564148151043,0.0486252622675,-0.12800690639942638,0.12985048023175325,-0.017094339640747098,0.1823933494966198,0.07788737989117939,-0.11570049837335532,-0.09485438156343481,-0.10572362260137046,0.15175115819023172,0.034050577388769605,0.011826359007006872,-0.07893527840220566
-0.007209653341275629,-0.08746957375209242,0.128186862768937,-0.08469881962794247,-0.21141164854079883,0.1800364071072378,-0.03728158318823148,0.14989699199617101,-0.019136792593769814,0.17019834692985567,-0.04430945949791554,0.09418378653126779,-0.060068993533819795,0.04902694825891958,0.018038587313900567,-0.024322056442920764,-0.07400744035620349,-0.09723343577049803,-0.14609060813388486,0.10875752891172633,0.059933110906710836,0.07366778393563486,0.11235243834898705,-0.0013811495854147463,-0.20101969889853497,-0.15323970995842898,-0.0009149442941513163,-0.07773768521576516,-0.056429734782000474,-0.10719649424096477,-0.05809543946339794,0.035545085319649554,0.06975591363056113,0.16299915431114836,0.366312955005452,0.09034020469115361,0.08407472880748804,0.15761040845362742,-0.0050951236673218705,0.047407540447185315,0.09554615494007843,-0.09930918081193282,-0.13197941684821893,0.10554640256358928,0.13364574193913473,0.11232351398116912,-0.14732148031228387,0.1186682250721604,0.1626774541593084,-0.06462802803554678,0.03385619788748495,-0.13356678017696577,-0.09511875260117088,-0.015046865312180427,-0.08810666290425459,-0.02229798214857038,-0.12879001834880588,-0.024622147249060183,-0.19015564071196417,0.0056288942983820376,0.09222550707899889,0.0654537006451196,0.18201564582268204,-0.008297595402687296
0.1118972746424365,-0.1832055787437831,-0.14729913159776364,0.04535391907891036,-0.06707953756661492,0.18480423046843106,0.134342240942571,-0.11263309749077881,0.15885401244677358,0.03543700003253659,0.11600841700023397,0.08421736216516298,-0.038818769289714034,-0.12236410500142128,-0.1251672375283388,-0.10226086164474421,-0.08351366169596587,0.0024564357776889925,0.0228473580425626,0.09697340935209092,0.07564129608155022,-0.10580608645410336,-0.12611951371498778,0.06787332271597324,-0.1302924814274342,0.08813203922954217,0.13611994316668466,-0.031468760921235045,0.09086318993731447,-0.11599109167042573,0.009513020080774594,-0.12369306814131932,-0.010467441327727459,0.08823136488593901,0.13569868618810904,0.17820045261344789,0.04982517999481904,0.037121122660880065,0.12069372160118223,0.045522436008772635,0.09872102189590344,0.06741846904719842,0.07040805266487081,0.04935373263073629,-0.12346922139630774,-0.11679129765544498,0.07855899766345367,0.12142610951268273,0.11529735678635736,-0.07286270544363933,-0.1466058179936679,-0.08717006233950961,-0.033894726481165476,0.014434506945630724,0.12722708677179423,-0.1198121027989528,-0.012658175459790113,-0.08418445694085654,0.07354646837377009,0.07461852642839358,0.001787530576113649,0.09738178312250215,0.02963802768958977,-0.10346181842890775
0.04012370710931491,-0.08584261600561426,0.03478099938596082,0.14711056707224027,0.1139412726864869,-0.06095337386083807,-0.10540328448197056,-0.15139829790477946,-0.10438832467617411,-0.10293821024370653,0.026531816614762203,0.0867299327947109,0.11376770403966736,-0.14174985389348732,-0.06545208592319973,-0.0672780255370762,-0.08293604904711176,-0.07713160702412242,-0.11972026579334578,0.05032399181158412,0.10881966595246981,-0.033792061171517854,0.008297242963624513,-0.10839754723860802,0.0432987022872653,-0.10915196359786841,-0.1386425939459361,-0.11459856148537792,-0.06818725059569312,0.008811196365020502,0.17089090143166122,0.0823666120119077,-0.06834508821326978,0.014063368405417023,0.06417560772776859,0.06891029610157048,0.16557946680935562,-0.02893307055369387,0.09945245879575404,0.07468124169950464,-0.11965738689772727,-0.04369117422757875,0.19765355215014016,0.16623030302810532,-0.044749916188354374,0.1626031399920132,-0.050759829040111254,-0.0060061304405918834,-0.014814341265571802,0.13020245714434922,-0.03857191529201731,0.006232674647357169,-0.0862965814468732,0.008483652040615158,0.10540869943559096,-0.04036683312067562,0.08772004959887582,0.11176304241497957,-0.13717891586416692,0.11122710667261157,-0.05874024709035964,-0.08328836705379535,0.012940581167750098,0.04623577184882963
0.06654968311698338,-0.14095055882748006,0.12307616534705189,0.0721336718364499,-0.007162086200141109,-0.07104508341180861,-0.1876106720856898,0.008207762694318171,-0.04574636653553092,0.013701667426802901,-0.059172053369591866,0.12226763862853736,-0.049650917870249354,0.011846226723959758,-0.12458637471798621,-0.07475528615862148,-0.11406943726073418,0.03856147309451607,-0.042414561042329345,-0.18028891970936786,-0.1278505781049826,-0.07711383777274965,-0.12190546372863682,0.010394236078222645,-0.054214590561881396,0.03445744232712003,0.1079716937960421,-0.005412385527845573,0.12189196527207395,0.09109336879925914,0.20405269247704508,-0.09075295694218542,0.07948312522150454,0.07044483522656082,0.026030957805299407,-0.0995028805397326,0.19379225616476842,0.01989979757854405,0.0015812680665356323,0.15331354598223362,-0.06810607117188427,-0.05176868293949047,0.03944386354627672,0.03723262040759599,0.06784525495943453,0.014274412458018314,0.0894231148346805,-0.03422264943103594,0.009045570616441099,-0.06084399493075348,0.008897456685311689,0.1351175469523592,-0.050940321019297775,0.1010669493081662,-0.07218468964058042,-0.10157199790119023,-0.17228886102474333,0.0782630402101654,-0.1575021321308508,0.054775564153054304,0.10741010627048465,-0.05856427724350407,-0.004390536723184804,-0.07264861312197962
0.14334541981099802,-0.07963719202304803,-0.13073918876219054,-0.044067681554813595,0.0660106696406767,0.043472138572515105,0.08875294151680126,0.13344548918138166,-0.07425144948579829,0.03627293734297327,0.1045204148764838,0.16185015840920983,-0.04132994239191977,0.002358721141087441,0.11782008886643404,-0.08971793659161499,0.022352320473331015,0.16303887063300146,0.08352995919936222,-0.09281764541795944,-0.01752749251226782,-0.08619124558236088,0.1372752288860209,0.13432036886275964,0.06364295344275234,-0.019045642329216825,-0.14804358137603363,0.016749869292167065,-0.057447940577126405,0.07227259594647105,0.08823904064469773,0.021811639209167892,0.07658070542155503,-0.2097925347096646,0.10302593628672485,-0.09070404120395165,0.11604042079352186,0.06938513158531216,-0.14392039885884123,-0.020973407228268987,-0.1119197055698612,-0.06102089753990571,0.0941355344039611,-0.03685573926527589,-0.05855000095623521,-0.05194887780752692,-0.0010589017500742728,0.10482084362562107,-0.041197152194163346,0.048739726904645286,0.15708900509241597,-0.10481076141411777,0.0970546670461006,-0.032268005005693504,-0.13593842185245814,0.05594484307739272,-0.12608909823892211,0.09254367915012104,-0.15776501647096242,-0.08285419498507592,0.04762327922529061,0.02399517378134249,0.07004761181499507,-0.10890721333260743
0.2192209501841229,0.08910922253964727,0.011543739876640516,0.06650211422234012,-0.03598877423744502,-0.1942577825672898,-0.09593424573381874,-0.2332662292974812,0.20685134103503366,-0.05234990802295577,0.06274525956516477,0.007639340482223916,0.09991805114060255,-0.08183959873392091,0.09022903102952114,-0.10032878383350903,0.13258665386038002,0.11475383793164766,0.07762200489377298,-0.1410975869406667,-0.08030538840876618,0.09659528748332753,-0.06852416237234273,-0.09964487027932484,0.08071509247909592,-0.07903914539495364,-0.13858325867410143,0.006210715114787557,-0.01689966146519249,-0.14240993224556026,-0.015226486042500665,-0.032304200156845014,0.029011638393016525,-0.14903969666984584,0.06761307007283891,0.014795491411700308,-0.08680016757348906,-0.060373535189515354,-0.10837699986418037,0.11846650554849451,-0.061195176068351315,0.05116191231024768,0.18902087945991478,0.03450971387498211,-0.047877697740174724,-0.05974599701090354,0.13512950571411017,0.04798203182566209,0.08270064715660849,-0.052603004340574994,0.14894518760240835,0.019273104709494428,0.002209970925985299,0.07479035008608687,-0.02797212428373054,-0.13694730059168614,0.07402901801817367,-0.13747863304947214,0.09360755389623063,-0.027687502487282658,-0.0316713914560969,-0.059304436020000496,0.13604104709569953,-0.0692383782805089
0.04331853938547233,-0.05220116234576173,0.0066773934973741724,-0.1135785465668193,-0.1576247670118433,-0.17331894457551417,0.04008562448956164,0.046762807257335816,-0.09646806189195242,-0.03192817462041725,-0.0924582614039393,0.0647041881367265,0.02468336844571919,-0.17066816416430605,0.13104923922152278,-0.05920892662257791,0.00901520399019346,-0.0776608635511863,-0.0007076281334474073,0.06211960372009478,-0.06381434989860234,-0.10172762308592474,-0.05101044663655351,-0.0796465193879048,-0.08392766458143125,0.00522396612881348,0.11437741287311194,-0.07993939515007731,-0.00580961744097422,0.06430787554012654,-0.09433431669739974,0.005564683734347521,0.12341490868319294,0.15706837921726136,-0.10822723466962995,-0.06069459984888627,-0.017303954337189325,0.15449309270251588,0.12825991498554015,-0.02268672270570818,0.03840272257911547,0.042610277699803155,-0.07071858743958566,-0.07450800934929883,-0.11223998968469065,0.014704335699906266,0.08912926368351967,0.12779366684399562,0.02156083174993721,-0.010568386460227152,-0.05279505590726552,0.015017985814270017,0.1252878321007726,0.02560811971223398,0.0243406118557419,-0.10609170284563348,-0.008328143153412383,0.12271132085102485,-0.049806550983835164,-0.0382050491476772,-0.060413569766426256,0.0998833232536734,0.07101862669290389,-0.03192970639879318
0.11700739926358014,0.03854656612167257,0.0028819611804832474,-0.17304470857839135,0.10736614123052975,-0.049762457283690296,0.04080912789793899,-0.025557530532107263,-0.09022617779527382,-0.17595722761710805,0.17177379160904405,0.07828372257152573,-0.15439744135265812,-0.10480126106858945,-0.044065245077842846,-0.1860290497361025,0.024080585376112067,-0.12078613693560555,0.014050352801937572,-0.16668016480432815,-0.02294580651003032,0.05062512767579108,-0.06974673257288971,-0.07831120856953397,-0.055329447050950796,-0.11670481898463796,0.06600704146206561,-0.06820228849509524,-0.0612621991970455,-0.05642243227346914,0.010753199549332348,-0.10475152904905459,-0.011033282481808935,0.08324293000172603,0.0648705637546519,-0.07146419746045699,-0.11363100254124754,0.08746301763623797,-0.15178182141983895,-0.003179968975887988,-0.04303947347185955,0.14602513994353555,-0.2453248787848611,0.00983516197228959,-0.11987773377778152,0.1684977035194929,0.1237590551368724,-0.047515422611038055,0.08483499788934754,0.12806754885669086,-0.11982415954775529,-0.1835560803894481,0.10769334759778933,-0.061975897597800186,-0.13330558485213143,-0.15729281066580555,-0.06688373606327438,0.05641022312851124,-0.02465192459170135,-0.020455210785379024,-0.08733167291630337,-0.054520233749273936,-0.04489788985469553,0.12428765360473872
-0.09316142294616822,0.08071428032921464,-0.05264573079644138,-0.022605005558849478,-0.05937629252088608,0.16635538557191049,0.01090682336648828,-0.09162301334305518,-0.0666993589462356,-0.02693684928894609,-0.09019222267971816,0.014860620594914166,-0.10005331689506038,0.08374386624950036,0.015910327774509708,-0.05506832293581474,0.09389984289839257,0.016954945771343294,-0.08930599339880459,-0.1489408481381163,-0.02311927161648754,-0.26166040068604474,0.20143186712270544,0.012810380537102418,-0.13150912253264632,0.1203509790400012,-0.10434760074067181,0.10537486235736243,-0.080232875302132,0.11545094403513069,0.09030879044908408,0.018530716469670784,-0.05313064615775697,-0.06331140679517429,-0.06873669046404382,-0.17756687434441318,-0.18432267053861937,-0.0008821806798615835,0.11813644737903041,0.062437422207605654,-0.0982982973014926,0.06966496157008005,0.14259342188482893,0.031245002591831814,-0.15400010638764577,0.06040932437207326,0.018208005081388028,-0.14624440048419665,-0.055371101757917575,0.11756494597242373,-0.06457427465892408,-0.05665473445560438,-0.09273122430068466,0.0627371367849192,-0.00715467417934971,-0.08922959162333687,-0.0020073638305936987,0.11891522336345971,0.2461662855037823,-0.052489262684347344,-0.1419484512376196,0.12439586737950943,0.047062876607774036,0.2033486285940698
-0.13772633712523447,0.020690443796734848,-0.19214114461176596,0.057981045069686064,0.074617750695133,0.05456921215458274,-0.2225401731195319,0.24010174382769553,-0.008682986612381005,-0.006442440463583597,0.06781598526368503,0.06246413119619748,0.018242832557962194,-0.11436855692630712,0.11083315956848754,-0.015306912768222738,0.1476158309316426,-0.036047328875858646,0.01109249542421671,-0.15390483830588583,0.16370171873766276,-0.19124609747703755,-0.035431721505556624,0.14879057891339875,0.04572909665510058,0.0032411705863289873,-0.14319552346941158,0.14504976183793988,-0.002640819638761719,-0.18530244063839924,-0.11662081976856796,-0.15656546112389783,0.08724881209106815,-0.08512636306198064,-0.1281894534412726,-0.07563974378426076,-0.17479296299350008,-0.17051384831774657,0.0826211409750126,-0.008125957456404301,-0.025020068952570192,-0.00137293101961993,0.07292739558679309,0.03865590674418251,-0.03347085953114781,-0.04519235111849496,0.06853849561368187,-0.03303365498648156,-0.0668310467333021,0.15664718180194773,0.10579743718600414,0.14210876920283724,0.04774974526278607,0.17519846934247196,-0.05904584367035173,0.06131712370047339,0.1836289276569105,-0.03892255580794031,0.04844864727016558,0.044905935317014034,-0.09220769634424515,-0.048194844901980304,-0.02917403850623112,-0.07667835302728165
-0.34075387656994705,0.15924127838689947,-0.0947721674874372,-0.14492854168924682,-0.15249842275306186,0.09143982560206847,-0.05753088766919743,-0.0826765487879976,-0.03961408135589782,0.024167243939199248,0.015334686575500734,-0.10780233474207608,-2.5630333796077506e-05,0.04451326327927665,-0.001706842829982507,0.1584116944002674,-0.12089417715593723,-0.12247724430717728,-0.013516550347495923,-0.019110553771676527,-0.15196645665632383,0.05881676497634572,0.09186083258305075,-0.12201529136356741,-0.04938768290475414,-0.10300932453321825,-0.1131595397362533,0.0036981850801795072,0.03289524684743051,0.05424606221880562,-0.09346083942671601,-0.03849428694348499,-0.05193069725939939,-0.0010749219913574809,0.011416554711464976,-0.13608921212556077,-0.0960973158376973,0.036624360547879604,0.04657939527152334,-0.09129568363864078,-0.08270366724796298,0.06632479374430982,0.1792107796529027,0.11685961655190197,0.1510178793793807,-0.10064961740713996,0.047098046280488366,-0.02071479540564592,-0.0048176260101180386,-0.04292826022260584,0.15299071989046462,0.05487139772180391,-0.02899577266999717,0.13722893466595662,-0.06898866403020433,0.16236252426393827,0.10492654369317994,0.0345840417966137,0.2559468210841389,-0.01594538240728621,-0.0928096201601965,0.011533849082930625,-0.07869646866835704,0.043263614972927536
-0.09062789782672778,-0.1671777137030753,-0.042455924690635624,0.016801228768307707,-0.02916822698805743,0.09305613225099192,-0.0979409860949559,-0.1107396303291334,-0.09800688521010642,0.09756461874995961,-0.08265289622965863,0.032933426667823874,0.22006169677274673,0.14392318174610083,-0.10077407195516622,0.002591892012002206,0.0450875105943416,-0.0016540162109067163,-0.01454266348846487,0.029140525100277412,-0.18038902810619192,-0.04899093193978044,0.05253668750409616,0.010843154619837436,-0.1811756051509501,-0.14761055892426758,0.13062182188396956,0.005927717178926372,-0.08744811198370124,-0.06864046921629743,-0.04277497045249592,-0.1806967943667861,-0.08831549468471324,0.10713183131110258,0.13435112926146456,0.04350307950566377,-0.11987992327240511,0.0059808862202988785,-0.1189011638764988,-0.02688357094345065,0.06911818650758773,-0.021243007545422948,0.02556348748195996,-0.13187788032614547,-0.09363051600856998,0.015575469972461333,-0.045547139181096916,-0.11580949545170631,-0.0007035223616457062,-0.15809642256227538,-0.08782585601080185,-0.12731221589750671,-0.08620300981200361,-0.13134441662812102,0.06868237407497534,-0.017707366864789655,-0.04062290495858684,0.02303691978031222,0.03702591040686563,0.011392752828649657,-0.05973796990793028,-0.0669812417707148,0.037018149572905064,-0.03132067140184685
0.04605553639375106,-0.11798381060532473,0.08559330729161237,0.08229995454317575,-0.020535772418606966,0.11749597078499904,0.03973775271051919,0.11317576683278727,-0.016559207522157733,0.010031870348398673,-0.03514270050167383,0.13933560037288167,-0.04747796784755274,0.12574374112582137,0.04827943670534841,-0.148485563315944,-0.009314219257819941,-0.024203951681394165,-0.03801430547740375,0.08908061865642745,0.0005924559323388011,0.003517362782099322,-0.03424748080206582,0.11911479371138495,-0.17246138697813937,-0.18396059416963226,-0.14900642719373297,-0.01610430465448566,0.032952810044824137,0.020005136219234488,0.06653003608876301,0.16450186768455713,-0.010636367339845713,-0.10170686081955704,0.17703443839519628,0.13238600052774777,0.10562511680490003,-0.007840138024515336,-0.061590732108500926,-0.036577591812024,-0.1795690038927395,-0.21904753323554968,0.004019717306916313,0.017677455005527504,0.03791587140835322,0.040857255885126446,0.019180778818853834,0.13445233734705186,0.004074792573437637,-0.11197519490353752,-0.1440909480887018,-0.08350313506896971,0.04201333841214682,0.0855573625569869,-0.0264006762853597,-0.05376863981695454,0.0346268961293993,-0.054441293888177915,-0.008298315691105998,0.09939604990397309,0.00381898822955495,-0.15262497681078496,-0.023860505746989065,0.21021308053559012
0.10920467569021075,-0.1108256586224607,-0.007416249499795228,0.02375846726770847,-0.01607730807299804,0.14645878357237935,-0.05520961508482053,0.08701419254937669,0.11590575251129755,0.016149327705646525,0.12775175109451664,-0.04107791949524954,-0.0654375529670925,-0.13833277609155747,-0.0119301982943618,0.13345507044418012,0.10892173855831348,0.04512794592769381,-0.15754301122722816,-0.10750206282890386,-0.025384357997589417,0.13478838732006096,0.1154212787195202,-0.05038778798125953,0.06636858362024381,0.014382371929498254,-0.14711109037239856,0.0440283120646212,0.12817813843019488,-0.10942008361376408,0.1159847617232141,-0.04060057359512681,-0.06688185542660077,-0.09704704224966104,0.07709688288276957,0.058312418700159074,0.14481789785258617,0.05503525297222877,0.013150499566252536,-0.029829201500794156,-0.05702321605315941,0.04319640094627208,-0.10938690673352669,0.11760928495222171,0.04544694346603296,0.13536219898709265,-0.13738669351092145,0.060077641669183335,-0.018288694047463763,-0.14016942072746721,-0.126924239432331,-0.17865802431264813,0.11091176293995973,0.11396512325503017,-0.03471957635338283,0.08785359850987455,-0.15323827670850118,-0.04102932741674511,-0.005369854728672537,0.11093329449651994,0.003312951406920469,0.07487693206256969,-0.02742911434362209,0.15512616799068235
0.02603077015272528,0.04275148526649629,-0.14816293639818734,0.029650649629441365,0.041555105034742315,0.04655630514644195,0.02142910707997296,0.173688026644603,0.05989050625477175,-0.06925541540263797,0.13660859886800694,-0.09351118397002417,0.024557487289001294,0.06472309917921679,-0.14846037300009965,0.09327587763762323,0.08439052244172798,-0.012397563467252822,-0.07795174479461547,-0.0576422648466442,0.13435709078245328,-0.13811854267994852,0.005405981745477953,-0.11035017884015347,-0.1215576441472575,0.0870867259439622,-0.10064499899154299,0.13842215420826967,0.002459087578436408,0.04170924658803309,-0.1097766796372552,0.11705060156820409,-0.0762052848686595,-0.0029716397361852515,-0.01861554192250531,-0.03168915259093253,0.10785658745329153,0.04969547410354688,-0.04587997450611433,-0.010009322863229395,0.09738318461609545,0.010504860921198999,-0.015582085374112436,-0.014242856516734657,-0.1211122698298315,-0.10313351560911568,-0.021403474425473346,0.03650735058710616,-0.09316281051160986,0.03414365397851666,0.17834873771760068,0.1570337769632808,0.1454820338627875,-0.07056235559708247,-0.15109089973683182,0.13949095168119716,-0.1632306104544941,-0.08939668985594733,0.02070335106574118,-0.10265851827597566,0.13336807197719164,0.06215888478659402,0.07184903724103667,0.09003615605765414
-0.015402876722723521,0.08191426807667636,-0.07937916694862054,0.023787240968587225,-0.11904472903933713,0.033167785773920606,0.11276136818547126,-0.09821028702461916,-0.14146569743863271,-0.10474470318517252,0.007614155388001935,-0.040411240225340005,0.12248458420762076,-0.027734753977068562,-0.007115890032457048,0.021757558800535818,-0.04623873843910848,0.00822861839600956,0.08857658444900789,0.036807429727265674,-0.10636742160076494,-0.19766268777814008,-0.09964442812262402,-0.05808817422917771,-0.10662505067429637,0.02614597256521603,0.07198908634957663,-0.17141321649796626,0.04835314382816674,0.03337898317432872,0.07190804288650297,0.027740608626167697,0.12558917525048677,-0.13989965995466047,-0.09991927487401155,0.023871018379807544,-0.018065406416486244,0.08786355695261136,-0.08249657662818194,0.05491091258855898,-0.08037188750467682,0.19234372146671358,-0.043049399007554515,-0.07856685302007452,-0.0031784090179135974,-0.04447482626090832,-0.02056695230558881,0.022545953796873384,-0.045161305313880004,0.1375057582666866,-0.054375686756417775,0.15417581951549303,0.14268357763130618,-0.02396808056928565,-0.0994998389211024,-0.03583287449116987,-0.08291443015184682,-0.01643228368951018,-0.15484128528445856,0.16920332936213087,-0.07147952776645954,-0.0826467955579822,-0.09850311552689847,-0.11528763694626626
0.11942110860823765,0.020486146075263643,-0.15040676994658927,0.11326750799385707,0.07573613269225349,0.04389309875375176,0.052163140020403904,0.0590853019989445,0.005113270565274585,-0.02255854253984296,-0.06125715028741486,0.06288822240855955,0.11000001414884888,0.015176832742152497,0.14167671350931332,-0.0966917445470117,0.08088615935699639,0.08316628318363292,0.025377879709055935,-0.008679463221377796,-0.0624618742782298,-0.14273274640140235,0.15152873299507197,-0.17680553558485312,-0.039384777123872824,-0.04092419620881878,-0.015488837502314647,0.027526385223109424,0.03383717091298923,0.17435207236177133,0.03435731425311942,0.05217430262281166,0.08207089894295652,0.10127960667953265,0.2012781172101831,0.0004610761554555308,-0.06656150936200944,-0.11798157774498509,0.12194116891478135,0.11140023026839108,0.05806383224608656,-0.008938240030981748,0.04485297482479672,-0.045236080574482994,-0.06552361236653335,-0.003467437203252141,0.09742362036934131,-0.053076683492233226,0.03368624293365492,-0.03144971776908635,0.11887278036188752,0.0561942153533418,0.14991165305766357,-0.10368480025736776,-0.0990200471563635,0.11555610643239145,-0.07886106893138867,-0.13084928345354296,0.0017058078620134762,0.09175152462610854,-0.11436973728012018,-0.09446644575246521,0.11413558592352609,-0.02594565004259007
-0.07888355356098244,-0.19169789233334533,0.021208406310555414,-0.1183745453645124,0.05950482646461712,-0.10831749292964182,-0.049116899973901194,0.047028699849943144,0.013371008067907399,-0.1060053040992422,0.06574863858023894,0.079078434887011,-0.05130710504915183,-0.049887770025070215,0.005022297301132469,-0.07112558117178498,0.1129643355613463,0.0765607598182431,-0.01902546653567542,0.03155989705260843,-0.035675265730535775,-0.05762672074161959,-0.029159955957467426,-0.07110400274085675,-0.003115660757141872,-0.00558802167200244,0.0706886697013588,-0.020193894237849064,0.13953221225082907,0.06326707703098913,0.10976460590227495,0.1221557030224006,-0.004541300223709303,0.007247913089508758,-0.055988127766818135,0.05980210540409212,-0.005863140454193966,-0.04294401812263201,0.08950367435043875,-0.03701271234162636,0.002920674468148503,-0.03747252789415462,0.05263058414187081,0.09382627555190536,0.10789721580977707,0.1101684096724146,-0.1535727877091302,0.12274525679943121,-0.02344245320203619,0.1723533268902549,-0.05999442253775019,-0.05574098452178092,0.1465280860645511,0.08939241430583271,-0.03166964862960487,0.038778718706105254,-0.013429370996633723,-0.11833116278801895,0.14104067492703948,-0.10774580491428312,0.04894334212068921,-0.22043157125999244,0.008192235922014129,-0.08116498854947926
0.06015281139062577,-0.017603316646900857,0.08153312819370358,0.15623632196710371,0.006988825943652943,-0.009072194323716701,0.051299956739213934,-0.02824108121836183,-0.05996589453776342,-0.19272920042899042,0.14069783686640353,-0.09405715244207728,0.02009826567247655,-0.07403097972735831,-0.06007020753498154,-0.17126246532640177,0.0426011659600411,-0.010316472809793269,0.0027927552199781716,-0.0477106888705178,0.12354735021455511,0.0976464792383258,0.002340145420024248,-0.0025099655915290296,-0.03983472862586271,0.14151493301410345,-0.1307914674189144,-0.1583877757528978,0.012501096237990037,-0.00451265806759686,-0.15924285214516318,0.03195079956269161,-0.07239017203850708,0.07046990339732963,-0.020540648860502084,-0.011151864402047488,0.011038530419108072,-0.056640056291594805,-0.0775317932485773,0.057734793443305295,0.018404853357029478,-0.04781254104864104,0.014186023790160778,-0.001191979842488977,-0.032299887478442875,-0.09022592411913417,0.11386342128599496,0.031387348731636344,0.06710008134846837,0.028455740886259764,0.055021374634644196,-0.05155598698458561,-0.05148393207299992,0.1204256905901054,-0.062321674098983766,-0.11245311819797164,-0.09385455019521784,0.1054149712272157,0.14255785321323744,0.022050724337727486,0.15491199821065932,0.0084988879331455,0.06024541645595828,0.035908460949059154
-0.010626873019777184,0.04485562244744986,0.16879485318168627,-0.14305180671182285,-0.05954597168568894,-0.0830465386834357,0.1424475039875915,-0.06249373915949397,-0.1111262978470389,-0.14479119549798394,0.03862201499873449,0.00965066527586252,0.11708969895587638,0.05643122771623626,-0.17458291947749374,-0.1471154945582044,-0.09275199116332242,0.12782957978508724,0.04197361500266275,0.08671081825237636,-0.026592116292222318,-0.060228314861277325,-0.06443484283443585,-0.025510125265380497,-0.01795671901824611,-0.13400599896313933,-0.1179305529640751,-0.12433735239715059,-0.029152595395727076,0.017336052052336782,0.10736609892806107,-0.1864326681251971,-0.015295537057185308,0.04482717421898512,-0.01544606238639152,-0.18998789901901117,-0.022700076950444233,0.05304351025419093,0.0038692738316772135,0.057257603989556795,0.04584394474055846,-0.1292439227781527,-0.14409960976337988,0.17205333513031462,0.03518275976496148,-0.12467668985526538,-0.06952440439741206,0.09630043617170755,-0.11483297962132387,0.19865517992094925,-0.022703829918214027,-0.13225412522985505,-0.13223363497717378,0.04670144481196986,-0.07812563377999816,-0.16656942061650404,0.054517816663220545,0.09026647223683103,-0.16510597405980765,0.12396369986336084,0.09003285049711925,-0.07263228568818995,-0.002544764940245341,0.09743541598427188
-0.15972651729695478,0.006336133481759833,0.012597375399565977,-0.0306658173213096,-0.0925947554494118,0.13345754094675166,-0.06221502261780481,-0.1488992449989909,-0.11949912499984275,-0.022962476466760695,0.0357036078226127,0.05926801741296921,0.15238108715936852,-0.1095166341884246,-0.055160522146050814,-0.05104029696666691,-0.08129171915132825,0.11538230145410311,-0.12217503595141614,-0.1312985167543804,-0.034563948494570146,-0.07351488468188895,0.209790586745476,0.09784913386627911,-0.1709111025374844,0.010074696232781179,-0.1567741161979371,0.034628187069304886,0.07076374302651985,0.19335132871586477,-0.09656621025645036,-0.09282851776234992,-0.10597790618506088,-0.0197920328852938,0.16252801200946207,-0.14085153446890708,-0.04665824639488229,-0.026760017208793,0.07961357179608808,0.1419728740570186,0.05315712004217789,0.021250142601675463,-0.033296787487468046,0.039765794577700964,-0.08769227275824817,-0.13205984187031083,-0.04315083863899327,0.09901270645994682,0.08893873994571352,0.06905755131871973,-0.03371652380377205,0.019794487605637727,-0.04846404343799877,-0.10584331358680919,-0.09155260414156237,0.07362562335133906,-0.12401793383392629,0.007374789949016581,0.06663798250198465,0.06709460348560406,0.12181593051647606,-0.017215641597156935,0.10389971849829965,-0.014996695426172744
-0.15654385162007506,0.1680509372813423,-0.1741827753696693,-0.1250619544554933,-0.17746914766503633,0.16454305618861403,-0.14012258040745776,0.1989347991220699,-0.014471718466084369,0.04919426503365248,-0.007931716609038464,0.022573806024539234,0.056324030507023504,-0.038963506733347156,-0.034225745631166496,-0.07833890792539752,0.1004501888382603,-0.1779249547486108,-0.03222142445497224,-0.10920660002562146,-0.10133189514456512,-0.06493589622261366,-0.053213369233454315,-0.07778632270827301,0.008905764478397521,0.06316577351591605,-0.12376620077464211,-0.06357130172349679,0.1951237091735981,0.04816630094747439,0.14369018499410768,-0.06270738979314289,-0.12291283026335684,-0.17964279669249758,-0.07084765501650615,0.09831891258562332,-0.000293420274231246,0.06176668275822975,0.14644291595054199,-0.06998358071149985,0.03266200255782151,0.1404739964217225,-0.015259706770370264,0.028622549501482165,0.0512436024254334,0.12508864273491146,0.1362062569235132,0.14639093607484757,0.03961757380333281,0.22841999060558635,0.1318787856277913,0.08166956588604364,0.10095635162130252,0.018755851001358105,0.017289131290188237,0.18256526667758013,-0.012958780638582912,-0.03925376993985266,0.08595844927251518,-0.14383070758126681,0.05558638772370347,0.04713020063544438,0.1746870760567082,-0.08103255971042783
-0.19316552763453124,0.2273730362219685,0.13508888476059341,0.051157887094128336,0.07380957926653256,-0.0023644048209128994,-0.05300828560718981,-0.08498865044568543,0.03152449453110509,0.028715807050124022,0.04706977236991653,0.06408938625823592,0.05528624119751048,0.08676207111860466,0.16826101823541428,-0.10868366119900742,0.04349792444573263,-0.1406699668572173,-0.01625618522594946,-0.10676297148805017,-0.05282371783429838,-0.05523995678819732,0.12544659646473078,0.006678750640382805,-0.09629487080516491,-0.1748793161105994,-0.13441218253181197,0.09540245418447527,0.06872330813734971,-0.004346912084605557,-0.16191067139119397,0.026180062377501506,-0.022393994590781296,-0.02866207610692661,0.14491142435383958,-0.004715914271621376,-0.22707522387153511,0.17715650177177086,-0.06878890509415272,-0.10938937167970282,0.04746850339510042,0.12363675773726374,0.1268645047971849,-0.10690428371419487,-0.07585330125334333,-0.127350509780958,0.019478721144555376,-0.0570480908761971,-0.025187062688529632,-0.13753128934712805,-0.02372635480529167,-0.05501470036481185,0.1449981395369049,0.14495377818683552,0.12461982186173204,0.019681852485489336,-0.15191938669669983,0.002242323164760897,0.21813879102619177,-0.09102889011682327,-0.04600987845797507,-0.029332064850453712,-0.005360082802336051,-0.140325183723253
-0.26077093093295267,0.025914631929039946,-0.004181174782906473,0.0076544403614807405,0.04089469399262117,-0.02432606743645312,0.175554554910765,-0.06691662853277144,-0.020954234252783123,0.012159458152185892,0.15887609866001315,0.007949263579417444,-0.12949746591352312,0.06636156880686556,-0.04194460915288859,-0.034206416547415505,-0.0671444801385636,-0.004735689180419974,-0.10642064658306603,-0.07263458325175381,0.08814755361664796,0.07602901406606269,0.0957148485363264,0.002605874821231644,-0.21567192865510562,-0.1376585031750512,0.010087558492845301,0.152307284637728,0.14170123519329939,-0.22513207217422704,-0.1892439525812233,-0.0039506635786136935,0.05934540249874839,-0.09902566154968,0.08676581935451085,-0.09753247198299461,-0.012399884488807668,-0.012892263860544768,-0.10998736806666126,-0.11035754166367111,-0.152029796816402,-0.07437197611236909,-0.15142251972205964,0.06389605814811943,-0.05247640713626679,-0.02710278213771978,0.052899667497979676,0.014715176417862894,-0.12020174875356299,-0.20498596460897298,0.0736779810790589,-0.21090715737130317,0.12444148967236658,-0.08038489264041611,0.02570151930363462,0.031034626080774022,0.07986132854388887,-0.08311884017949377,0.00403982193035299,0.09186955093202612,-0.19094182167282325,-0.11828102789823607,0.030474023513980077,0.055969661420504205
-0.11196509848144115,0.02988103304727549,-0.04220674203252876,-0.1365163308111069,0.0648521610192437,-0.028787205933433643,0.17790007106913838,0.07651077122502477,0.16751611389884577,-0.11392217667856289,-0.1409242841269906,-0.06031567304750438,-0.09633726131021242,-0.02860467231965247,-0.10143603261093931,-0.05521372009544048,0.025048996074267804,-0.07610300485718471,-0.09627209613687543,0.03459991685731986,0.1373724599615983,0.09799539370246424,-0.1478984298928406,-0.03325536660095705,-0.10367924385735162,0.001939132499397914,-0.01839777296790289,0.12190818862341143,-0.10827264729844892,-0.1296497283865096,-0.005213993656411834,-0.11670288843422759,-0.09765191358574744,-0.0016580309896440362,0.04128851804474041,0.020876473424291785,0.2214031306476503,0.03347487922531532,-0.09474443309624883,-0.08281619088245341,0.006352363872497485,0.10399859787051544,0.016774188553936076,0.11965251233671925,-0.03993607699836106,-0.020200445078139777,-0.1361984981790483,0.07908444502680655,0.014848599100913995,-0.26110927356164193,-0.03836787990144413,0.06521929811791609,0.15199374112824535,-0.02389242428321077,0.11670328659598136,-0.1393106769573569,-0.13636583734507302,-0.050166802861966855,-0.21086123163870588,-0.15360658200925698,0.07545689535662393,0.018552373672846748,0.09145225398886565,0.023558467345355306
0.08791161648783005,-0.1834917426034343,0.05529251872881931,0.015563532222541901,0.1193152222754857,-0.037991467317037404,-0.13598914382961633,0.04765771992970306,0.11596257812558902,-0.06952310384205934,0.04296741324944648,-0.06146678017605899,0.14055580081301552,-0.15557359209403238,-0.2788327528848331,-0.11307183248298372,0.017057337586912368,-0.10526856655816472,0.02474878386348278,0.16390185213940614,-0.012987998861996667,0.04599931014445102,-0.1910693561814419,0.0015924576454451021,-0.006832722679995211,-0.07470905388331527,0.002720685438231262,0.027848277705001614,0.1567556941058497,0.09631729139071014,0.02806737123122674,0.16225515494549478,0.2179330031857578,0.0037579477311992407,0.0017534899716092711,0.008359210258201877,0.1320702690209547,0.07399332338500823,0.1424752942639573,-0.16907264426596583,-0.07293854787954834,-0.07890925420371672,0.1553947691884793,-0.026496810895691603,-0.030768525100396696,-0.02052732865199665,-0.13924574302602044,-0.01744726028398267,0.03831484877320686,-0.20741987236940865,-8.529231074238372e-05,0.07076706822191833,0.21973757736101646,0.043569225323358385,0.01634661833322967,-0.06481615062333261,0.1505334743215643,-0.06094101841140535,-0.06780766349560031,-0.13295891948172575,-0.02236481212829091,-0.16580838724806077,0.08519007012814966,-0.0012824900940360568
0.061463494307027196,-0.11866099800741084,0.06955136167903886,-0.17505991160831247,-0.06331957911326772,0.02020427749235236,0.06510867883414503,-0.04498799170097622,0.009199568515527338,0.00569369107319845,0.15906766862507635,-0.10503308489156395,-0.009211055460184763,-0.14969434521387517,-0.17328710415833143,-0.14383227155062414,0.09893109156785436,-0.10435614139949967,0.10746163796425741,-0.12883739794177876,0.10533140318866156,-0.0028054734991432074,-0.06429402655482676,0.027667976790534177,-0.061029492396873955,-0.049488629076190324,-0.06372019987255503,-0.05326886647463053,0.06012956686285452,0.09876502391128941,-0.019414936677626473,0.11130522374291377,0.15927871075677705,-0.18563871739001941,-0.09635326125859422,-0.0380023991151902,0.09467296376278271,-0.02497037496225383,-0.01411356015585738,0.012113972134861954,0.034140079564421014,-0.058515472769992485,0.12102608429187788,0.07661939282342725,-0.06857047856470648,0.07953330306850223,-0.15612484525246562,0.011267265186411113,-0.111558400714878,-0.12729653029114557,-0.02838325572784868,-0.11485833797811724,0.09946438979487156,0.05147476013936028,-0.09909446358484829,-0.11041748352807958,0.08012775080284036,-0.19563102594832396,-0.07342880773172213,-0.019744670438734065,0.12980904223578274,0.02400436056452883,0.08231999402599932,-0.12192750215636527
0.1393327794654333,-0.09319828451919383,-0.11544201865111466,-0.011906061835162931,0.06722085127406638,-0.19944967209948516,-0.1788522272317769,0.13949880016289437,0.07941330651825862,0.09535755788577087,0.006508017701435162,0.12501497080517482,0.0796086017802218,0.01339963076475059,-0.04454287176259278,-0.16598389091802443,-0.04767832459936962,-0.025861752326799617,-0.056178645284075866,-0.012963079621964134,-0.05592207842967711,0.010328385446267255,-0.10597541358104387,-0.031280369313492776,0.028119668762070827,-0.030818516151793922,-0.05471828328766968,-0.06010473774923435,0.1357785334032141,0.19829414684603122,0.10096565909851304,0.08764211104329635,-0.17816653788134934,0.07753659806541996,0.1947327618459641,-0.04165553544871047,0.10897966127801009,0.083845555036246,-0.019337440319983183,0.16613478017196792,0.018131583639041784,0.08684814117943088,0.02342262831504177,0.12069952577813008,0.029387398324021884,-0.05554630918167637,-0.03802202602794175,0.18298664175179352,-0.027935660115817815,0.1912422572790905,0.14696914860388482,0.06288636893739709,0.0036100760239134847,-0.04979400410418755,0.04680250836032831,0.012827175778648739,0.06099621945771906,0.02588563830236826,-0.07346617265864841,0.09781192904953076,0.03579024282626293,-0.06714902698557156,-0.0058714363144940366,0.08325597551035312
-0.051270753605730475,-0.07516137474865402,-0.08594115459954181,-0.10828166582167671,0.013835392836086683,-0.15423386705069567,0.04575726628274161,-0.029592782371543436,0.03953839178708101,-0.07002081588005571,0.18222676259674295,-0.00432199618104576,0.1157097010735164,0.07297726772554632,0.05891897283950683,0.0691469414627826,-0.13396359172509528,0.0806103520795617,-0.0847739697424596,0.02651690618127472,0.16855205907063694,0.06955501245663301,-0.1285070844661006,-0.07118139812025029,-0.053353195313505346,-0.1239652173027096,-0.09069980651346735,-0.08963087571607486,0.14251059536362887,0.07181176638952565,0.08161894467437764,0.009290713563957994,-0.017951523829298863,0.09987311107058745,0.07648986034535335,-0.16611530640202524,0.030774776274149193,0.19396545558330408,-0.013753337405458832,0.01926673269261861,-0.139918677486015,-0.07450574836146746,0.1036559370384408,-0.047719945177749155,-0.12396624585754387,-0.0019371644736835287,0.08454777199387971,-0.097690613693271,0.06452093388576703,-0.00912726585306043,0.16055764035383663,0.17437964740149112,-0.030623416191341412,-0.10229828385123452,-0.12957058498889068,0.13942552230348837,-0.13596174522735216,-0.13689164846703472,-0.0815732016451955,-0.007882339764517498,-0.10265354584694265,0.09265292766997278,0.13732149989305542,-0.06527173396353898
0.008838015749726839,-0.012906733781939964,0.06737258898859473,-0.016315806471640517,-0.11540164605112016,-0.03852340659897616,0.05120468323031196,-0.13564822226384682,0.012228232533353122,-0.055967209712296725,0.033438895845287156,-0.04528450492044827,0.046105229928503556,-0.03992425129933906,0.12023925722624483,-0.15757006704169055,0.052293446798363,0.10068944348304504,-0.05615415705237043,0.0460893147400795,0.09450989967980415,-0.05971188888410621,0.09725624218796733,0.11035065646170704,0.0326843813153875,0.06778100472752016,0.018904460989449482,0.012530771249328153,0.09364597842673215,-0.043050255176172704,-0.10557721323843047,-0.058088314431253556,0.03462409750726674,-0.10086533629896138,0.16351460224134237,-0.019903670958927557,0.08965166220974112,0.0020587834937458274,-0.05637641884379049,-0.13678856824730842,-0.09403913917758491,-0.04370651999292324,0.12645541740708477,-0.06938475237706919,0.02574782741467635,-0.0008018549296497538,-0.08440273444769948,0.0027569420189295832,-0.05924208626593393,0.0521532684015464,0.11406955099372353,-0.052314815986500354,0.07663110044884502,-0.06235122640090841,0.07093725721800657,0.10714226142502026,0.0934155222967277,-0.18564718738833913,0.07744977262037894,-0.01653284353118354,0.139308003242977,0.09672581571793182,-0.06037216953263635,0.05200921015371073
0.0990774383502669,-0.09982128456013324,0.153068419599188,-0.06270414771755882,-0.08459481870873023,-0.11181795956489558,0.08242190161395278,0.1117479413315733,0.11221960201047525,-0.12425239873064144,-0.06367525510871701,-0.13440532168121658,0.0334433986429495,0.0181319557492382,-0.11287978452371973,0.039177104785641265,0.1387176654247272,0.00391292302428951,0.010433416649314037,0.2055643345366033,0.05153871268519376,0.04084109207565668,0.03943235072552972,-0.09162593996951007,0.01644536087323564,0.09061579376909677,-0.014199589563560149,0.05616597950640078,0.04671525027654818,-0.023509632295492567,0.020071788407414252,-0.037975450782404246,0.023448267022505864,0.06964021062303472,0.14288864807425863,0.03868820894724732,0.08542883872598785,0.04245868573613136,-0.13677292791366272,0.08370727379615489,-0.12891726115780633,0.03759212390825754,0.034021211125770306,0.07696529432505993,0.11623381779322545,-0.10773894206039954,-0.09491840506069607,0.04624916746638327,-0.040451342944858346,-0.062201393557869446,-0.1661071841321546,-0.08684262386240549,-0.0368218980388553,0.10846887720244283,0.08425984260245088,0.049467521241298495,-0.13292333195345837,-0.09156671019414041,0.05201503804458418,0.1538885643784877,-0.011283758595875269,0.005105453370457747,-0.09755079659015604,0.026587982339297555
-0.052945445579847726,-0.07324652169576418,0.007098853112131849,0.03601119229432193,-0.09511714920862777,-0.03154276258427576,0.14645214334342224,0.00462502652812456,0.08132336457848498,0.06530963978232705,0.1387889517888089,-0.05023266927777604,-0.0888806297963745,0.12478091901872095,-0.13373847533385766,0.08964238323405421,-0.06026672954033883,0.09967446908290284,-0.009672173978545572,0.14884836506088758,0.028634536820385057,0.25054687423508565,-0.10511134609125448,-0.1196647535913938,-0.21707152259084234,0.1558006070670435,-0.026550772330683314,-0.06289610351606782,0.035396578901628555,0.054784444614547116,0.023539464568916132,-0.054671272868107315,-0.15417855250608284,0.10402443144220946,0.0715530931837487,-0.24032342599447284,-0.019307732792543948,-0.03148809522208922,-0.11102823612624303,0.12466850167126352,0.14109469684052037,-0.08167628695824071,0.1052352292256442,0.06875540259040801,-0.11169078695889635,0.045961082278631445,0.07442697767076875,-0.08560702219750696,-0.206722876136549,-0.014451607999536514,-0.06291318278745653,0.052754570359375114,0.09481743785448143,0.08107442868649192,-0.024820982295163843,0.05976374331896485,-0.08171060540294034,0.12471683946604853,-0.06512148706096915,0.13083992542199685,0.0853690078187616,0.1219844439274981,-0.08036373303646051,0.05484133354652105
-0.09860335208924441,0.0821112394668662,-0.056031512898937694,-0.15456597505998673,-0.2541272519584191,0.014377877489393818,0.1278747430325194,-0.05575926778243984,-0.08675656246935157,0.03578430379989834,-0.06972310770652293,-0.045881606309430015,-0.04285198342090022,0.061012446269599695,0.0900026792642137,-0.06074129384240212,-0.015436163975086997,0.03308575858276136,0.014149108545966358,0.08202386898204887,-0.07621688870163781,0.13008311488946056,0.06712986704657838,-0.08401538331131335,-0.011390138107827673,-0.0978122061115696,-0.02542750639756333,0.13498907047266814,-0.06125789239097351,0.0952654708313847,0.030680356198120578,-0.02502162754582664,-0.062151555697373836,-0.2109622970119803,0.07780012050793475,-0.04353645389565471,-0.06196840682680629,-0.08971111793740116,-0.10321054301502026,0.06735853236985155,0.07198875675804374,-0.03845754376514843,0.017327822310634875,0.042983553362311445,-0.061293426124381906,-0.124130343137752,-0.05420334146535533,0.00033245576983549136,-0.13584176587503352,-0.004734499322118172,-0.05229393434335466,0.09233566284603906,-0.00664048053314983,-0.0865423276396172,-0.07143984714657436,-0.02359021436261162,-0.19102730800007603,0.021123045076070036,-0.015473707872267413,0.1333910576629504,-0.06008674800557646,-0.09550178905019648,-0.17843646503149832,-0.07020671105349593
-0.05987328367359097,0.18548234202752595,0.0841814765485889,-0.18104279260889342,-0.016474860789212512,0.003246718893411468,-0.2256840515053346,0.07067396851731339,-0.12301289820106084,-0.0662539382377741,0.04422995276234408,0.021944250654524697,0.0816463245272922,0.050393378292515,0.11872430349597088,-0.048217862503032685,-0.12103523393103414,0.07809249922583025,0.040143961778636654,0.07697845495906154,0.13530344417629264,-0.1672964995003336,-0.05520445312684042,-0.12430775035786584,0.142873437485293,0.03970719013932567,0.009828791179951652,0.13317806671985544,0.019434526246142197,-0.03244187971407051,0.06388358895197696,-0.10732067032047769,0.125273915460336,-0.06790483697516629,0.07045219738448953,-0.017815417956688485,0.01693976618087459,-0.00936503785956838,0.1245903329423643,-0.07049073940249168,-0.09553301872522403,0.06660142072648968,-0.1092352012577853,-0.009512255070827954,-0.04188321735649326,-0.06401739187902297,-0.22942593845596088,-0.05501022563731478,-0.11007254036508449,0.21040824221868848,0.03317052202894189,0.07900404168307155,-0.1285012645869446,0.08933809123187149,-0.13340777039570895,0.06222484391296977,-0.1203163370033964,-0.08969921164802934,-0.07104161884153062,0.09094154805481422,0.08591785656727532,0.09157982645432074,-0.08660751984600062,-0.08154710342788958
-0.07766878869989283,0.08160819071650209,0.15579440880287398,-0.07373513299153381,0.17153390242915684,0.0556833004260418,0.036267508363332535,0.07009385107589698,0.01919190355641521,0.04058407676980445,0.0777950687023199,0.1339680775567325,0.08153933807031472,0.09379593858975623,0.06462296562981418,0.10715481412369954,0.09313140132142174,0.11100482443200076,-0.0017168568684055468,0.07687042189027543,-0.10816193192414023,0.2118561632385838,-0.0006555379408051262,-0.10613820328248182,0.13644001082270302,-0.020153491958916265,0.13867200757194287,0.09700573251765353,0.10490069136320504,-0.11193829527488383,0.09165719457884193,-0.068730489712228,0.20595425677749105,-0.19215952713766965,-0.1453351064679132,-0.02754652250908423,-0.06596688056543977,0.32478404840943953,-0.15009952447882036,-0.08931435816148528,0.09296339393349566,-0.23837051329434597,0.024477734561426746,-0.11103793704271402,0.08294679920689303,-0.05047517483935392,0.12412041318113223,-0.03131306853303819,-0.19361315274891772,-0.00204685176601594,0.06777711655448819,-0.24062211882140103,-0.019902295870720052,-0.079392848632554,-0.028511398758137897,0.18450220954386348,0.03053583519753264,0.028859795500075905,0.14362543565532604,0.04643273001489774,-0.09587227741926373,0.01761547399083689,-0.10851410518966997,-0.00090949659446675
-0.030271611105987258,-0.009552891170773965,-0.06276669382752666,-0.08669529520051102,0.23807890524965605,-0.04377783325272317,-0.13575495026266177,0.04801883647694007,-0.033441632422367765,0.014908297344663573,-0.033919883999095464,-0.0107641050262561,-0.04749624561785102,0.026052085596608564,0.07868066795288658,0.1155725305258064,0.012234197011671695,-0.02019119263741948,-0.06504123571021145,0.0496430379216384,0.18159618042853715,0.16793595414314247,-0.036483876505000346,-0.06419122167965548,-0.026904144995946327,-0.10727207226688022,-0.17383999463612282,0.15491038403034224,-0.045661622480180464,-0.09542257693841483,-0.021932830058471978,-0.05673156958702599,0.20628300478062103,0.04052813227067417,-0.16208573180350735,0.0030505893305309726,0.04115028949625322,-0.005436182714110529,-0.11011862660521872,0.010733236396005087,-0.15124792674691542,0.24796480965043136,0.09291977925009207,0.08311832210553827,-0.008496489468077805,0.16793666889609696,-0.0774274211783244,-0.12402420813956666,-0.1300539174223978,0.0374475854519146,-0.02740583468172954,-0.09097201878432348,-0.1095273878400539,-0.03671236464470234,0.023772589943646942,-0.07685025451161873,0.08695689884496835,0.09033909180106865,0.057320387003888175,-0.0690835790410561,0.17815825593109552,-0.01691303255270688,0.11574899919126892,-0.17264982811548654
-0.11065042497702843,0.06552801655311666,-0.13887511553165566,0.04451974811814437,0.06516847725538194,-0.02382473210199685,-0.06370669897694728,0.1511852672476974,-0.042758078460354405,-0.06395117037339758,-0.13369882243710196,-0.06802035395992406,-0.10065739835137197,0.026271751088077798,0.08345915885732795,-0.0572432473054713,-0.07579708463016956,-0.03025897133354388,0.025277969030893944,0.018967122760195333,0.03497488794436672,0.03858979396909381,-0.13660896517441487,-0.06176804387617821,-0.2083540957182378,0.0794408384809025,0.045573723706424714,0.2172549245683539,0.04454787759324391,-0.16641478903352208,-0.13263330983919447,0.026905907349243745,0.1687164109694243,0.1139098780491661,-0.17259430653002297,0.15025492941712051,0.06830478279222953,-0.008057066519590133,0.07372038600555109,0.15634706187448036,0.11970593846975622,0.1904803600784195,-0.16568755214964795,0.2032249754198796,0.07665918950814062,-0.05852364262997406,-0.16642398535377131,-0.11964031227955636,-0.1210926686424461,-0.1267062664494135,-0.08275293385445306,-0.16703987901228437,-0.007971377066595734,0.010534300556863229,-0.1375699462123956,-0.13013390681090295,-0.06463846373864185,0.006465321918609658,-0.22287169218579472,-0.0684673448745638,-0.09665054808646359,-0.11414243067620455,0.08579178048194885,-0.2789178735598813
-0.11441941716377282,-0.0456642717420045,-0.02999877341450766,0.0661188715518023,0.006446524486479987,0.061357783736681784,0.07233243719672924,0.1277234444642094,-0.017262828293417267,0.035579316520282386,-0.07623863674449277,0.0034993661844339298,-0.16609979612824197,0.0666701156681202,-0.1288044229049711,0.1259837540462788,-0.057373433455664404,0.07447094492613583,0.12037599457239613,0.13261382015796583,0.018372841412120505,0.13864187495139702,0.07623879891988124,-0.02980895471560493,0.01594405779050439,0.061575349072279004,-0.08548721363251843,0.20319437482769262,-0.11664501745158394,-0.0052919599134718205,-0.13195545823518712,-0.07891921597340672,0.057244608392688856,0.07484848946984199,-0.10818793696599352,0.13668887481584593,0.10251077646665681,0.04163643184315994,-0.06044753184444928,-0.11363421952449995,-0.02085248985545279,-0.09595216984279883,0.015488919053913424,0.14643463666840698,-0.12096931448104091,0.029427564745185885,0.10140521880326284,0.12123496098932793,0.05996671728489927,0.025770067564814148,-0.06525058890790417,0.05329568413920953,0.12613662701573486,0.019061940422624955,-0.05166081678799311,-0.020183371595786415,-0.06559238931328644,-0.11192628865347687,0.03538017325509319,-0.059111752013010395,0.010262159064081958,-0.11877401890463633,0.12337650907991823,-0.1434974693910326
-0.06958984616425203,-0.010470282806656645,-0.05669935811493312,-0.16297348247459237,-0.04927177696291563,0.03283619538402533,0.012422287626878203,0.0016531092290141532,-0.1546844639341394,0.08770428641065554,0.16226042914797062,0.07014351556291194,0.10404148103011918,-0.0322472124057153,0.021825178124285277,0.09187899924012047,0.0460574132927049,0.14530637433239973,-0.022877229675960724,0.07825925277721069,0.016681788183771674,0.08498745377073125,-0.11454233885743006,0.040678120169881135,0.07622990574199456,-0.1156288027749765,-0.003521019942951109,0.09661294252958123,-0.05180943806673865,-0.001672547028721573,0.05869312151077246,-0.014408440480162365,-0.09553865976107513,-0.15626121571053295,-0.08913555048074484,-0.10031624449004217,-0.03054311756415207,0.09816076388086815,0.07637200827219659,0.06107050184486777,-0.14688227937084478,0.044891430328460116,-0.07923126535340283,0.14971267761150073,0.03075905017992143,0.137948242034279,-0.1793082914255637,0.09741222696441261,-0.020778269884671605,0.12531008044572328,0.026481033228786977,0.007615388800458511,-0.0892711718621439,0.048886938696725016,-0.06538949160824532,-0.11603026839484903,-0.16018453032309837,0.09925090004288346,-0.08691305987833212,0.09884461048883701,0.17206755321568162,0.06577165758161323,0.1410115358516279,0.09333392518924255
0.025755633596952113,-0.09238451811962131,0.027835527165313408,-0.0306244178535166,-0.13256429831868338,0.00045803697411579334,0.02352280868995071,0.19215349899729328,-0.029561209699405136,0.07547664930579023,0.009111227510287444,0.003233714913770536,0.14038816335773913,-0.11927442524441027,-0.024241132494218227,-0.0014332346162910686,-0.028221954339966472,-0.009224941873944976,-0.05808629296351457,-0.13827459295971656,-0.007427288208926352,0.04784383201236342,-0.00498681377807682,-0.10420385176073327,-0.06376241525540366,-0.14801533747144027,0.10701377922392345,-0.07228299171257162,0.18599361075862475,0.008615688738273062,0.16980636718512887,-0.06804700863325609,-0.06595416738434842,-0.22193641975231407,0.059875062007015464,-0.10957134931494446,-0.01280683937995887,0.16795948730668786,-0.020010092679102684,0.0010725920156588683,0.10061492165096345,0.049131235016983035,0.10008417692387854,-0.023592164637875064,-0.08222176960026842,-0.06836382374621423,0.12987813185002733,0.15892397584546483,0.11607692460354667,-0.0008631188604029392,0.14929563750558625,0.024391751996967213,0.03808364962651687,0.12367662202633133,-0.10536555129686656,-0.05034485401084467,-0.09175921844304293,0.034412477965147764,-0.050832301573866964,-0.029775977899027747,0.20403269939004806,-0.04853215095655733,-0.046851641823335385,-0.0023424714040607246
0.09499105359775384,-0.1460193775081891,-0.004694756226994144,-0.16697821074026298,0.010529678924413156,-0.12382465854884075,-0.13759138187370226,0.05495169019913379,0.06041588182354519,0.12567872809102273,0.16866859425519684,0.08398027260963722,-0.1735818728446285,-0.10546555357562146,0.1058398946890218,0.015340463119520104,0.16820367304665385,-0.08151730752201028,-0.09023416703364481,-0.06337837725992362,-0.027075916745875256,-0.2257769753056607,-0.03547963815558869,0.012337454572437267,-0.08870995783535819,-0.1386442080597436,0.06495570201031418,-0.05428647767321912,0.01039713954553984,0.053975331635657466,0.1726958297419703,0.036574537505016165,0.11756595648169679,-0.008742125463195595,-0.025549649846684175,-0.07775646755164937,0.026746588182156396,0.037913267829493974,0.0867657989327294,-0.0759705796153841,0.04125914004947623,0.1337918526571945,0.042621865692779135,0.03547127376516342,0.09590422884837516,0.000138329897283539,-0.16773159857939113,0.14119271818612208,-0.11282641331083809,0.05460628258267399,-0.06932879815901281,-0.15696442106585687,-0.09823790226612317,-0.016591172953004787,-0.14553063186952456,-0.041746790387088,0.05768209159811874,0.050053022469939576,0.07760615746664544,0.1014234853506658,0.007853697349664759,0.09349001051035626,0.03879214260219603,-0.05678962150601499
0.0027707493001802516,-0.020778864585933535,0.05671512294329888,-0.02108249893279179,-0.09071961593108334,-0.10907409396512745,-0.0955073723623927,0.025020535774302497,0.2439252603832787,-0.02331922805070635,-0.08063168564747995,-0.09926095624843134,0.16803122055890457,-0.06515408472555678,0.11057173531009303,0.04467805000596673,0.17041154980070766,0.027131135044243256,-0.033554875694739104,0.04502612428710629,0.08218949789629183,0.1609285101054459,-0.0015447253501495678,0.006227558193439702,0.10218146717864471,0.10771590492216115,0.06485607404267113,-0.10980507093798118,-0.18044705444270265,0.12734668539452143,-0.11421500129917976,-0.08185983402594092,-0.015429543462171435,-0.01441926675819612,0.09560198994052603,-0.03384191326114808,-0.04062629816253898,-0.052296503834932805,0.10058329584320676,-0.07275280879902608,-0.1304743973236898,0.01499908031694027,0.0714763682831767,0.024975259114003896,0.03322604569229583,0.1302207262487037,-0.0912755951117691,-0.10184173840838237,0.012556307840434546,0.07722860294905806,0.04211533394057211,0.10004273502590157,0.05948603162921009,0.10573078428771689,-0.16129851829736305,-0.11192440448914517,0.061008529701681094,-0.09268042860486381,-0.047635582393828244,0.10241113505755252,0.11424840289629122,-0.09422531372164987,0.058993613524278246,-0.1075102290946522
-0.19410133354830364,0.0017178018525055422,0.0803027473860828,-0.14195373327097674,0.0006809021845297943,-0.08647141863527208,0.22352929404586297,0.03705820730890421,0.1556207190254435,-0.0713413071439342,0.02667256257586067,-0.10081769878414747,0.1340946190643932,-0.06368976890522637,0.11481829539820103,-0.046370129743182886,-0.018066609753942156,-0.032892330299897576,-0.045640797155032324,0.16449760830968002,0.04154250375387873,0.09359059063827883,-0.01030798128245778,-0.10081793253021858,-0.039579166198871,0.056628247131591376,0.07748723554020573,-0.07079137268300009,-0.10752530915190325,-0.07432679073369979,0.05294568835962387,0.042151553379724,-0.007443713326798674,-0.03784365691231158,-0.12730947245802604,0.07058919680996581,0.1386376028026191,0.0035610406036846176,-0.07001847489113269,-0.1023071988568451,0.057239537909417,0.0066015186704319,-0.09426994730061558,0.10949519559006235,0.10789679313705772,-0.015040950780330796,0.026125494177452854,0.08895337319604409,-0.07390330622952207,-0.09904917081252958,-0.17954177851685071,-0.18994316869817204,0.16394872853713555,-0.017110414702364806,0.0008221875845513316,0.03909975158700655,-0.03712455090091566,0.11875773300534037,-0.051896003310704895,-0.07494294852854295,-0.016575938486805407,0.16879351776451373,0.09191819354481566,-0.1596690540110693
0.08803085665696425,0.020708502788201164,-0.07535778347561216,-0.1486135876651864,-0.055466593131456694,-0.10982795148399586,0.08604856152626987,-0.11730972829958634,0.028115170511883936,-0.07091868765541555,-0.1268343218980502,-0.08295689759284357,-0.041933249217264434,0.0054732749794198345,0.09406279343026755,-0.1299874161810522,-0.1407492303771729,-0.12444533092056749,0.0008973723000160312,0.08544999392311638,0.011624215910031878,0.07549471164076572,-0.0909849570341257,-0.04461155437500328,0.0019116259814508912,0.07586679199107335,-0.10488846119757532,-0.03747984517298783,0.006883248498086528,0.008209473533509867,0.021774593387128883,0.043647088999637824,-0.17429559290048016,-0.11306455008458138,0.08839194486379953,-0.004681985809603898,0.04183672325702088,0.10682212464072345,-0.004742649798930501,0.17553790987272658,-0.06741725296121537,0.04486845002742202,0.012537771515089235,-0.0867282688765766,0.12255340158140669,-0.11824079300564971,0.14600136596317628,0.002337250175438105,0.08203894944596347,0.15497578800138337,0.14979969841198748,-0.1127304844557065,0.02538254623403006,0.0865041998852267,0.07627627574468668,-0.09748485489335453,-0.03368523545151985,0.0007807330466154085,-0.0692496422161739,-0.015326944937388133,0.06127676842455676,-0.06052372318662578,0.004456093453176541,0.1344590088628176
0.0209735360066231,0.12544714393546727,0.1172281521044983,0.05635748513458366,-0.03770372570183956,0.007426809693112147,-0.08445219772343403,0.06919039650734474,-0.008156320880032755,0.001540372063882174,-0.10257518404194926,0.013236858825455526,0.06718134079184994,-0.04489368019029185,0.1300765555373177,0.08035938254447746,0.019661247164152382,0.15913807720047443,0.05667779588259035,0.18460425729342664,0.06266355104486997,0.011744778330141243,-0.023104875498470977,-0.09996642530101066,-0.021692043321639935,-0.03263727685698091,0.10810674143569236,0.021802144992757486,0.031238375879040544,0.04255625283719005,0.21947419322339393,-0.08636947786079872,-0.135532007232059,-0.015922078964714585,0.10507748508463237,0.05870941518220629,0.021682221911118304,-0.09341218197694345,0.09168372148894213,0.14103253187552436,0.03775843425460073,-0.08961595769412489,-0.09571648618079617,0.06785704498867887,-0.07011126357577067,-0.04605844466307213,0.0883081243384851,0.14247192228796338,-0.004683650145501687,-0.04238838119525435,-0.005783837664092445,-0.1795744481722765,-0.08564961322145624,0.022829675494776366,-0.09090718196115755,0.1521969576912622,-0.12832792834312268,0.02574508255581267,0.09491651174184765,0.08904151470878141,-0.04936984199691126,0.08552427808820955,-0.036174729891677984,0.03059080861821608
0.08594048246511402,0.0036636237476411174,0.06409492505306372,0.006691417142176171,0.017405322958450768,0.036232235195081605,-0.17713394921874462,-0.10098633057538778,-0.212108928811213,0.18528914461131654,-0.12854127107920083,0.022327898759713503,-0.02937974672092614,0.03884006741712156,-0.1266048197756216,-0.07053970132474682,0.023691742412793915,-0.022377881707303704,-0.20261772119848032,-0.0067102661779550755,0.04123895585023059,-0.06617658322928968,-0.20543546225523365,-0.11447909194835441,0.07553536469424896,-0.07949592707928065,0.013662576238951054,0.12108861843493594,-0.12934528389659314,0.005843246408653682,-0.06962542205650818,0.12394544197200115,0.2002562938902997,-0.0010221779960236975,0.02272825286312166,-0.023753856409136794,-0.10676534125948514,-0.16139530643550332,0.00993573786144341,-0.1031776332885404,0.014100896904885269,-0.08946018781048513,-0.05599109013140351,-0.12860778447182192,-0.03202601424408221,0.174352104323363,-0.11804948850288613,-0.01849881634235979,0.00517237651695613,0.09351498667759567,-0.07415502379271731,0.08749246052755702,-0.006874849389700518,-0.04988134730637416,0.1562625883525042,0.10153267731048043,0.026540316992690476,-0.12078475084189964,0.08663371272054421,0.04621338264613411,-0.037108620490693155,-0.12238023501396854,0.03463091686461439,0.12671824898451137
0.05510509792533352,0.09777030997192972,-0.027688490699410356,-0.18564516016343363,0.2266340232403075,0.15526907648589378,0.15975029777804137,0.1153617962327587,-0.1584766921004658,0.16648997656247871,0.10543952397844293,0.007113576348676765,0.09807470632205474,0.010061093098934205,-0.057567013889274966,0.1336293481688772,-0.14908073378909947,0.0010017339700327153,-0.033244426241535986,0.0758942400708599,0.10064802004458076,0.0441805898939718,0.0024739157686576277,0.14254135416432803,0.15040330315914385,0.04457142382790965,-0.07278626136554169,0.021552208812503998,0.10476945735108811,-0.055955888368477466,-0.05966336398860905,0.012914265940168456,0.08484169292577508,-0.22713402243376576,-0.11303907529061943,0.005031911638592689,-0.038825281940925445,0.16030968090396477,0.03237543330259911,-0.023507328663688164,0.055817210081681314,-0.05808604707715969,0.010292455853573261,-0.04846675957009542,0.01711007641570023,-0.08116841897573797,0.05233588806792348,0.032701217664031675,-0.1271096272698973,0.12462753055334785,0.18372112004029412,-0.22679785961310545,-0.1081445787315253,0.14412592653750267,-0.1312514986069829,-0.10972917952932801,-0.07737126020658915,0.060521562255177866,0.047487514526779906,0.005177686398846753,0.15346235745766054,0.014420936175904026,0.12931242055328424,0.09723504016272544
-0.023567263188657,0.1253793506341393,-0.0722116765652877,0.04860906447437473,-0.05300510482164859,0.050771446357175516,0.17369163009879623,0.12764690165483228,0.00888880231145206,-0.09025976519184924,-0.04684860360679477,-0.062307761325598225,0.13794513328919697,-0.09136925184485985,-0.018698465257638668,-0.008926002321988941,0.04796745170936947,-0.08149156720522141,0.10264281568930202,0.06112374390387632,0.005984753465783595,-0.024460406259737503,0.02461702580744279,-0.09928807305106127,-0.058527947155152624,0.09540041314189628,-0.09310322698689742,-0.06183308908323403,0.19600355489763746,-0.18658544504289956,0.13918393151361097,-0.06489961802081405,0.1878890956881597,-0.04237691494641219,-0.2744360534573489,0.19316785767731307,0.19290453820662762,0.08934007767344421,0.07577193203560066,-0.07781856762763963,0.07333954462741518,0.072961506854738,-0.04847006102196288,-0.09880127213077015,-0.021649826846235582,0.15510196205729715,0.036552842519823936,0.058416461585570734,-0.25746417737256994,0.0829433439956667,0.13231332767564744,-0.0930800405706001,0.11276253154750193,-0.09312827991528483,-0.07467502726393452,0.21503328939715674,-0.08958068810376618,0.15037937146273886,0.04448471690666151,0.019649838519648397,-0.03176881691991404,-0.10039824900240303,0.08098407689565634,-0.0496391965900209
-0.013870052313874361,-0.012071476018011972,-0.09337449751025742,-0.0486416859690072,0.10816255247776074,0.06454171589966824,0.09032443797722099,0.20612937129748646,0.1108069908640486,0.1041318189063918,-0.1296855880258559,0.1362351848208389,-0.09725225267931731,0.11035627040164558,0.06284404165851841,-0.016233125594809328,0.01314605196183827,0.09321404023930072,-0.0784042454622453,0.05023302130975953,-0.008649357781438511,0.1601674089174686,-0.06934838075809416,0.010731711583444785,-0.18901676971546122,-0.08145683601755277,-0.06565559444562565,0.1410058667725789,-0.04911799050273367,0.048981453390103034,-0.1621988961033702,0.026522928348343546,0.10702882652575779,0.027580881571491862,-0.19583240546481598,0.1289008549941837,0.026086131637440054,-0.12314358753275817,-0.06380211489101591,-0.0700372285188756,-0.14547214720817792,0.011940262545745645,-0.05976558724078307,0.0799034935932165,-0.05092797866013134,-0.05447469102370687,-0.04858244944038783,0.027077868591069785,-0.14545857731969836,0.018718741627040614,0.0859868225370792,0.022263776029062033,-0.05069729231278551,0.008261579740914965,-0.12152642152641589,0.08846830801648825,0.1011429371234878,0.1390755357245267,0.03900068002684927,-0.03432374999673299,-0.03355982158921294,-0.1120718904840717,0.09965061744314026,0.023292867443367754
0.07021684739558288,-0.049453271731284144,-0.06430461521147408,0.03853566497928992,0.14853167827532698,-0.08599142550561077,-0.02374869484975116,0.07468381761023729,0.1485434592478865,0.05531891421705816,-0.12117648381425702,-0.08252908267982657,0.110634037589784,0.07100115545134808,-0.05338752192961696,0.05488158883886413,0.14403169010318137,0.077659815367044,0.040246658277368376,-0.11666292370441314,0.0341806982144058,-0.11933337187453427,0.15771346268014863,-0.13617343476599086,-0.012632818423339614,0.011288317925909347,0.05594590208682037,-0.031857609812785334,-0.14170797423502793,-0.0028057500263494292,-0.05236354301689618,-0.10931941136985766,0.11715700873190485,0.03259679913457045,0.029776907615108948,0.02263090310752354,0.07113608229867564,0.05964285954948347,0.07712175892246088,0.16186760210596646,-0.027501134904821183,0.11402286279045673,0.015462940483756512,-0.03765272878594542,-0.005748932171230121,0.16071413444343713,-0.20810796288771366,-0.04050054361722134,-0.07198267837239525,-0.1280588459982159,0.10953416115183486,-0.09779245361516814,-0.11842257320935466,0.07885193372142507,-0.09506779717548253,0.04164929894607787,0.10223654790200616,0.09793679962796255,0.023420948228976474,-0.18402599888496693,-0.13153727314927677,-0.1007632749060866,-0.0981856683951746,-0.01149740864653111
0.01579051048213556,0.021109433726389654,-0.08588968899725442,-0.022325968345517273,-0.09502719960179598,-0.1372734989518626,-0.0035202583683933723,0.1019722492110723,0.09958489442413605,0.12371048094697003,0.09480667765058326,0.06771466711499417,-0.13721899623411055,-0.1323100589498559,0.07902798098360009,-0.11812992611640376,-0.07156495127441632,-0.08455207307399326,-0.12192674234995872,0.04917271671802899,-0.07789859703464483,-0.07391656269533332,-0.12025740456968007,0.03895783169976719,0.008189737606503534,-0.05699561862217742,0.05502531123680233,-0.10742688923844948,0.07476975636883405,0.1360836785294476,0.19281589671496446,-0.10691426571629666,-0.09611377449353213,-0.14264068360519747,-0.0527352326438349,-0.13950052405804564,-0.02557044758610242,0.02794739859951326,0.1830626969337779,-0.08806381596516416,0.14105726448749764,0.16586334918748888,0.08157189531621836,0.14199570592006056,0.05307337756490139,0.11329363935435703,-0.07771772984729096,0.02940877738452949,0.08582181893544681,0.012684592476234442,-0.11033239770938073,0.09731349269378664,0.07278952003786944,0.11122418912801642,-0.13296766150873807,0.07072843131039512,-0.08968797537412403,0.04541494870486921,-0.14391120635532878,0.11115098843239513,-0.11631781187384338,-0.23360182051735381,-0.04132603256852326,-0.09501263514823942
0.040987328095179944,-0.11929796315252673,-0.020301142079119854,-0.09579990856402991,0.11509582844295298,-0.14740210282469135,-0.046667074830494,0.04255690181599567,0.1338144711562468,0.11920661946556403,0.12801723997514225,-0.1416079143183606,0.1104375974948855,0.09067399082806266,0.13036242910244192,-0.061037384969623264,0.13338587949045247,-0.03153813738495572,0.04343982581510193,-0.024561216547070868,-0.023437337407063715,0.015107447605433614,-0.04667064366438002,0.09482829128816575,0.043290507101685444,0.06146887814347535,-0.08712773175327646,0.15211272613151197,0.05188693589935084,-0.09808940900432991,0.08114301314055414,-0.10569601611674304,-0.14143570865677246,0.008925559552928593,0.017338379554220042,-0.10075550291697039,-0.04911564276996951,0.14440108850425012,-0.06964536950485577,-0.1115741874176984,0.15955895499438738,-0.06404051605766209,0.05839080183742429,-0.08695754143190944,0.01623610121229009,-0.036837451738597114,0.1495225184607974,-0.021766651382365245,0.0272671176270498,0.14407617022650174,0.15848100380510732,-0.12903752320281497,0.10829878862548148,-0.03818680811144903,0.030718509619850804,-0.040476528070620875,-0.032032101980326425,-0.11050860527253237,0.023571735212460154,0.015133015015431286,-0.10062909829691782,0.013518022613908835,0.15325511982902595,0.0694548389180017
-0.008502023515023925,0.1348104487095483,-0.00214623252634723,-0.12731263238899604,-0.03279231255039783,-0.056858458528596695,0.01879929707499556,0.16446670410568018,0.023346380578298083,0.05435248206438494,-0.008597598850992726,-0.08114958134022396,0.09009441077431879,0.03356346240782385,-0.18161270821239206,0.10082926243278582,-0.08558766861355345,0.1619989135422085,-0.10696388744182879,0.012203413961115229,-0.11305543508091771,-0.05973735483736675,0.09685675447458908,-0.04506260623717163,0.06651723687789189,-0.004650861302873263,0.13649466967937637,0.10130169719196344,-0.03437394036710074,0.09157619008190311,0.1609825623198604,-0.07933827469950448,0.10797859374025866,-0.03828538711947909,0.13083352577315657,-0.1273928663744808,0.043840845995585,-0.03687801462756198,0.10742536964564582,0.02931443119467966,-0.07786120230009068,0.15705748052726667,0.020121820900948873,0.21563139432495979,-0.0921803672983024,0.06309590343385252,-0.0862262693567212,0.0884823003542387,-0.13783879600258503,-0.01834836180016986,0.17236586445147437,-0.004974924942061786,0.12528738832948302,-0.06511607030995625,0.13671466098917134,0.1269933006619539,0.053526770526381544,-0.0265981460273236,0.12210238839275467,0.030679668261927404,0.08843516152210976,-0.18833674064703743,0.07100388405603367,0.09504078487625463
-0.20820143718100978,0.09048112103254587,-0.16262337742171304,0.14032978262819099,0.09182817881700714,0.02899768957196939,-0.0919941013802749,0.12429570201790269,0.04321722053445378,0.07157969145872094,-0.09534623612677924,-0.015068113447883254,-0.08428608732127903,-0.12157500244861047,-0.1868941878742199,0.024435238247890134,0.011785959334603403,-0.07511821004889412,-0.0654493688996196,0.16552986889198532,-0.11753158300803708,0.1746178705667622,0.07737689705627698,-0.19554928322138415,-0.0628400963789877,-0.03517303825876204,0.05612257513265084,-0.05064310830937357,0.11513365507922313,0.026625859237245322,-0.024662153262776612,-0.11152588358328198,-0.07259550509369617,-0.03966405104335328,0.09217443948694487,0.1398600038875561,-0.051107170555866735,-0.12041378009759594,-0.024800911590069676,-0.08079218697929869,-0.030835013094652294,-0.0029249007022535676,-0.05087229758642713,0.12252351647441784,0.1270815194795644,0.05316395112189732,-0.26476849904173183,-0.006587225210086213,-0.15184936040456382,0.04421921794178815,0.08706040731323997,0.09954058048766264,0.04913877693581012,0.10782712119203527,0.10418428628533413,-0.04776492343076052,0.09133373297676713,0.06846956000762963,-0.060579802406082676,0.09092429594902593,0.18541299427705513,-0.040326213956942455,0.09206403218556956,-0.06364660218786551
-0.13157944858390053,-0.02581714717634798,-0.08140034463897636,0.014738745782935313,0.09867980326445065,0.07718381026757866,-0.07173599100858813,-0.05737121399071569,0.14607775835258158,0.11227995315070502,-0.06066486232607863,-0.11394220764464018,-0.06907908488299737,-0.1209189765127318,-0.08542188487335403,0.09883959945574067,-0.00593109739528508,0.05798084615095167,-0.05048114305680343,-0.04137849259270099,-0.0671642317098018,0.17748244697692372,0.047332118254534254,0.05917822000757131,0.009691606486394822,-0.13626678432496533,0.10613394432873732,0.12688887808279695,-0.08034906011929974,-0.06281449912634939,-0.0770815999540296,-0.09263014468928835,0.0489399136853793,-0.06491137484461833,0.03167733052007362,-0.10166412796946718,0.0044179477472839745,-0.0726587233871634,-0.051395979063988094,0.02687133873548335,-0.11410368477237595,-0.18117367015882066,-0.03832422777687819,-0.007342998025350702,-0.09931606475939518,0.0414384572396223,0.04322186374100572,0.0493320162716065,-0.17725423287659878,0.15236953703587724,-0.10218917045750024,0.011510449072411652,-0.16117044576021003,-0.12164871458000116,0.039555688483537965,0.024158284867970073,0.02719699431875603,0.12786696328249017,-0.017815061456920092,-0.05797465836385587,0.0859642353562848,-0.04453187777249419,-0.12806056421506815,0.029364017541309278
-0.12860055992595665,-0.11231763447026362,-0.14239114354354535,0.10386427288622259,0.19502241115419003,-0.0329340360987044,0.08394625818058156,0.0088707045455392,0.18709426558149297,0.0189652455228618,0.0909875006411852,-0.06788406303372602,0.08195949975630576,0.04181235186228383,0.005379192368691369,-0.08945842878726415,0.12000223140781394,0.022733812630262445,-0.03635601888855323,-0.14654215495754694,0.08610589861868723,0.26251755141199895,0.1249971562404614,-0.11374915109350309,-0.05450239732868115,-0.09246738137084208,-0.1286371936656245,0.0038052730984867705,-0.028922622002589538,0.08533415626275816,0.09468309699806227,-0.012914637267289654,0.007082883127520125,-0.032772129225477314,0.003723407725968003,-0.10937734128802362,0.1447250348826997,0.008355903661269768,-0.0427269189556593,0.06743910435020842,0.1250794421615614,0.04483403252591765,0.05227758806249436,0.06812364903474705,0.08037442306509271,0.029797585827770458,0.14342913855541337,-0.10760232369266752,0.02733662510019479,0.04459228821560799,-0.06224824415851887,0.0030638320846897347,-0.08922693523698921,0.12071772755278395,0.014847882839636029,-0.022456625207425286,-0.13511764295097173,0.0976256742625428,-0.13763240086809572,0.03408396407032403,0.10713552444253856,-0.008795183411236732,-0.08211712357124572,0.0003023329429165681
-0.05460889862966395,-0.11834824132530537,0.005550997427826239,0.09818748938199306,0.008798322904733136,-0.0811836054767013,-0.17086004262714574,-0.15703354939225303,-0.13743250760642156,0.004889918533624656,-0.0030225102788567332,-0.11731711284250587,-0.09102339990274069,-0.12051822565076702,0.03039792520674569,0.032113663825789535,0.09169103559389505,0.1329829524102052,-0.0003346359356487089,-0.0007225140933489196,0.1342649214148847,-0.0906290586852253,-0.04517028719747159,0.10666082874602353,-0.048960801331386444,0.11638273641425237,0.004393800673143443,-0.17294886756357336,0.10446888636739829,0.10559568219929907,0.24044205060386536,0.12312258245289633,-0.05305433255619347,-0.026521679779490954,-0.1527966899398201,-0.010447776813462787,0.12001597802813588,-0.149479037465105,-0.04628557212400999,0.011381883519240564,0.016652259329256017,0.07097338582874617,-0.24271721793720177,-0.08762781518640082,-0.008911106421604574,0.12137008983336153,0.10304679390108964,0.08795260562632531,0.05911862982879775,-0.10151785482546356,0.11924568628241142,0.09908020812973128,0.08448142730421088,0.057512919401957144,0.14420433939288424,-0.021341301474130478,-0.13559441408677833,0.012211397421110121,0.05994918014210788,0.027543148852848368,0.09516890455975753,-0.10095596638930249,-0.11919696527404804,-0.15779366226875913
0.06930221489464569,0.026732733143080858,-0.0971047967637675,0.14710867793368348,0.0029123369475807888,-0.07932331178821854,-0.056374850959720696,-0.2051154621777013,-0.16364708090346042,0.14796308263548594,-0.10574253807769242,0.11514813119387672,-0.11283717428878688,-0.07372183749400836,-0.08811901226289282,0.11900368917606799,0.050056374984809894,0.09995806441802613,0.031132758090670575,-0.2113901231450992,-0.11296960414697399,-0.15887814157759775,-0.116621343387589,-0.0029811550624938973,0.15293667599151164,-0.046287123353877746,-0.028599548967676715,0.070033326394506,-0.12966014446276777,0.194787025824658,-0.005656070419799717,-0.1633447463922079,-0.04808722556531756,-0.11418228747859234,-0.22423252506740643,0.2599360216810651,-0.035111539353451605,-0.1855947950389011,0.009429390222219749,0.03087950545401781,-0.038548927161761004,-0.07959613289977407,-0.14206338053797532,-0.04393481598746922,-0.026685050583821476,-0.042794750173064236,-0.13091222243685094,0.0013757608642507647,0.30086886260852536,-0.06027536937014006,-0.02889962267739948,-0.06671168580041131,0.170839842478487,0.11798786697706015,-0.06248445601617889,-0.10844230971081449,0.12521984586809332,-0.14708200364993493,-0.08813396641051134,0.13015075562748663,-0.054666303226210605,-0.2176153787749959,-0.06010450065825678,0.18062627616870058
0.07185033841005568,-0.018063385422651564,0.06311689716636576,0.12097706083257699,0.17619100606171115,-0.048625899558310405,0.003590535510871056,0.026909942713243176,0.050662576501444886,-0.049832110362252574,0.10110848165060923,-0.05479742150095864,-0.013585925138376767,0.034751325394549726,-0.09804103264212244,-0.012197204088453395,0.10202987772086587,0.026252073958479383,0.0914933980582773,-0.042833134067706564,0.05603477153245285,-0.006730719533429144,-0.10494379855476527,0.038313716000905475,-0.08336346664822389,0.17968506139533236,-0.1066661582585744,-0.10205934718641954,-0.001028514819320798,0.1598882359182842,-0.1222452408227242,-0.134549333518994,-0.0653023398130923,-0.06503736216774089,-0.1398636428416062,0.1401723723714259,-0.03841873170400977,-0.12421706836735565,0.143256420582166,0.035322353538402546,-0.14415936869224535,0.03789170619904324,0.07530899928524332,0.016244577529447406,-0.027175663062025394,0.1413014387904006,-0.052602627205662646,0.03687466870102729,0.04476541395944181,0.038682544881268245,0.08178404746029315,0.03392935578671421,-0.10503884781637053,0.12573535028897986,-0.11551433614803326,-0.0028971001036317023,0.032050589599324344,0.0955010658296493,-0.08675066613213306,0.11812705902126784,-0.1261179905195633,-0.07253902162741103,0.08195599000672513,0.15786470324087265
0.010872798716173781,-0.1032486149419979,-0.0625381170349745,-0.09656547031628203,0.012563561206343095,-0.20961696177866776,0.14944296129699328,0.17909808105324224,0.008089938689054749,-0.03319088064127014,0.05315490226097266,0.012884748541442797,0.09442916812710644,-0.035079158349453556,-0.058135883850940664,0.04662303601452385,0.10501098801873399,0.010652226831148592,0.09036220525410256,-0.09339782811850217,0.160640874435804,0.05431933266622969,-0.06192291159207745,0.04891138096927959,-0.065016238324213,-0.06960955680546276,-0.024032539894180943,-0.11900383212640032,0.032088889479679125,0.08258682464409697,-0.11773430134125731,-0.057412122361100645,-0.07367516871086058,-0.1240972496396483,-0.27799184466730076,0.03397921444730897,0.03840619458216666,0.2940379651387728,-0.10067080339762383,0.02878934724034579,0.04054432324619255,0.13514267974691058,-0.03433616023229906,-0.007857055616442088,0.012414382406195534,0.1791412978640438,-0.0042811609946717104,0.16726887033038373,-0.1353867255744003,0.16445852373360775,0.011670394420258334,-0.03382488240369071,0.10421722764111872,0.03382344288915612,0.03559516388233683,0.015149782474243789,0.11297140744070279,0.09643765389684938,-0.11684704326880385,-0.031177499307056652,0.1901413079691269,0.010018136550242258,0.12364773157801291,0.10532266840182711
0.03242324802309694,0.051718986772071734,0.12050348102810321,0.10456231458597214,-0.03509584456936066,-0.08837151109164036,-0.05009796254737804,0.1271028771145164,0.11513628858802563,-0.05504970639319146,-0.12987844878466168,-0.05078750151460518,0.10592344476195018,0.09417374547840629,0.10905812294191575,1.797729368431169e-06,-0.02717772648551025,-0.03460209401646807,-0.02826469145772262,0.046138142522361474,-0.02482061308345998,-0.036057521148905064,-0.04634441619530431,-0.1425974649202394,-0.09277284183033152,0.013101870644534407,-0.096937311715769,-0.10468087976240592,-0.06454821720234163,-0.0064359340455192,0.182307345900142,-0.012867248682130865,0.022897052907248916,0.07913716665360333,-0.21632577662474936,-0.004489964209054094,-0.08716650917559703,0.012850239527508911,0.03609275217991144,-0.04473910771663177,0.09083966168425125,-0.12005235522708427,0.1588768696673906,0.023407536689194715,0.1448156983192637,0.10154884872388892,-0.07382217331374517,0.07065514590172499,-0.15776777779677714,0.19492937329413493,0.009034617178270041,-0.05734729014841862,0.067032368649596,-0.1557340840667569,-0.11762978746885328,0.0172980667838258,0.040635223122883105,0.17393109691147826,0.05927626075906162,0.05908916941414839,-0.06454474687963892,0.04395606242822023,0.12142005236505758,0.0021937385685558124
0.05190912987499155,-0.1039084911494163,-0.10357985213509016,-0.13674727485366428,-0.02486769345974739,-0.147422213271505,-0.06899185939131922,-0.009872562037692528,0.09216231499498424,0.019731806543102193,-0.006453693895923008,-0.005589050053456878,0.10566134691107373,0.005666380194196029,0.15412300720325792,-0.0947038393164018,0.11119787959133472,-0.008769296316819997,-0.2154600218058787,0.1138583119209307,0.15472221852102483,-0.06115777354750112,0.1177071632048593,-0.09545199250261849,0.03610961638444428,-0.15146869625521553,-0.07799149705593507,0.0491841575761893,-0.014707013176075189,-0.09695264401534898,-0.0022505499358914556,-0.13363109855867156,0.08114996135363386,-0.09483747440984336,0.11192566760688293,-0.1293052292132256,-0.09360892377655808,-0.005657966974216772,0.06255134900202351,-0.06135565322654245,-0.019114002758798,-0.05021105462642697,0.05205606058311277,-0.1495711080423364,0.10735434290480367,-0.09362202293128848,-0.1710364738590622,-0.08631289607149038,-0.22793998741390026,0.11038124812333681,0.1632968627089638,-0.1581543271924432,0.00015678444041239553,-0.05555815486658037,-0.04555644848942307,-0.04541195080569298,0.11153886217058706,-0.13012218620529595,0.09774651305200713,-0.10395955609166992,-0.03531424929770172,0.001396698728011275,-0.0029692961827551406,-0.1543714953018788
-0.035230563147756994,-0.05388802297859245,0.08562174045606404,-0.1400945703732755,0.05965034496755388,-0.07482145058885868,0.09053864121284776,-0.04598212400020504,-0.1611192852727469,0.0851527597014686,-0.079933892763209,0.00819911288203962,-0.009994748421137997,-0.05157881951809223,0.16034005597256193,0.08312148696040443,0.10305554150107167,0.14889512401514562,-0.09449896735020323,-0.17813221974733426,0.1148789108531379,-0.1017447265857003,-0.08015240151917916,0.02267567185129262,0.0035998936857975245,-0.13213781690802678,0.08189717734592628,-0.041002119920643,-0.09391706395853125,0.17154015509308584,0.18386452395289485,-0.11030550170887918,-0.09629928484514019,-0.03941656407531907,0.1369879601466362,-0.2691760798057859,-0.12313321131387621,0.15414352270244788,0.01920973764009172,-0.08548456266410225,0.1023626472758839,0.1285522804970166,0.0676505658703728,0.011091908611325793,0.11002423356576328,0.10385991399339413,-0.15248032340165962,0.06059546487551898,-0.12519155204982,0.22220805252546502,0.10598307117782796,0.11857199096091693,-0.06395877367360099,0.050500470517778034,-0.09379870404657618,0.14912022665788902,0.05679250938441804,-0.15950556305854097,-0.11903337424450545,0.048251818756965624,-0.003921357119751046,0.04825068183267,-0.03716178736007666,0.00944047391812989
-0.03198447959211871,0.011393528335316629,0.1265548287914067,0.01669716707736438,-0.14996785550438116,0.1072832362015382,-0.12757701735615734,0.11145502843774946,-0.04150253784277773,-0.01906442360458209,-0.07099060290880772,-0.105072323012683,0.09327429187366573,0.10557964393059899,-0.023366039728556526,-0.1764749974384833,0.13137380482426786,0.06719082172191172,0.011853448192797877,-0.06641674838080629,0.012787503601120027,-0.05774722655142761,0.019378489799221122,-0.03705130080779526,0.07273438123094327,-0.08782637074630464,-0.007869774118461733,-0.086862430770123,0.10864369451758973,-0.03935380703826574,-0.04344975605987394,0.07971105755288757,-0.11553640717512158,0.01677146678903801,0.1823119081001245,-0.0496354706513184,-0.08480019937408707,0.015276173078601093,0.15123268732898915,0.00918311678919357,0.06005877077865984,0.15352229585518815,-0.0385333949036049,0.10920761139718553,-0.10044706717088676,0.01865859793038535,0.041134904057721605,-0.07881426494065986,-0.1131196331337135,0.09371444044644466,0.0947908152453759,0.023368360428301836,0.1503216191595621,0.015047792550976113,0.11820959700907635,0.10109448712656317,-0.08026452806918712,-0.0679945943886864,0.02761986479884092,0.15412926264110005,-0.073943051154303,-0.015436341659861037,-0.06657024314117359,-0.12187807643673211
0.04760206874353931,-0.1487652548875655,0.042394920775122906,0.11837052466793233,0.14341298054132032,-0.021504056521943704,0.08394701124974663,0.18134529640868718,-0.11515944296968235,0.06273001465309444,0.16060093845434462,-0.07633034671229655,0.1330674115117207,-0.003147796435569118,-0.15761054052152584,-0.06639518641940091,-0.059478292494710455,-0.02670787149514478,0.022665354531202487,-0.06750232065785478,0.026000177739849126,-0.1378702518920156,0.10427443794174776,-0.04253244878339557,0.06829488251688468,0.08819312367330387,-0.10575028904337624,-0.21903676884230958,0.12761685644921567,0.10454200304915555,-0.08017488646561696,0.07934236749233979,-0.13628856985396262,-0.2271856584851957,0.09842530265015417,-0.1843118254054087,0.15032040194487623,0.10519786675411887,0.10178299618383485,-0.11564244472897448,-0.05218418210070106,-0.0006981281132713137,-0.05527877148321816,-0.06885297979493056,-0.030490015362788635,0.013757350449714266,0.06294461524179933,0.17039163722932993,0.0007614035045782586,0.06219730258862423,-0.07452942201503791,-0.07117147020552134,0.1358430382653284,0.08166315248370448,-0.12190116260326986,0.10359541918574798,0.10199340552275525,-0.1337043962525336,-0.10030300360746332,0.16331619388104468,0.01039040491945862,-0.05425053213815423,-0.030199102323700117,0.08393384901068231
0.006323491808650361,-0.011686619516083949,-0.13664507204896928,-0.02928735581412947,-0.11131548246013044,-0.037849038565093265,-0.02508651703760164,-0.023511583205935174,0.1879318123398111,0.0017346637147065253,-0.005707908159774902,-0.12862582692456545,0.06233455682526059,-0.13187636800216854,-0.016962238217708654,0.025780360612206572,0.08299885326297358,0.06925264113643444,-0.15028182247457886,-0.010215488492703532,0.019554257078922232,-0.07042010585222798,0.03616094829872555,0.07346262490819712,0.02920927479432517,0.12087293571347657,0.054029181650969024,-0.002222125708394717,0.028444944053349484,-0.05152366141825756,0.19772141903698243,-0.025669878514884982,0.046975552220959116,-0.16511343919070565,-0.012819654107841692,-0.06641778177708356,-0.08814702215578366,-0.05724172958089371,0.01794695665178236,0.008447175894272902,-0.13683420002577604,0.004609991416768748,0.06523254460335393,-0.042845418393313614,-0.03904253626031818,0.04171810332391436,0.00798903000407701,0.0809769331024767,-0.11257178727887288,0.0382004325822786,0.14865934348310533,0.11991131518786441,-0.01189570572464005,0.06268676575801645,-0.017142063348333004,0.1453481740680989,0.060139102750259195,-0.031021864648553447,-0.055476620392452325,0.09225159017938793,-0.09704228913729736,-0.2074064439987655,-0.0007670186905867961,0.01187647965156479
-0.09152016341554997,0.06632606042368902,-0.1777038854795135,0.03974210162871525,0.1928433736248509,0.005491307547857459,-0.06110025623762551,0.18302505876293282,0.08081783675978545,0.07952469998229642,0.10593695013366317,0.10266837716720455,0.056309766031834456,-0.03499794406168165,-0.15308310266310582,-0.028781374316843925,0.04447463309613469,0.0038637175788764533,0.06821634842500417,0.00423636635020287,0.028058494973587117,0.1676713767192806,0.17133723916085014,-0.15379488573719197,0.02981251225501286,-0.15520177308812663,-0.13227706234274336,-0.014233718953969205,0.08616507315732388,0.0417358474777937,0.007984530630739391,0.045254920531807845,0.016554989413340992,0.023167397557764667,0.10553578714698623,-0.2072526314115034,-0.10800583042739721,-0.18959735820107554,-0.03405145709775185,0.020440136430512748,-0.08364738528654646,0.1466311361748071,0.020571820056186033,0.19485647687130395,-0.12504738657909703,-0.11465407955854197,-0.11706180173203296,-0.11707600457550525,-0.03609561122735722,8.964662658950502e-05,0.1507946555507325,-0.05908858171977685,-0.045560799282804466,0.10242519566171517,0.14820075574874983,-0.01543560749280389,0.10150046032660225,0.008090408763833632,-0.13453334068635797,0.06979738002777523,0.01075100828419141,-0.01409876797795674,0.035249905690002956,-0.0016131369447086336
-0.11277767924005933,-0.04562076296967405,-0.001214729566638203,0.029372409254301443,0.1415022961181487,0.10590391010544126,-0.04675191844645219,-0.000926255565088451,0.13879467113792698,0.14516586617704788,0.030704854927399466,0.036316895789951106,-0.06914805438446635,-0.002226113567075194,-0.11691980137648077,-0.04838740605323598,-0.09707129936659774,-0.053260085113579325,0.06275586526853316,0.020279153980607017,-0.12093989745028667,-0.07527630524060973,0.04729299345897327,0.05406264059196321,-0.09600257533707769,-0.19430214262548318,-0.10521769262957878,0.1299969541196043,-0.16612735886226782,0.02737131377737412,0.04808794503594102,-0.14003350276426582,-0.019890087481905176,-0.011681683107319304,0.09489908182820739,-0.11344678596450983,0.04260551795906333,0.015901323904655127,0.022527028435054993,-0.04041253979159238,-0.002971505312040522,0.14406889866582734,0.11267207273520867,0.06967964156920999,-0.04964691214145135,-0.006799321717925574,-0.0481172931355274,0.06510740974888747,0.0824510700013813,0.08682364961846717,-0.018636965642850913,0.032207212420965546,0.14424244260282484,0.15179306210152732,0.049559155675564084,0.035742247842826674,-0.021169556832690735,-0.03534460869069887,-0.10488736596022499,-0.02736815039776655,-0.07294616328581845,0.05586384457258829,0.08150092531226273,0.04401214577899693
-0.17633773260546662,-0.1329121432516141,-0.15218926607587113,-0.10895389158611264,0.23993970469896744,-0.058313251258415404,-0.12429380502549323,-0.15345333876380948,-0.0495352846772559,0.05549251687606923,-0.043539493730528886,0.07009622131306718,-0.035292809510109005,-0.07926207580713579,-0.11006492591199941,-0.04099197857657421,-0.06067401104327843,0.15980793778649247,-0.12360429727760613,-0.0874704417171265,-0.03811070797119254,-0.05498661184122203,0.11637462352906608,-0.1072166978094375,-0.011887471922719486,-0.01051272016780414,-0.14376807239582987,-0.14979877495598481,-0.0016876361541398588,0.07663494209388422,0.0339325778299707,-0.08010988198652669,-0.11236051039305804,-0.026368255369468272,-0.1515422490635637,0.06023072794911497,0.089794686398575,-0.07975082755753778,0.0679103880492184,-0.01172897792889855,0.07837468760783481,0.14352372680751266,-0.18018209280259792,0.03331194008262312,-0.20683179985533545,-0.06604387234949399,0.07273017833795989,-0.07578124119411234,0.12503028243553488,-0.008931513993363447,0.13533691073142196,-0.045094027176039844,0.15085548569751459,-0.0071116051936840514,-0.10779206516736296,-0.03440069782110389,0.022015184467191088,-0.07874578202761384,-0.10466496011447023,0.002568752671660794,0.023872236484108043,0.15471570244489025,0.0820981014641899,-0.21011022940131335
0.07009518521788968,-0.020590580819536596,0.05387866192152811,-0.10752058680098175,0.008676811432014002,-0.19853579195618673,-0.15440244513272405,-0.07080697967719417,-0.13418057832815433,0.04611837170987381,0.06367039980025954,-0.021877534190566386,-0.05498558652906205,0.05636665587263378,-0.006942128235009406,0.05808001686078298,-0.1314551436967935,0.14727103464462116,-0.03856376268768332,-0.09783028238746805,0.08990646014718928,-0.1410891610940156,0.03668994628642431,-0.07203808934692957,0.0010869387441143734,-0.0498835817199632,0.0109979169900497,-0.06377496123420909,-0.05009703117422548,0.17955431448688006,-0.08987648492477483,-0.09257059086757362,-0.016132742146096512,0.05645860212582881,-0.1320992896232647,0.14371821063682802,0.0177694616014911,-0.20619137215869723,0.11171463429731608,0.18623460517973278,-0.07993756417972658,-0.04271282680352514,-0.195487274277438,-0.21688069951303848,-0.005218442435355728,0.030147415138393713,-0.02434487444595397,0.04951726613672552,0.234017251472657,-0.0810131113238799,0.07373172945193845,0.1852037627693207,-0.06558044647659045,0.12126302304642496,0.04558232806049998,-0.17608582410143445,-0.10762362874850644,0.03229278913205451,-0.08831677485382966,0.05549842142482263,-0.08133522150801677,-0.0025894228275795544,-0.02385181665242754,-0.16788841421410217
0.15460172979228584,0.0648426530210427,-0.14926264507351492,-0.05965780775818241,-0.04876561511740002,-0.047135616535708275,-0.1316457530320175,-0.1400194419377097,0.03025294885279865,0.009046644491752244,0.04770286484503753,-0.17337562381963206,0.02580353084031294,-0.12307681757958819,-0.0493256283723334,0.14042713224149875,0.060054774677918976,-0.057304182608175824,0.0328685609475608,-0.2246920891696863,0.029432275764214824,-0.027647346338461866,-0.06880502734246197,-0.17407612436650036,0.12750954146675056,0.06270329034559155,-0.22001155580292123,-0.10821853804857741,0.04432947552119935,0.1676913903620891,-0.07228705190605955,-0.1345056634190761,-0.067524880907849,-0.152189899187425,-0.16291399959212172,0.19636964673153967,0.12505061711971538,-0.11935163772159753,-0.04663995570043135,0.12536736831805737,0.03330355800589276,0.1566086172244104,-0.06338438673454529,-0.18017227440358805,-0.17951908422721957,0.08228872975951977,0.03660083094752877,-0.10489691588608428,0.026157706174681133,-0.09514815479039444,-0.08270369083671653,0.12376873177498038,0.08646508134598725,-0.12604525226197594,-0.09608113447561326,-0.162885375414424,0.01633516910950032,0.003788828953569778,0.09123671228311461,0.0985606266642246,0.010733819550408193,0.11784456197698143,0.06635575526201302,-0.14756244109844077
0.06414260736945375,0.012933585646048273,-0.03721058229253774,-0.138707201942884,-0.0873911570508102,-0.1118442824068103,-0.06234699175059747,0.08927543955272368,0.0614055378817348,-0.04857529889027061,0.05865566599379429,-0.09028244096000082,0.031123225532423637,-0.05490697945264809,0.042597067046900534,-0.05617951895735297,0.12011137510055767,0.16926335747430327,0.112555924575887,-0.21969764648157514,0.008077524216255284,-0.01972282970378939,-0.1282108417914783,-0.022333693998232984,-0.10470289755501944,0.02759995102047302,-0.1055305252525435,0.1033907364484496,-0.09455116962460769,0.024888462131396144,0.11148097487563673,-0.02633503828969456,-0.2205852178764526,0.06302063919186215,-0.018267414738861964,0.09767336009854899,0.09564916836387354,0.04650973439253039,0.07954065618625265,0.12238062209185199,0.1467939152627351,0.07601307857210896,0.050743729435828645,0.056155801983094916,-0.09835584899884808,0.16104323722801833,0.15075750237730356,-0.04235343228334104,0.00023106066984329463,0.14206690746496053,0.008123248111151869,0.029373937145879995,-0.02449327123334126,0.08812108591334593,-0.08111782223299287,-0.04252024850067749,0.020824005602557413,0.20761704398378636,0.04286020487037164,-0.10554327874127412,0.002275600107858795,0.11398647903200781,-0.08082178209811441,-0.1577654399628974
0.13071099369341863,0.19473624617730406,-0.026917533278847085,-0.19931012175035248,-0.09828763040247229,-0.0835833876788828,-0.01943570582027978,0.07376563651869739,-0.007155941057260521,-0.08220910463919733,0.12363156518413018,-0.15946835062992534,0.0865625086857751,0.10615749144330408,0.05766763451899762,0.12539313412765876,-0.08751344272672865,-0.04863528148836866,0.09705126265862953,-0.08404391563211656,0.003377298818388174,0.11244376097413797,-0.183499264365424,0.04709039578252036,-0.055851033619145264,0.05111341650454704,0.02744772458324841,0.039670638384689885,-0.01680742125587486,0.18106684907180073,-0.09557099636459196,0.07006158696567896,-0.10575768306494215,0.08611231971225433,-0.12344191548127367,0.07528202405480394,-0.15233842795518587,0.2693210485070415,-0.13499403062227036,-0.0517259328157706,-0.11439857756506995,-0.1070168506776788,0.025992179107322523,-0.0215838545960722,-0.1641759062883447,0.07199902016176787,0.2066649196568169,0.058903662950389055,-0.07469378023510961,0.19470467696161145,0.1423328268300405,0.19897513910749473,0.06746688967519159,-0.03028473730831844,0.11037295462584103,0.15336587880992425,-0.17957742445521463,0.19989321011652014,0.10920076196672626,0.024132342495706397,0.0059428569658165845,0.1280399179132875,-0.05551215349463314,-0.07269702759882285
0.08119844874494028,0.1093873775989918,0.14732523909495643,0.0664101076778263,0.029415327996651704,0.030178744738180597,-0.061865309490164694,0.07364057167943597,-0.04482073962451015,-0.03904689694316238,-0.07471940903371953,-0.06084542964021695,-0.10586008920594887,-0.018634427181565997,0.16295116319270286,0.09650766926701307,-0.10533507103881666,-0.04159466354578036,-0.09999520348261277,-0.11403304664358456,0.15192384085896732,0.09998447294864134,-0.18962278819956987,-0.07399830041917747,-0.06171330436770717,-0.051628642015256646,0.1075242272655524,0.07616990071189515,0.09537345964177166,0.13888826675312596,-0.007763775047545345,-0.10364002381095681,-0.08848045987093844,0.0487598299108919,0.1255034422879934,-0.0195080628831211,-0.1265198439422698,0.0330585657249107,-0.125055841717492,-0.06909241501469214,-0.03322164760523604,-0.01231742936580128,0.043408448874283904,0.0776395882505395,-0.17487757377836965,-0.048688668790632154,-0.08543588692035295,-0.09890553193954467,-0.10651849147745908,0.08988659642652587,-0.027207401666563855,0.02831771844375621,0.0856845425320254,-0.03747597550248428,-0.010745827711579966,0.09899181795612895,-0.03555966194435608,-0.06611135521661021,0.11047701659271349,-0.053696733135035715,0.16083884140591,-0.08267576051212477,0.105614909613733,0.029331247921269666
0.05426805459953817,-0.13639877875252415,-0.10183923508252399,0.058907862866742565,0.055475077161800626,-0.03428103063187033,-0.09676577782569315,-0.08908488231052145,0.0760342626207372,-0.06504071572232123,-0.11131274702321348,0.09783678468344917,0.004895334804381971,-0.16903248790286698,-0.12479370412342877,0.008423872833963394,-0.18092013625676887,0.13719739309681533,-0.07447460096772103,-0.16210951985587257,0.09244760203396916,-0.06805848020995502,-0.07659364214764496,-0.04859755757010087,-0.20907947817971625,0.04750046285612131,-0.08618343712242756,0.021509714138082437,0.05249094919057352,0.09642929905991719,0.14223325579439236,0.02756909921938782,-0.028750834961210045,-0.09603171135725767,-0.0364317852503384,0.02210344854480486,0.09387667997098391,0.04303783916260613,0.16602247245764973,0.04346883009297362,-0.022027398931782915,-0.09978442335059322,-0.07583431349015729,0.07724287132898766,-0.15978367773237764,0.03474510849362878,0.10091373204921748,0.09424372248456085,-0.03762359986957283,0.018321881032894227,-0.11337342483883435,0.16074962392290845,0.18836633195698185,0.07808929169322502,-0.11576361433636388,-0.04867722715920056,-0.12205199584139538,-0.12444848979885825,-0.07664685397344496,0.09060023205724449,0.04635476852156051,-0.20882650469191183,0.10563541817478297,-0.14740664866856212
0.14977725914434134,-0.06056612926831189,-0.07772780653444793,-0.17445459890297849,0.11245511415911467,-0.028370349714724956,-0.10010110986945306,-0.06660518687752058,0.019068718332183196,-0.01711193629869322,0.19598091306426393,0.15011868356313843,0.04530965015308086,0.13465411555374254,-0.1469332747180693,-0.12600550899492963,-0.058908079928828516,-0.08978443214394262,0.15166180427000805,-0.18734599116930187,0.16729035899982528,0.0606240954006359,-0.08606521000084814,-0.1887355869630953,-0.20870415258415223,-0.12018686897555537,-0.04064914600502121,-0.056565516206037926,0.05416823076151281,0.18850288939507295,0.02189273517942883,-0.12073764592375161,0.10016048772060164,-0.07609043570464914,-0.007560056482617714,0.011580720081709447,0.16276335676518908,0.17836398972496514,-0.08327493731404068,0.025168845559258628,-0.14533419613357795,0.194241724524799,-0.13906959335552138,-0.06620089222537931,0.08833262702807532,0.18550215083685317,0.040982614857051826,-0.09626204292255235,-0.0345920609858596,0.14344637920054815,0.05095652007561772,-0.062023059972829774,-0.06351740295205585,0.140234850021208,-0.0017784502804675056,0.09660315828276998,-0.07905605555963771,-0.10193693589413189,0.11397206638618117,-0.028720745062315818,0.09431710711451075,-0.09174881656433866,-0.09005672802118513,0.056629318118421645
